watershed,date,Q (L/s),pH,Ca,Mg,K,Na
P301,10/16/03,0.45,6.28,346.62,70.69,27.09,152.24
P301,11/4/03,1.28,7.75,290.38,58.92,32.74,136.93
P301,11/8/03,2.22,7.5,254.35,55.71,42.12,133.32
P301,11/9/03,8.15,6.86,247.97,50.52,43.05,136.1
P301,11/10/03,2.35,7.47,250.01,53.49,30.13,138.97
P301,11/11/03,1.67,7.44,263.09,53.9,27.29,139.02
P301,11/11/03,1.67,7.38,266.23,54.23,28.54,140.32
P301,11/12/03,1.46,7.4,280.25,54.97,26.32,136.84
P301,11/26/03,1.35,8.1,266.28,52.33,22.81,132.06
P301,12/7/03,9.66,7.1,230.55,43.45,30.67,124.88
P301,12/7/03,9.66,7.14,241.53,49.7,27.19,124.84
P301,12/7/03,9.66,7.16,207.99,43.78,41.03,124.79
P301,12/7/03,9.66,7.29,201.21,40.81,33.79,122.58
P301,12/7/03,9.66,7.01,200.11,41.31,30.1,122.58
P301,12/8/03,2.62,7.19,222.57,46.25,24.37,129.67
P301,12/21/03,4.37,7.93,206.4,43.78,25.81,120.92
P301,12/22/03,2.92,7.46,215.73,45.42,23.91,128.88
P301,12/24/03,24.1,7.13,167.62,36.21,36.88,120.62
P301,12/24/03,24.1,7.53,216.88,46.57,42.51,133.88
P301,12/24/03,24.1,7.09,169.07,36.12,35.4,117.66
P301,12/24/03,24.1,7.9,213.98,47.4,36.19,127.01
P301,12/24/03,24.1,7.29,163.68,34.4,31.31,106.26
P301,12/30/03,4.79,7.37,194.07,40.81,22.74,117.01
P301,1/12/04,4.34,8.05,208.24,43.45,23.2,128.19
P301,1/20/04,3.97,7.65,207.25,44.27,22.76,126.1
P301,2/4/04,3.63,7.44,228.35,46.33,22.33,125.49
P301,2/4/04,3.63,NaN,247.17,49.54,21.97,131.97
P301,2/16/04,6.64,6.74,213.68,42.71,24.32,113.92
P301,2/16/04,6.64,6.79,220.77,44.19,23.51,117.53
P301,2/18/04,6.76,7.22,212.69,42.87,23.04,111.87
P301,2/25/04,13.89,NaN,195.82,40.32,24.76,103.52
P301,2/25/04,13.89,6.79,184.69,36.04,25.68,92.04
P301,2/25/04,13.89,6.8,201.21,39,28.11,99.74
P301,2/25/04,13.89,NaN,196.17,39.99,27.65,102.7
P301,2/26/04,17.45,NaN,203.55,42.13,23.3,108.92
P301,3/19/04,26.4,7.26,191.78,36.62,20.54,98.61
P301,3/19/04,26.4,7.14,197.76,38.26,21.33,102.57
P301,3/20/04,27.26,7.15,187.09,35.8,22.97,97.43
P301,3/21/04,27.51,6.69,215.68,52.42,22.76,105.92
P301,3/28/04,20.89,7.31,202.01,38.84,20.79,101.04
P301,4/1/04,19.48,7.05,192.72,37.03,30.62,96.74
P301,4/1/04,19.48,NaN,204.2,39.33,20.82,99.22
P301,4/7/04,20.04,7.36,201.31,38.02,20.49,102.57
P301,4/15/04,15.82,6.89,208.44,39.66,20.36,105.13
P301,4/15/04,15.82,6.89,207.99,39.5,20.51,105.87
P301,4/17/04,15.06,7.36,205.7,39.09,19.87,105.65
P301,4/20/04,14.3,7.22,210.99,40.16,20,109.22
P301,4/23/04,12.98,7.25,194.62,37.52,19.28,102.09
P301,4/27/04,11.9,6.96,204.75,39.5,20.46,105.61
P301,5/4/04,8.25,7.19,218.27,42.05,21.28,111.61
P301,5/11/04,6.79,7.07,217.58,43.12,20,111.05
P301,5/20/04,5.43,7.4,224.96,43.78,19.98,113.44
P301,5/26/04,5.07,7.38,228.3,44.68,20,115.79
P301,6/9/04,3.9,NaN,246.07,48.06,21,121.71
P301,6/22/04,2.93,7.16,255.5,49.95,25.12,128.01
P301,6/23/04,2.84,NaN,233.64,42.05,20.03,123.23
P301,7/9/04,1.82,7.37,270.57,53.65,24.45,131.84
P301,7/28/04,0.9,6.87,293.33,58.92,26.98,137.36
P301,8/13/04,0.46,7.03,307.5,63.44,27.01,142.5
P301,9/1/04,0.22,6.91,384.6,79.98,30.44,159.94
P301,9/30/04,0.15,6.89,412.3,86.4,30.39,154.55
P301,10/17/04,0.5,7.12,323.72,69.04,54.38,166.9
P301,10/17/04,0.5,6.95,359.25,85.91,55.58,171.25
P301,10/18/04,1.45,6.74,273.37,56.61,34.76,149.2
P301,10/20/04,12.11,6.97,207.2,41.39,37.27,127.1
P301,10/31/04,3.81,7.39,207.25,42.54,43.25,129.14
P301,11/7/04,3.71,7.45,207.15,42.79,23.84,131.97
P301,11/10/04,3.96,7.19,201.36,40.24,20.79,119.57
P301,11/22/04,2.94,7.03,212.93,44.02,113.2,126.49
P301,12/10/04,3.52,6.51,209.19,43.86,21.38,122.71
P301,12/20/04,3.01,7.05,212.93,44.27,20.54,129.84
P301,12/28/04,5.16,7.11,208.39,43.78,21.79,115.31
P301,1/6/05,3.48,7.2,233,48.88,26.88,134.93
P301,1/12/05,20.08,6.72,224.51,46.57,23.07,119.18
P301,2/10/05,11.48,6.97,236.39,48.63,22.18,129.01
P301,2/20/05,21.39,NaN,229.45,47.15,22.28,127.01
P301,3/3/05,19.43,7.39,240.63,49.78,22.28,125.84
P301,3/15/05,33.74,7.21,214.43,43.78,19.57,111
P301,3/19/05,46.51,6.93,216.23,44.27,26.22,109.79
P301,3/22/05,136.04,6.85,183.89,39,27.01,81.73
P301,3/29/05,54.6,7.17,210.19,43.45,20.36,107
P301,4/4/05,51.61,7.1,206.85,42.79,19.9,107.53
P301,4/7/05,55.84,NaN,205.5,42.38,19.28,104.35
P301,4/11/05,49.35,7.1,213.98,43.12,21.46,107.57
P301,4/12/05,50.66,7.03,220.22,43.61,20.56,108.48
P301,4/17/05,65.42,7.16,203.4,40.73,18.57,101.78
P301,4/20/05,57.43,NaN,207,40.98,19.16,103.39
P301,4/23/05,59.76,6.87,202.8,40.49,17.98,101.26
P301,4/24/05,61.43,7.11,202.06,40.57,18.34,101.17
P301,4/26/05,61.32,7.11,208.24,40.81,18.59,102.74
P301,5/1/05,84.93,6.47,170.52,35.8,20.36,90.08
P301,5/2/05,84.43,6.88,178.4,37.19,18.7,96.74
P301,5/2/05,84.43,NaN,185.84,46.66,20.61,96.56
P301,5/4/05,86.89,6.88,175.86,36.54,18.85,97.43
P301,5/5/05,157.26,6.96,161.19,35.3,19.23,79.25
P301,5/9/05,238.68,7.04,156.64,34.73,21.64,70.2
P301,5/9/05,238.68,7.01,160.54,34.97,18.06,80.6
P301,5/10/05,128.5,6.9,170.52,35.55,19.62,83.91
P301,5/16/05,237.7,7.28,153.8,33.41,21.13,70.07
P301,5/17/05,135.18,7.27,164.68,33.82,19.36,81.82
P301,5/22/05,120.51,7.26,157.99,32.09,19.69,85.6
P301,5/26/05,98.31,7.05,165.43,33.98,19.21,89.26
P301,5/27/05,92.42,NaN,175.01,36.78,20.18,90.39
P301,6/1/05,61.05,7.06,197.66,42.79,18.72,100.74
P301,6/2/05,57.39,6.76,191.08,39,18.21,98.39
P301,6/2/05,57.39,NaN,199.11,41.97,20.64,104.57
P301,6/3/05,52.62,NaN,201.06,43.2,20.69,107
P301,6/7/05,41.08,6.92,196.52,40.16,18.16,107
P301,6/16/05,30.86,7.11,226.71,46.99,19.18,117.66
P301,6/24/05,24.41,6.91,235.59,48.3,21.25,128.32
P301,6/30/05,19.48,7.05,246.02,50.44,21.66,127.4
P301,7/21/05,10.11,7.04,278.96,57.03,25.96,143.45
P301,8/3/05,6.64,6.83,292.01,79,85.12,147.63
P301,8/18/05,4.59,7.04,305.06,65.09,26.42,151.81
P301,9/6/05,2.87,6.75,309.6,64.68,26.24,155.5
P301,9/27/05,2.7,NaN,277.23,83.11,88.21,151.17
P301,10/27/05,2.65,7.02,244.87,58.18,34.38,146.85
P301,11/16/05,2.47,6.97,230.1,55.63,24.78,147.06
P301,11/29/05,4.18,7.11,207.4,50.03,26.37,140.54
P301,12/1/05,11.38,6.79,105.19,24.44,38.62,107.7
P301,12/2/05,37.56,7.12,138.88,30.2,31.92,96.48
P301,12/2/05,37.56,6.83,118.52,25.59,36.01,88.6
P301,12/2/05,37.56,6.82,120.71,26.33,34.17,86.65
P301,12/2/05,37.56,6.9,124.11,26.91,33.33,87.52
P301,12/12/05,3.35,6.82,172.76,45.92,23.66,136.58
P301,12/21/05,9.75,7.02,178.65,42.46,23.86,126.23
P301,12/27/05,11.19,7.06,180.05,43.04,24.5,126.23
P301,12/31/05,251.61,6.64,91.12,20.57,27.88,55.76
P301,1/2/06,209.55,6.95,105.34,24.85,23.97,62.11
P301,1/24/06,14.9,6.99,160.99,39.25,22,119.44
P301,2/6/06,14.94,7.23,192.42,43.12,21.87,118.05
P301,2/21/06,13.52,6.91,177.2,42.62,21.02,118.05
P301,2/27/06,50.24,7.19,181,38.1,22.66,113.44
P301,2/27/06,50.24,7.27,138.73,31.43,21.15,86.04
P301,2/27/06,50.24,7.23,129.5,29.29,20.97,78.95
P301,2/28/06,193.44,7.22,136.13,30.69,21.05,72.77
P301,3/1/06,59.47,6.98,154.5,33.74,19.98,91.95
P301,3/7/06,31.43,7.07,162.98,37.52,19.67,105.52
P301,3/14/06,22.8,7.56,160.69,35.05,14.32,87.82
P301,3/29/06,42.56,7.43,192.87,42.38,20.38,110.35
P301,4/3/06,178.17,NaN,173.31,38.68,20.26,93.43
P301,4/4/06,306.21,NaN,146.26,34.15,24.37,64.29
P301,4/4/06,306.21,NaN,138.83,32.34,24.35,58.72
P301,4/5/06,150.15,NaN,159.69,36.78,23.04,77.25
P301,4/12/06,95.73,NaN,176.71,39,21.23,95.61
P301,5/2/06,180.05,6.65,152.7,33.74,20.82,80.73
P301,5/17/06,87.58,6.88,162.28,35.14,19.46,89.04
P301,5/31/06,41.16,6.71,183.34,41.39,19.77,106.31
P301,6/14/06,25.08,6.78,213.33,46.08,19.54,114.88
P301,7/12/06,10.4,6.74,244.17,51.68,21.87,133.62
P301,7/23/06,10.13,7.13,256.6,56.37,52.84,130.19
P301,8/17/06,3.49,6.65,234.14,46.25,20.23,116.62
P301,9/18/06,1.88,6.53,276.51,59.49,27.34,148.46
P301,10/1/06,1.93,6.78,275.21,61.39,33.1,152.94
P301,10/2/06,2.23,6.62,268.78,59.66,33.89,153.11
P301,11/14/06,3.09,7.03,262.69,58.34,33.2,147.76
P301,11/29/06,1.64,6.53,251.36,56.86,25.14,137.93
P301,12/12/06,2.27,6.91,244.97,54.64,27.75,136.19
P301,12/12/06,4.86,7.09,230.8,50.77,30.21,131.54
P301,12/13/06,3.11,6.41,240.68,52.5,27.78,134.58
P301,12/13/06,3.21,7.14,236.24,52.83,28.03,133.19
P301,12/26/06,2.76,7.34,234.29,47.48,26.96,133.75
P301,12/27/06,3.76,7.23,229.7,46.16,25.3,130.06
P301,12/27/06,5.97,7.37,217.48,43.45,28.95,122.01
P301,1/4/07,3.48,7.19,227.71,53.4,25.42,130.06
P301,1/4/07,9.19,7.26,200.96,47.48,28.36,118.53
P301,1/4/07,7.25,7.3,206.7,48.3,25.91,122.36
P301,1/5/07,3.55,7.22,223.07,51.68,24.07,131.93
P301,1/9/07,2.54,7.18,231.9,54.39,23.91,135.32
P301,1/25/07,2.18,7,220.72,47.73,22.43,133.19
P301,2/8/07,2.61,6.42,224.71,51.68,23.17,137.84
P301,2/10/07,7.85,7.32,201.11,44.85,27.88,125.49
P301,2/10/07,3.41,7.28,221.47,51.59,23.99,136.54
P301,2/10/07,7.88,7.31,200.56,43.94,25.35,126.05
P301,2/10/07,10.47,7.27,200.61,45.59,28.31,125.01
P301,2/10/07,20.93,7.28,182.05,38.76,27.78,115.53
P301,2/11/07,57.44,7.21,170.17,36.21,26.27,106.39
P301,2/13/07,7.08,7.05,194.72,42.95,22.58,122.18
P301,2/21/07,4.83,6.94,207.69,49.54,22.74,130.19
P301,3/7/07,6.44,6.91,206.95,42.87,22.76,127.23
P301,3/20/07,15.39,6.85,192.42,39,22.23,113.01
P301,3/20/07,24.63,6.98,178,38.1,24.4,100.87
P301,3/20/07,20.55,7.16,182.34,38.1,22.99,105.52
P301,3/21/07,15.76,6.97,186.29,41.39,21.79,106.35
P301,4/3/07,10.53,6.76,195.02,37.28,20.74,113.44
P301,4/17/07,6.66,6.72,206.9,39.09,21.15,121.4
P301,5/1/07,5.71,6.94,209.14,42.3,22.69,127.53
P301,5/15/07,3.59,6.9,227.36,44.44,23.27,133.41
P301,5/30/07,2.39,7.22,246.97,51.35,25.01,141.89
P301,6/11/07,1.84,6.38,250.01,53.82,24.45,140.32
P301,7/18/07,0.42,7.21,309.4,67.48,32.46,169.12
P301,8/8/07,0.13,6.67,413.24,92.66,35.32,181.12
P301,9/13/07,0.13,6.47,455.56,101.21,35.07,184.47
P303,11/4/03,1.31,8.17,403.41,100.64,32.33,177.86
P303,11/8/03,1.92,7.75,333.85,86.48,45.27,153.28
P303,11/9/03,2.51,8.45,318.43,76.36,39.03,141.1
P303,11/12/03,1.35,7.3,402.37,99.57,32.84,179.12
P303,11/26/03,1.41,8.24,397.52,98.5,29.18,175.9
P303,12/6/03,1.5,7.64,303.16,90.02,31.1,180.25
P303,12/7/03,3,7.09,376.72,93.89,36.93,167.81
P303,12/7/03,3,7.78,370.53,91.67,33.22,151.48
P303,12/7/03,3,7.98,296.82,73.4,39.67,135.15
P303,12/8/03,1.68,7.51,374.12,92.82,30.36,179.73
P303,12/22/03,2.47,8.18,338.59,86.4,29.69,164.55
P303,12/22/03,2.47,7.12,329.71,83.93,30.28,159.33
P303,1/12/04,4.3,7.59,289.44,73.98,26.27,147.41
P303,1/20/04,4.1,7.82,292.53,75.13,25.99,149.11
P303,2/4/04,3.96,7.24,314.59,78.67,26.4,148.37
P303,2/4/04,3.96,NaN,303.76,83.77,26.73,159.24
P303,2/16/04,8.06,6.79,288.44,71.43,26.8,138.19
P303,2/18/04,8.78,7.17,251.16,62.21,25.09,119.62
P303,2/26/04,25.91,NaN,267.08,71.1,30.15,138.71
P303,2/26/04,25.91,6.82,286.74,73.24,35.19,134.1
P303,2/26/04,25.91,NaN,269.67,72.08,32.64,138.71
P303,2/26/04,25.91,NaN,266.33,71.01,31.41,139.23
P303,3/1/04,8.95,NaN,280.4,71.67,24.55,144.28
P303,3/28/04,16.41,7.34,245.47,59.82,24.12,117.09
P303,4/1/04,13.88,6.84,248.67,60.98,23.91,117.44
P303,4/2/04,14.12,7.49,253.16,62.04,24.84,120.62
P303,4/4/04,13.42,7.53,252.26,61.55,24.25,120.36
P303,4/7/04,11.92,6.91,257.45,62.7,24.99,124.79
P303,4/15/04,8.91,6.64,283.95,66.82,25.41,131.58
P303,4/15/04,8.91,6.64,274.66,66.65,25.83,131.84
P303,4/16/04,8.78,7.31,277.26,66.98,25.81,132.27
P303,4/20/04,8.77,7.08,275.36,66.82,25.22,131.36
P303,4/23/04,7.84,7.36,263.49,65.91,25.65,140.54
P303,4/27/04,6.56,6.71,267.68,66.9,26.5,130.19
P303,5/4/04,5.43,6.9,281.4,69.94,27.06,135.02
P303,5/11/04,5.03,6.9,287.34,71.75,26.5,137.19
P303,5/20/04,4.34,6.87,295.57,73.32,27.21,139.89
P303,5/26/04,4.12,7.08,299.92,74.8,27.85,158.11
P303,6/9/04,3.41,NaN,313.49,75.05,27.44,156.72
P303,6/22/04,2.55,6.91,342.48,84.92,31.48,177.86
P303,7/9/04,1.8,7.05,384.15,92.08,37.32,188.78
P303,7/28/04,1.29,6.99,385.3,94.96,34.66,185.95
P303,8/13/04,1.22,7.02,389.94,95.45,33.61,197.39
P303,9/29/04,0.88,7.11,384.65,95.04,32.46,193.95
P303,10/17/04,2.56,7.24,421.33,110.51,92.64,180.21
P303,10/17/04,2.56,7.17,387.74,100.39,57.42,162.24
P303,10/18/04,2.48,6.68,410,105.99,38.57,186.12
P303,10/20/04,6.18,6.38,337.64,84.26,36.37,157.72
P303,10/29/04,2.02,7.59,398.37,101.63,52.13,187.78
P303,11/10/04,2.7,6.94,374.72,95.87,30.46,182.08
P303,11/11/04,3.01,7.52,358.95,92.74,35.4,168.9
P303,11/22/04,2.09,6.81,368.68,95.29,44.02,176.51
P303,12/10/04,2.37,6.74,352.86,91.17,28.44,166.72
P303,12/20/04,2.2,7.12,347.27,88.95,27.34,169.38
P303,12/28/04,4.24,NaN,315.24,80.64,26.91,149.02
P303,12/28/04,4.24,NaN,325.12,82.21,26.42,152.94
P303,1/6/05,3.34,7.14,354.81,91.83,28.83,170.6
P303,2/2/05,15.28,NaN,273.22,72.33,34.45,134.75
P303,2/10/05,11.2,6.78,280.4,73.98,24.17,139.28
P303,2/22/05,39.03,NaN,248.91,63.53,22.43,111.57
P303,3/3/05,22.99,7.07,260.14,69.04,24.89,127.93
P303,3/15/05,44.53,6.77,217.53,54.97,20.13,105.35
P303,3/22/05,219.14,6.95,220.37,56.86,21.66,104.52
P303,3/22/05,219.14,NaN,184.59,46.82,24.09,78.16
P303,3/23/05,130.29,NaN,202.16,52.33,20.31,91.87
P303,3/23/05,130.29,NaN,202.8,49.54,22.64,84.04
P303,3/29/05,75.68,7.14,362.79,95.78,29.67,165.42
P303,4/4/05,55.93,NaN,218.57,56.28,20.9,105.48
P303,4/7/05,63.98,NaN,210.29,53.73,19.9,101.35
P303,4/12/05,55.88,7.04,228.7,56.78,21.59,106.52
P303,4/16/05,69.58,NaN,217.78,53.08,20.31,101.39
P303,4/18/05,74.69,NaN,200.01,48.06,19.9,92.52
P303,4/20/05,54.82,6.83,222.02,54.64,20.72,102.61
P303,4/24/05,61.61,7.08,209.49,50.85,20.61,98.83
P303,4/25/05,59.89,7.16,215.18,52.5,21.51,101.78
P303,4/26/05,62.95,6.97,217.88,52.99,20.79,101.57
P303,5/1/05,81.88,6.18,189.78,47.07,21.36,94.61
P303,5/4/05,72.98,6.79,193.12,48.8,23.84,100.61
P303,5/5/05,141.83,6.98,173.31,45.34,20.23,84.91
P303,5/9/05,197.2,6.98,164.43,42.05,21.08,79.77
P303,5/9/05,197.2,6.98,172.06,45.09,21.25,81.69
P303,5/10/05,108.49,6.88,194.97,49.45,21.25,92.34
P303,5/14/05,85.37,7.47,202.65,52.99,21.71,101.09
P303,5/15/05,83.2,7.34,192.37,49.45,21.82,98.09
P303,5/16/05,157.68,7.35,189.33,49.37,22,91.78
P303,5/16/05,157.68,7.38,173.01,44.44,21.77,81.17
P303,5/17/05,113.28,7.17,196.92,49.29,22.05,95
P303,5/22/05,78.29,7.25,197.81,49.62,23.89,105
P303,5/24/05,68.08,NaN,207.74,51.92,24.35,107.92
P303,5/26/05,58.79,6.95,207.84,52.17,24.53,110.4
P303,6/2/05,39.81,6.77,226.36,56.78,24.94,117.14
P303,6/6/05,35.77,7.1,230.3,60.65,25.17,121.53
P303,6/7/05,34.79,6.79,230.15,58.84,24.76,122.14
P303,6/16/05,23.65,6.91,240.63,61.22,26.8,128.58
P303,6/24/05,19.79,6.84,246.57,62.46,28.83,140.58
P303,6/30/05,16.98,6.94,245.62,65.09,28.29,136.36
P303,7/21/05,9.3,6.8,291.43,74.8,30.1,152.07
P303,8/3/05,6.5,6.8,312.42,101.71,93.38,159.29
P303,8/16/05,5.23,6.94,333.4,84.34,31.87,166.51
P303,9/6/05,2.91,6.74,371.13,94.71,33.2,179.99
P303,9/27/05,2.48,6.77,399.77,100.8,34.12,186.52
P303,10/27/05,2.42,6.71,311.24,95.78,45.04,180.47
P303,11/16/05,2,6.92,359.6,92.16,32.12,181.77
P303,11/29/05,2.33,6.94,289.14,92.74,33.56,179.43
P303,12/1/05,7.49,6.93,235.69,59.91,42.28,123.01
P303,12/2/05,43.69,6.82,251.66,66.65,33.12,148.11
P303,12/2/05,43.69,6.98,230.8,57.6,39.31,130.88
P303,12/2/05,43.69,7.02,211.14,53.24,37.83,124.49
P303,12/12/05,3.2,6.72,306.5,80.81,28.49,161.72
P303,12/18/05,17.64,6.95,208.44,59.66,29.85,133.8
P303,12/18/05,17.64,7.03,198.86,55.05,30.49,117.09
P303,12/18/05,17.64,7.1,213.83,55.05,28.16,128.8
P303,12/21/05,6.78,6.67,240.63,67.06,26.32,145.32
P303,12/25/05,5.3,7.05,190.33,62.7,27.44,153.85
P303,12/26/05,14.28,7.06,219.87,58.51,26.91,141.32
P303,12/26/05,14.28,7.04,212.24,57.68,27.73,136.06
P303,12/26/05,14.28,7.03,214.08,57.44,30.31,145.85
P303,12/27/05,9.34,6.75,249.11,65.01,26.06,142.54
P303,12/31/05,264.08,6.81,113.78,29.29,30.62,65.38
P303,12/31/05,264.08,7.07,162.98,43.04,32.33,112.61
P303,12/31/05,264.08,7,224.16,55.38,26.78,129.32
P303,1/1/06,77.57,6.94,200.51,52.5,26.45,113.48
P303,1/2/06,311.04,6.83,123.26,33.57,23.97,67.12
P303,1/2/06,311.04,6.95,152.05,40.32,25.76,84.17
P303,1/17/06,14.74,7.13,174.11,54.56,24.04,121.14
P303,1/24/06,12.62,6.78,179.95,56.53,25.3,128.06
P303,2/6/06,14.3,7.03,226.11,62.95,23.91,123.62
P303,2/21/06,11.36,6.74,229.1,64.84,23.61,126.36
P303,2/27/06,67.29,7.1,138.73,37.44,22.25,80.77
P303,2/27/06,67.29,7.11,191.88,55.96,24.71,117.14
P303,2/28/06,253.51,6.94,100.65,27.73,25.78,53.94
P303,3/1/06,84.22,6.73,172.36,49.21,22.61,97.91
P303,3/6/06,30.54,NaN,175.06,53.57,22.89,107.74
P303,3/14/06,21.09,7.52,188.78,56.53,23.86,115.88
P303,3/26/06,45.85,7.24,190.43,53.65,22.48,108.7
P303,3/28/06,65.1,7.33,188.43,53.73,23.3,102.83
P303,3/29/06,57.86,7.05,198.41,56.37,23.45,112.92
P303,4/3/06,308.25,NaN,140.83,40.65,22.79,69.33
P303,4/3/06,308.25,NaN,170.82,46.99,22.33,92.13
P303,4/4/06,394.18,NaN,150.81,42.05,24.68,64.85
P303,4/4/06,394.18,NaN,169.37,47.23,24.86,73.08
P303,4/12/06,109.76,NaN,194.32,52.66,24.37,101.48
P303,4/21/06,126.82,6.91,181.7,50.03,23.74,96.26
P303,5/2/06,169.93,6.76,179.45,48.14,23.63,92.21
P303,5/17/06,61.71,6.81,199.96,52.99,26.75,110.27
P303,5/31/06,35.82,6.72,199.06,56.28,26.7,117.66
P303,6/14/06,24.53,6.63,228.3,61.14,27.34,126.14
P303,7/12/06,10.75,6.72,265.83,68.55,30.15,144.24
P303,7/23/06,8.6,6.84,284.2,74.8,47.19,147.06
P303,8/17/06,4.59,6.54,263.84,81.88,32.33,163.64
P303,9/18/06,2.02,6.55,361.94,95.54,33.58,181.86
P303,10/2/06,2.04,6.42,343.63,97.35,36.63,187.78
P303,11/14/06,1.79,7,382.6,104.67,37.01,188.3
P303,11/29/06,1.54,6.43,368.78,100.8,30.95,181.12
P303,12/13/06,2.18,6.26,361.35,98.25,32.94,178.29
P303,12/26/06,2.76,7.11,334.8,82.12,30.69,165.07
P303,12/27/06,4.25,6.99,254.1,39.09,12.63,68.07
P303,12/27/06,5.97,7.16,296.27,72.33,32.33,146.5
P303,12/27/06,6.9,7.17,285.69,69.53,31.92,141.93
P303,1/4/07,3.41,7.15,315.38,89.86,30.69,156.46
P303,1/4/07,10.37,7.08,267.23,75.21,29.9,136.02
P303,1/9/07,2.6,6.81,326.86,93.56,29,164.94
P303,1/25/07,2.27,6.92,334.05,85.74,28.85,166.77
P303,2/8/07,2.55,6.64,333.2,92.82,28.77,167.73
P303,2/10/07,6.52,7.05,283.5,78.91,30.49,141.63
P303,2/10/07,9.19,7.33,370.18,79.33,29.26,139.71
P303,2/10/07,2.89,7.02,329.36,84.84,28.42,165.07
P303,2/10/07,20.16,7.28,242.83,61.8,29.72,126.23
P303,2/11/07,81.96,7.26,240.53,61.72,31.2,125.71
P303,2/11/07,19.03,7.24,247.62,64.18,27.96,133.71
P303,2/13/07,6.28,6.85,272.37,75.79,26.4,145.19
P303,2/21/07,4.42,6.91,289.04,74.96,26.19,153.24
P303,3/7/07,6.88,6.88,271.82,69.45,25.68,146.19
P303,3/20/07,11.69,6.8,246.82,63.53,25.93,139.1
P303,4/3/07,7.03,6.71,257.8,69.29,26.32,147.02
P303,4/17/07,4.95,6.75,285.14,71.84,26.88,152.5
P303,5/1/07,4.63,6.71,298.77,70.52,28.06,158.2
P303,5/15/07,3.72,6.76,315.48,78.67,29.9,166.07
P303,5/30/07,2.71,6.95,341.58,88.05,31.56,174.82
P303,6/11/07,2.04,6.85,346.62,92.49,31.28,178.25
P303,7/18/07,0.68,7,366.78,98.91,37.85,194.74
P303,8/8/07,0.47,6.68,381.66,98.99,34.32,194.43
P303,9/13/07,0.43,7.13,385.9,99.16,35.63,198.17
P304,10/16/03,2.82,7.37,414.59,99.73,34.81,182.34
P304,11/4/03,3.22,7.89,385.2,99.32,38.29,177.38
P304,11/8/03,4.87,7.73,370.68,94.47,64.2,171.6
P304,11/9/03,5.91,7.75,368.83,91.92,57.93,161.64
P304,11/12/03,3.31,7.38,398.37,96.36,38.21,181.86
P304,11/26/03,3.14,8.59,412.5,99.57,31.87,180.69
P304,12/6/03,3.49,7.63,377.31,91.83,36.8,181.64
P304,12/7/03,6.45,7.22,361.05,87.97,40.77,161.77
P304,12/7/03,6.45,7.51,278.06,79.16,42.15,152.37
P304,12/7/03,6.45,7.58,353.81,87.39,38.49,170.29
P304,12/8/03,3.58,8.1,209.49,87.39,34.91,174.12
P304,12/22/03,3.8,7.62,357.05,89.86,36.04,172.94
P304,12/24/03,16.13,7.34,414.34,107.71,51.03,210.53
P304,12/24/03,16.13,6.95,353.76,87.64,53.35,184.69
P304,12/24/03,16.13,7.24,263.89,65.75,43.38,157.68
P304,12/24/03,16.13,7.03,261.74,66.41,40.59,141.54
P304,12/24/03,16.13,7.02,286.64,76.12,52.1,169.73
P304,1/12/04,3.91,8.73,354.46,91.83,31.38,172.73
P304,1/20/04,3.69,8.04,369.53,94.05,30.87,175.25
P304,2/4/04,3.67,7.34,391.49,98.75,31.59,175.16
P304,2/4/04,3.67,NaN,342.08,102.53,30.92,184.52
P304,2/18/04,6.04,7.21,316.08,78.91,30.79,137.67
P304,3/1/04,5.16,NaN,391.84,99.32,30.92,178.77
P304,3/21/04,10.36,6.83,347.02,85.33,108.29,151.46
P304,3/21/04,10.36,7.39,335.25,81.71,29.87,144.67
P304,3/28/04,7.79,7.6,375.87,91.75,31.77,163.46
P304,4/1/04,7.45,7.16,363.44,89.36,30.67,154.72
P304,4/4/04,6.71,7.3,397.08,95.78,31.28,168.73
P304,4/7/04,6.25,7.5,374.87,92.16,33.33,172.81
P304,4/15/04,5.41,7.15,396.38,93.97,32.43,177.99
P304,4/15/04,5.41,7.5,394.88,93.73,32.41,178.03
P304,4/17/04,5.8,7.49,401.32,96.69,32,175.12
P304,4/20/04,5.4,7.49,392.09,93.4,32,176.77
P304,4/23/04,4.96,7.61,378.91,94.88,30.13,182.86
P304,5/4/04,4.26,7.6,385.85,93.73,29.18,188.34
P304,5/11/04,4.21,7.58,346.42,94.71,26.47,185.3
P304,5/20/04,4.01,7.53,375.17,88.95,31.31,190.26
P304,5/26/04,3.95,7.87,384.3,93.81,25.37,188.43
P304,6/9/04,3.78,NaN,403.56,97.1,23.2,199.83
P304,6/22/04,3.26,7.64,400.92,95.37,23.43,192.21
P304,6/23/04,3.21,NaN,404.36,91.42,26.34,195.17
P304,7/9/04,2.98,7.88,416.79,103.11,30.56,198.17
P304,7/28/04,2.66,7.86,442.34,106.56,34.45,199.09
P304,8/13/04,2.34,7.96,440.64,126.39,44.48,206.22
P304,9/1/04,2.06,7.89,434.8,125.57,50.69,209.57
P304,9/30/04,1.93,7.55,410.35,105.74,40.67,198.87
P304,10/18/04,4.84,7.7,425.22,114.87,61.41,192.52
P304,10/20/04,9.07,7.09,299.77,82.12,52.2,152.98
P304,11/10/04,3.44,6.9,409.8,105.25,35.42,189.95
P304,11/22/04,2.64,7.63,413.79,108.29,34.53,186.04
P304,12/10/04,3.03,7.31,404.66,107.71,35.24,185.82
P304,12/20/04,2.92,7.54,411.55,108.37,32.87,187.95
P304,12/28/04,4.91,7.65,370.68,98.91,30.97,164.9
P304,1/6/05,3.42,6.91,438.99,117.67,33.4,190.6
P304,2/1/05,5.95,7.87,417.79,111.09,33.35,185.73
P304,2/9/05,5,NaN,412.8,107.3,33.4,185.25
P304,3/3/05,7.44,7.5,408.8,108.62,33.38,178.69
P304,3/15/05,9.68,7.25,366.39,95.12,30.31,165.42
P304,3/22/05,33.31,6.55,338.74,83.6,32.97,120.1
P304,3/23/05,20.48,7.07,307.45,82.95,28.57,136.58
P304,3/23/05,20.48,6.74,423.12,105.49,40.62,124.88
P304,3/29/05,11.82,NaN,338.14,86.65,26.42,149.24
P304,4/4/05,12.49,7.36,355.16,92.66,28.16,162.16
P304,4/7/05,13.59,NaN,347.47,91.17,27.8,158.46
P304,4/12/05,12.49,7.39,367.78,92,30.23,162.72
P304,4/12/05,12.49,NaN,363.59,92.08,28.72,157.37
P304,4/20/05,13.67,NaN,357.6,89.53,29.29,160.9
P304,4/23/05,15.04,NaN,355.41,89.45,28.01,154.55
P304,4/26/05,17.21,7.37,337.64,82.62,30.05,149.8
P304,5/1/05,26.23,6.23,286.29,72.99,29.26,133.67
P304,5/4/05,24.98,7.14,287.99,72.66,29.85,137.19
P304,5/10/05,39.56,7.09,268.33,67.97,28.98,115.96
P304,5/17/05,44.73,7.41,253.56,63.28,29.16,111.27
P304,5/22/05,36.81,7.29,262.24,65.25,29.26,114.92
P304,5/22/05,36.81,7.13,268.53,65.67,29.95,114.35
P304,6/1/05,23.51,7.44,298.72,76.28,30.1,134.36
P304,6/2/05,22.52,7.15,297.97,72.82,28.95,131.58
P304,6/7/05,19.54,7.38,301.41,73.81,28.13,141.02
P304,6/16/05,16.36,7.38,317.23,77.84,27.19,146.8
P304,6/24/05,14.43,7.56,323.47,76.12,27.67,153.5
P304,6/30/05,13.19,7.5,328.31,78.5,27.67,159.72
P304,7/21/05,9.49,7.26,374.67,89.78,30.39,174.29
P304,8/3/05,8.01,7.39,377.71,93.64,101.49,176.82
P304,8/16/05,7.4,7.42,380.76,89.69,32.18,179.34
P304,9/6/05,5.82,7.44,389.59,92.41,32.79,184.6
P304,9/27/05,5.54,7.52,403.31,98.75,49.03,187.65
P304,10/27/05,5.61,7.44,239.78,93.89,100.54,180.99
P304,11/16/05,4.74,7.63,206.25,73.57,35.35,180.38
P304,11/29/05,5.63,7.62,249.26,79.33,44.63,176.77
P304,12/2/05,20.23,7.29,210.89,64.92,41.56,151.76
P304,12/2/05,20.23,6.94,195.97,60.07,53.61,151.5
P304,12/2/05,20.23,7.06,226.71,62.21,50.49,147.54
P304,12/12/05,4.82,7.52,244.57,80.07,32.1,175.9
P304,12/21/05,7.01,7.26,212.93,71.51,31.95,169.29
P304,12/27/05,7.44,7.44,220.07,69.12,32.46,168.64
P304,12/31/05,55.31,6.57,136.78,36.78,33.86,82.21
P304,12/31/05,55.31,6.89,216.48,61.3,35.42,112.44
P304,12/31/05,55.31,7.3,175.71,62.46,33.38,145.41
P304,1/1/06,21.98,6.92,196.52,62.21,35.32,130.06
P304,1/1/06,21.98,6.91,223.71,65.83,35.22,131.58
P304,1/2/06,58.6,6.54,148.26,41.88,28.01,84.65
P304,1/17/06,8.93,7.2,142.42,64.43,30.18,162.11
P304,1/24/06,8,7.41,236.44,78.83,30.46,169.46
P304,2/6/06,7.87,7.49,288.49,89.61,30.56,169.51
P304,2/21/06,7.11,7.47,272.62,76.36,24.2,137.67
P304,2/27/06,17.34,7.68,256.35,72.74,30.28,153.46
P304,3/1/06,15.9,7.02,241.73,75.38,29.54,145.98
P304,3/29/06,14.87,7.32,285.84,83.69,29.03,151.81
P304,4/2/06,12.97,NaN,213.58,57.27,25.68,89.47
P304,4/3/06,86.77,NaN,223.11,59.66,26.65,98.22
P304,4/3/06,86.77,NaN,226.61,61.14,27.5,108.09
P304,4/4/06,92.35,NaN,235.49,64.43,28.77,121.57
P304,4/12/06,29.69,NaN,243.33,67.89,27.29,132.14
P304,4/21/06,33.38,7.33,270.17,72.91,28.24,129.23
P304,4/21/06,33.38,7.36,249.26,71.26,27.98,126.19
P304,5/2/06,50.79,7.05,236.99,61.63,28.39,113.88
P304,5/17/06,34.06,7.2,255.3,64.68,30.62,125.1
P304,5/31/06,23.52,7.28,249.86,67.72,28.95,138.32
P304,6/14/06,18.6,7.28,288.19,72.41,27.57,146.93
P304,7/12/06,11.52,7.41,251.36,75.21,27.24,161.85
P304,7/23/06,10.66,7.5,323.47,85.17,70.18,164.25
P304,8/23/06,7.09,NaN,285.44,89.36,39.11,178.99
P304,9/18/06,5.45,7.14,373.12,94.3,37.5,180.08
P304,10/2/06,5.5,7.36,321.32,103.85,88.57,187.69
P304,10/5/06,5.57,7.18,403.96,107.3,127.14,184.99
P304,11/14/06,5.54,NaN,369.03,97.84,52.76,184.04
P304,11/29/06,4.36,7.24,359.85,94.96,34.14,181.47
P304,12/13/06,5.39,7.13,353.71,93.97,37.42,175.73
P304,12/26/06,5.4,7.8,354.26,84.02,34.07,173.47
P304,12/27/06,6.76,7.69,337.99,80.07,33.63,165.46
P304,12/27/06,9.38,7.78,309.15,73.73,33.86,147.93
P304,12/27/06,10.37,7.75,307.55,75.79,34.25,144.58
P304,1/4/07,5.81,7.5,338.84,93.73,33.56,168.94
P304,1/4/07,16.73,7.39,269.37,68.96,33.15,127.88
P304,1/4/07,11.18,7.48,295.92,74.39,33.48,140.76
P304,1/4/07,13.63,7.37,277.41,77.76,32.23,133.45
P304,1/9/07,4.68,7.64,361.35,99.49,32.94,177.73
P304,1/25/07,4.21,7.54,352.26,101.05,36.24,181.95
P304,2/8/07,4.71,7.43,356.55,90.35,34.63,178.25
P304,2/10/07,10.61,7.49,250.66,71.51,33.66,126.27
P304,2/10/07,18.79,7.62,272.22,77.84,33.97,132.19
P304,2/10/07,28.26,7.55,238.44,69.62,33.79,124.05
P304,2/10/07,5.09,7.05,351.61,99.49,34.45,175.03
P304,2/10/07,11.28,7.46,278.11,79.82,34.63,142.63
P304,2/11/07,41.46,7.49,218.42,63.36,33.22,114.44
P304,2/11/07,29.7,7.44,244.42,69.53,34.22,120.92
P304,2/11/07,10.77,7.47,289.24,83.19,35.19,146.41
P304,2/13/07,5.93,7.6,331.4,93.73,33.76,169.33
P304,2/21/07,5.09,7.51,354.11,103.52,32.28,175.47
P304,3/7/07,5.76,7.42,332.7,92.16,32.28,169.12
P304,3/20/07,9.44,7.37,343.58,86.16,31.95,164.64
P304,3/20/07,17.81,7.39,283.75,82.37,32.76,132.93
P304,3/20/07,12.54,7.4,308.55,88.87,31.66,143.58
P304,3/21/07,8.73,7.26,333.4,89.53,31.13,157.59
P304,4/3/07,5.77,7.44,347.72,89.28,33.63,178.73
P304,4/17/07,4.92,7.36,367.08,87.8,32.76,182.25
P304,5/1/07,4.47,7.27,378.46,93.4,30.82,185.52
P304,5/15/07,3.95,7.3,369.48,90.68,29.29,190.56
P304,5/30/07,3.51,7.62,383.6,98.66,24.25,188.91
P304,6/11/07,3.16,7.82,371.68,98.09,22.33,188.21
P304,7/18/07,2.29,7.69,399.82,101.38,27.29,199.39
P304,8/16/07,1.93,NaN,576.83,155.93,54.15,219.18
P304,9/13/07,1.76,7.87,513.95,139.56,56.91,209.35
D102,10/16/03,1.02,7.77,348.72,70.03,29.59,217.66
D102,11/4/03,1.97,8.85,351.12,75.62,48.06,200.43
D102,11/8/03,2.89,7.9,292.68,56.94,41.43,148.67
D102,11/9/03,5.44,7.63,286.19,67.56,39.44,215.27
D102,11/26/03,1.91,8.99,328.71,67.64,29.57,203.35
D102,12/6/03,2.19,7.68,327.71,68.46,37.67,210
D102,12/7/03,7.22,7.61,314.64,63.69,39.95,201.26
D102,12/7/03,7.22,7.65,296.12,61.88,41,202.17
D102,12/7/03,7.22,7.61,296.27,62.13,50.16,187.47
D102,12/7/03,7.22,7.72,289.64,60.23,40.74,201.39
D102,12/7/03,7.22,7.63,295.97,64.02,36.52,206.79
D102,12/8/03,2.92,7.53,301.61,65.91,33.22,207.05
D102,12/12/03,2.88,7.98,259.34,55.54,32.05,185.91
D102,12/22/03,4.02,7.18,271.07,58.26,29.41,195.69
D102,12/30/03,5.57,7.67,225.81,50.85,26.01,176.86
D102,1/4/04,4.58,6.9,286.49,61.63,28.16,189.56
D102,1/13/04,7.44,7.71,247.72,54.47,26.75,183.17
D102,2/2/04,6.32,6.82,314.99,67.39,31.43,208.09
D102,2/2/04,6.32,6.94,292.23,62.21,30.26,183.82
D102,2/3/04,6.04,6.96,286.89,61.14,28.62,183.82
D102,2/3/04,6.04,6.97,305.15,65.34,30.77,199.74
D102,2/4/04,5.42,7.05,286.09,61.47,28.65,190.26
D102,2/14/04,5.1,7.11,265.43,56.2,30.21,158.85
D102,2/18/04,18.41,7.14,265.33,56.2,30.03,161.51
D102,3/2/04,13.01,NaN,272.52,59.08,27.8,181.99
D102,3/24/04,11.98,7.46,288.19,58.26,35.91,178.77
D102,3/25/04,12.94,7.47,289.09,58.18,32.48,176.34
D102,4/1/04,13.27,7.57,288.94,61.06,30.85,180.73
D102,4/15/04,8.26,7.21,304.66,62.7,30.23,184.6
D102,4/20/04,8.46,7.37,306.45,63.28,29.69,184.56
D102,4/24/04,7.22,NaN,308.55,64.27,63.87,194.65
D102,4/27/04,6.49,7.36,282.85,59.58,30.1,174.47
D102,5/4/04,5.52,7.49,289.39,59.49,31.33,179.3
D102,5/11/04,5.33,7.55,292.93,61.8,29.9,177.77
D102,5/20/04,4.6,7.55,290.63,59.99,29.39,178.6
D102,5/26/04,4.32,7.84,300.46,62.04,28.88,179.95
D102,6/9/04,3.63,NaN,322.62,64.92,30.08,189
D102,6/22/04,2.35,7.57,312.84,63.86,31.08,190.95
D102,7/10/04,1.19,7.55,317.53,64.43,31.51,197.35
D102,7/28/04,0.83,7.81,315.63,64.76,32.23,205.39
D102,8/12/04,0.66,NaN,324.07,65.42,34.63,215.01
D102,9/1/04,0.62,7.69,323.77,66.08,34.81,216.96
D102,9/29/04,0.92,7.75,316.38,65.58,30.62,209.26
D102,10/17/04,2.78,7.6,442.39,101.87,90.21,237.06
D102,10/18/04,4.67,7.4,364.59,78.83,58.49,229.32
D102,10/18/04,4.67,7.64,392.24,89.36,59.52,228.62
D102,10/20/04,24.74,6.98,240.23,50.94,49.98,194.43
D102,10/20/04,24.74,NaN,242.23,51.84,35.04,189.13
D102,10/21/04,5.85,NaN,279.41,60.89,31.82,220.84
D102,11/7/04,3.18,7.24,262.49,56.7,35.27,213.22
D102,11/8/04,4.32,7.03,269.87,58.51,36.01,213.53
D102,11/10/04,3.26,7.38,284.25,62.95,31.05,218.01
D102,11/11/04,4.14,7.14,302.91,64.02,89.57,218.31
D102,11/12/04,3.82,7.48,277.81,60.4,42.38,212.35
D102,11/22/04,2.21,7.53,310.89,70.11,30.05,220.62
D102,11/27/04,5.61,NaN,321.57,72.58,29.71,231.49
D102,12/10/04,4.8,NaN,285.79,62.87,29.36,196.35
D102,12/20/04,3.27,6.52,301.16,64.92,27.47,212.4
D102,12/28/04,8.63,7.55,261.09,55.38,28.59,167.68
D102,12/30/04,10.25,7.49,321.82,71.1,36.37,222.49
D102,12/31/04,24.9,7.18,273.62,59.41,31.51,170.9
D102,1/10/05,243.63,7.38,198.86,46.08,26.65,119.18
D102,1/25/05,35.31,7.49,229.8,51.35,25.93,149.41
D102,2/9/05,21.47,7.68,234.14,56.61,27.03,163.59
D102,3/15/05,35.57,7.18,238.48,50.52,23.76,148.06
D102,3/22/05,178.84,6.93,186.44,40.65,26.83,98
D102,3/22/05,178.84,NaN,220.92,46.08,25.53,113.4
D102,3/22/05,178.84,NaN,240.68,48.55,26.63,115.35
D102,3/22/05,178.84,NaN,229.4,48.63,24.32,139.1
D102,3/31/05,52.99,7.43,235.59,50.11,25.93,147.37
D102,4/15/05,45.34,7.96,251.16,51.76,25.65,148.8
D102,4/20/05,42.65,7.15,249.06,51.02,25.6,147.63
D102,4/24/05,42.64,NaN,252.06,51.68,25.4,146.93
D102,4/25/05,41.1,NaN,253.95,51.84,26.22,148.37
D102,4/26/05,39.68,NaN,254.55,52.58,25.76,150.11
D102,5/1/05,48.73,NaN,239.78,51.02,29.64,148.67
D102,5/4/05,38.27,7.57,242.98,51.43,26.52,152.98
D102,5/5/05,75.11,7.15,211.89,43.94,22.64,113.14
D102,5/6/05,68.07,7.13,223.71,48.39,25.22,133.23
D102,5/9/05,97.97,7.14,220.07,48.14,24.66,112.57
D102,5/9/05,97.97,7.09,222.42,46.82,24.86,113.27
D102,5/10/05,76.17,7.25,229.3,49.7,25.81,134.15
D102,5/14/05,50.75,7.4,242.13,53.82,28.59,152.11
D102,5/15/05,48.76,7.44,241.68,52.99,28.65,153.15
D102,5/16/05,81.72,7.4,222.57,49.95,27.19,132.88
D102,5/16/05,81.72,7.4,223.96,50.2,27.29,132.32
D102,5/17/05,62.05,7.37,230.45,50.11,26.83,140.06
D102,5/23/05,42.66,7.38,250.46,54.8,29.64,160.46
D102,5/24/05,39.54,NaN,253.41,53.08,29.8,158.46
D102,5/26/05,36.26,7.34,259.79,57.44,30.08,163.29
D102,6/2/05,30.23,7.33,263.09,54.64,28.39,162.68
D102,6/16/05,21.87,7.39,273.17,57.52,30.26,175.55
D102,6/24/05,18.66,7.25,277.76,58.26,29.46,177.47
D102,8/3/05,6.41,7.35,292.4,60.93,116.09,188.78
D102,8/17/05,4.89,7.48,307.05,63.61,32.79,200.09
D102,9/7/05,3.7,7.39,315.58,65.5,29.87,204.26
D102,9/27/05,3.27,7.55,321.02,67.15,34.27,204.44
D102,10/25/05,2.92,NaN,190.48,57.35,35.58,203
D102,10/25/05,2.92,NaN,200.76,59.58,39.29,207.09
D102,11/16/05,2.59,7.52,232.05,60.98,31.28,204.92
D102,11/29/05,3.86,7.15,264.53,64.51,40.64,231.54
D102,12/1/05,12.13,NaN,205.65,46.49,42.59,191.04
D102,12/1/05,12.13,NaN,207.2,48.63,51.28,182.91
D102,12/2/05,60.32,6.89,176.16,42.87,33.45,139.89
D102,12/2/05,60.32,NaN,188.93,45.51,43.43,174.47
D102,12/2/05,60.32,NaN,183.04,41.56,42.05,154.5
D102,12/12/05,4.27,7.67,223.71,57.68,29.77,202.61
D102,12/21/05,8.51,7.26,226.56,56.28,29.41,191.21
D102,12/25/05,5.99,7.56,205.85,55.54,30.69,201.44
D102,12/26/05,26.24,7.49,231.2,52.25,31.23,169.03
D102,12/26/05,26.24,7.37,194.82,46,29.95,141.5
D102,12/26/05,26.24,7.41,208.94,49.7,29.49,154.24
D102,12/27/05,11.93,7.47,215.88,57.35,29.77,188.26
D102,12/31/05,175.98,7.15,131.29,33.16,32.02,102.7
D102,12/31/05,175.98,NaN,217.48,49.87,32.35,158.33
D102,12/31/05,175.98,NaN,233.39,54.8,34.22,198.7
D102,12/31/05,175.98,6.76,167.57,39.25,36.09,105.74
D102,1/1/06,75.96,6.8,174.16,40.24,31.02,122.97
D102,1/1/06,75.96,6.3,228.01,57.6,38.6,140.23
D102,1/2/06,233.93,6.99,144.17,36.29,29.08,100.13
D102,1/19/06,21.48,7.26,191.28,50.2,27.78,167.64
D102,2/8/06,16.2,7.09,242.93,58.18,28.75,175.55
D102,2/23/06,15.59,7.48,222.42,54.47,27.75,170.94
D102,2/27/06,43.74,7.46,204.8,47.97,28.24,154.5
D102,2/27/06,43.74,7.4,161.63,37.61,26.78,115.83
D102,2/27/06,43.74,7.4,179.45,41.23,26.6,123.97
D102,2/28/06,118.89,7.18,139.63,30.86,27.85,85.95
D102,2/28/06,118.89,7.28,181.6,43.78,27.6,115.96
D102,3/1/06,41.82,7.27,197.42,45.92,25.42,135.06
D102,3/20/06,24.74,7.28,234.44,53.4,27.19,160.9
D102,3/25/06,56.14,7.19,225.41,52.17,27.03,149.28
D102,3/25/06,56.14,7.13,200.56,46.74,26.19,129.01
D102,3/25/06,56.14,7.07,186.29,44.11,25.55,119.83
D102,3/26/06,47.16,7.17,221.17,52.99,26.63,145.28
D102,3/28/06,115.72,6.91,199.56,46.74,28.67,123.1
D102,3/28/06,115.72,7.09,206.35,48.8,26.5,136.58
D102,3/28/06,115.72,7.13,190.93,46.16,28.19,122.01
D102,4/20/06,99.57,7.04,203,46.08,29.49,123.62
D102,4/23/06,98.04,7.34,196.22,46.66,29.85,121.62
D102,4/23/06,98.04,7.32,199.66,46.41,29.34,120.27
D102,5/3/06,89.96,7.11,197.56,44.6,27.8,120.4
D102,5/17/06,47.14,7.22,228.11,50.94,30.31,142.84
D102,5/31/06,36.5,7.01,240.98,54.23,29.41,151.33
D102,6/16/06,25.59,7.15,244.97,57.19,29.03,161.77
D102,7/12/06,13.02,7.19,259.54,61.96,31.31,183.86
D102,7/23/06,9.5,7.5,275.01,65.42,37.88,193.74
D102,8/22/06,5.07,7.21,291.33,66.08,33.66,204.92
D102,9/18/06,3.44,7.09,291.48,66.57,32.46,206
D102,10/2/06,3.92,7.23,319.08,71.18,40.54,210.66
D102,11/14/06,4.55,7.39,325.81,76.69,44.25,211.79
D102,11/29/06,3.41,6.96,305.8,70.93,31.87,200.96
D102,12/9/06,3.29,7.27,297.92,70.11,46.35,194.78
D102,12/10/06,4.23,7.34,291.23,69.53,41.33,187.73
D102,12/10/06,4.23,7.35,303.56,71.84,38.31,196.78
D102,12/12/06,6.56,7.2,298.07,69.86,46.29,185.95
D102,12/26/06,5.29,7.65,273.62,62.7,36.47,185.78
D102,12/27/06,10.7,7.63,269.62,59.74,32.58,182.43
D102,12/27/06,10.7,7.67,257.75,57.93,36.4,175.77
D102,1/4/07,11.29,7.1,277.51,67.39,36.4,178.77
D102,1/4/07,11.29,7.21,250.26,61.63,36.45,166.42
D102,1/4/07,11.29,7.26,256.3,62.04,33.84,170.64
D102,1/5/07,7.59,7.34,281.3,67.56,31.66,190.26
D102,1/9/07,5.44,7.25,283,69.62,32.69,198.83
D102,1/25/07,4.54,7.55,292.98,64.1,31.25,200.35
D102,2/8/07,4.94,7.32,289.88,61.96,31,202.04
D102,2/10/07,13.88,7.54,271.02,63.2,37.32,176.6
D102,2/10/07,13.88,7.54,270.67,63.11,37.47,175.99
D102,2/10/07,13.88,7.54,263.44,61.8,36.5,177.16
D102,2/10/07,13.88,7.5,266.78,61.55,34.91,174.64
D102,2/10/07,13.88,7.37,241.88,57.27,35.76,161.94
D102,2/11/07,49.15,7.32,194.37,47.23,31.64,127.19
D102,2/13/07,11.27,7.5,259.14,60.4,30.21,184.99
D102,2/21/07,7.48,6.83,272.52,59.91,29.54,192.95
D102,3/7/07,17.3,7.51,253.95,58.84,28.01,170.99
D102,3/20/07,14.13,7.44,264.33,59.16,34.02,176.38
D102,3/20/07,14.13,7.49,262.54,60.07,31.77,170.33
D102,3/20/07,14.13,7.45,260.14,58.51,31.84,166.55
D102,3/21/07,16.08,7.27,263.39,57.52,29.67,174.29
D102,4/3/07,8.31,7.45,272.32,61.88,31.2,191.3
D102,4/17/07,6.83,7.43,273.22,61.3,31.48,195.39
D102,5/1/07,6.13,7.24,298.32,64.92,32.84,200.74
D102,5/15/07,4.64,7.47,308.85,65.42,34.07,207.83
D102,5/30/07,3.38,7.55,322.22,68.96,34.35,212.88
D102,6/11/07,2.61,7.39,318.98,71.01,33.79,213.96
D102,7/18/07,1.19,7.53,344.58,75.7,36.78,234.23
D102,8/8/07,0.96,7.34,339.79,74.47,36.34,236.41
D102,9/13/07,0.92,7.52,342.33,74.39,38.93,248.72
B201,10/16/03,1.05,7.47,182.79,29.71,19.82,70.55
B201,10/29/03,1.12,7.21,177.95,28.55,10.49,70.99
B201,11/5/03,2.04,7.42,158.19,29.13,18.49,72.03
B201,11/8/03,3.3,6.37,47.06,10.29,13.35,7.79
B201,11/9/03,9.74,6.89,121.46,36.7,66.68,78.82
B201,11/25/03,1.74,7.29,134.99,23.53,17.52,64.94
B201,12/7/03,8.54,7.02,97.46,22.88,26.88,59.59
B201,12/7/03,8.54,6.64,94.52,23.78,37.88,65.2
B201,12/7/03,8.54,6.65,95.01,24.19,38.65,66.81
B201,12/7/03,8.54,6.55,105.29,22.71,28.26,66.77
B201,12/7/03,8.54,6.67,105.54,25.26,32.76,67.94
B201,12/10/03,2.51,7.05,116.72,22.3,16.7,61.33
B201,12/23/03,2.51,6.73,95.06,20.82,17.29,60.33
B201,12/31/03,3.52,6.64,95.61,23.29,17.32,58.81
B201,1/16/04,3.8,6.86,101.55,23.78,15.29,59.33
B201,2/2/04,3.16,6.57,119.27,25.26,14.89,61.24
B201,2/16/04,4.45,6.61,124.26,28.39,21.1,79.12
B201,2/17/04,4.72,6.53,104.05,24.27,15.12,58.33
B201,2/25/04,3.86,6.5,130.84,29.62,21.56,75.38
B201,3/3/04,3.98,6.39,126.2,27.81,15.45,63.68
B201,3/11/04,8.08,NaN,106.49,26.25,13.84,55.11
B201,3/16/04,13.61,6.94,85.48,21.81,13.43,45.15
B201,3/20/04,15.24,6.64,80.89,19.91,12.97,42.5
B201,3/20/04,15.24,6.74,92.92,22.46,15.4,49.54
B201,3/22/04,15.81,NaN,95.36,23.12,13.43,52.2
B201,3/22/04,15.81,NaN,87.98,21.15,12.53,46.06
B201,3/24/04,14.65,NaN,92.32,21.56,12.71,49.02
B201,4/2/04,11.98,6.32,85.73,18.84,12.99,46.32
B201,4/3/04,11.42,6.82,100.95,22.71,13.76,51.24
B201,4/13/04,11.79,NaN,95.81,20,13.68,50.85
B201,4/16/04,10.33,6.53,104.95,22.79,12.84,53.94
B201,4/21/04,9.47,6.13,96.66,19.58,12.2,53.28
B201,4/24/04,8.56,6.7,99.11,20,13.2,56.07
B201,4/28/04,7.32,6.22,97.21,20.9,13.94,61.29
B201,5/4/04,5.63,6.88,130,25.26,19.46,67.94
B201,5/5/04,5.36,6.33,109.74,21.56,10.61,61.81
B201,5/5/04,5.36,6.53,116.12,23.21,13.22,62.33
B201,5/10/04,5.01,NaN,119.27,24.6,29.08,62.29
B201,5/11/04,5.09,NaN,119.47,23.29,8.62,62.2
B201,5/20/04,4.15,6.33,119.42,22.88,7.47,61.33
B201,5/26/04,3.74,6.48,129.35,23.29,6.83,63.11
B201,6/9/04,2.24,NaN,151.85,28.14,5.12,65.16
B201,6/22/04,1.54,6.47,167.87,28.88,6.27,64.72
B201,7/9/04,1.33,6.57,172.91,29.21,5.58,59.59
B201,7/26/04,0.92,NaN,212.14,34.64,9.16,73.64
B201,8/12/04,0.67,6.5,207.99,32.83,11.66,66.94
B201,9/1/04,0.66,6.53,199.01,31.85,14.63,69.03
B201,9/30/04,0.94,6.55,170.77,28.14,13.91,70.51
B201,10/17/04,9.93,6.5,188.18,70.03,311.86,131.36
B201,10/17/04,9.93,6.6,189.58,66.41,156.5,122.27
B201,10/19/04,15.4,6.44,141.97,35.05,43.92,84.91
B201,10/19/04,15.4,6.44,78.4,25.59,63.1,54.94
B201,10/21/04,4.15,6.2,118.07,28.88,39.16,71.07
B201,10/24/04,5.32,NaN,89.87,22.63,30.56,58.94
B201,10/26/04,3.36,NaN,118.32,24.6,22.92,63.51
B201,11/7/04,3.88,6.71,107.79,23.95,27.44,62.72
B201,11/9/04,4.4,NaN,98.06,21.64,15.76,58.46
B201,11/23/04,2.67,6.41,134.94,26.66,15.93,68.9
B201,12/8/04,3.99,6.53,148.71,30.61,15.55,71.73
B201,12/22/04,2.59,6.33,132.34,27.24,13.53,67.51
B201,1/5/05,2.69,6.19,144.57,31.6,15.32,75.64
B201,1/20/05,5.41,6.03,134.79,33.82,14.53,63.64
B201,2/8/05,4.31,6.27,148.41,35.47,14.04,66.46
B201,2/17/05,7.08,6.12,135.39,33.82,13.4,60.94
B201,3/8/05,8.47,5.09,131.99,31.35,13.12,58.94
B201,3/16/05,9.04,5.88,136.93,29.46,11.74,54.5
B201,3/22/05,16.58,6.4,143.12,38.02,20.51,57.85
B201,3/23/05,22.05,6.9,132.94,35.3,18.06,54.15
B201,3/30/05,10.46,5.51,147.66,32.92,17.85,70.55
B201,4/6/05,14.32,6.15,109.64,27.32,18.49,51.2
B201,4/13/05,12.99,6.28,120.02,28.14,11.02,51.89
B201,4/16/05,17.84,6.59,104.7,20.9,10.88,47.11
B201,4/20/05,17.69,6.14,113.38,26.83,10.74,49.93
B201,4/23/05,20.03,6.4,106.04,24.77,10.82,47.5
B201,4/26/05,20.06,6.2,111.48,26.09,13.22,53.15
B201,4/27/05,21.23,5.85,105.19,24.77,10.9,47.06
B201,5/1/05,23.77,6.68,90.47,22.96,10.03,48.85
B201,5/1/05,23.77,6.69,87.33,22.22,9.77,45.72
B201,5/3/05,28.01,6.1,80.74,19.58,9.11,41.19
B201,5/12/05,36.87,5.91,83.59,20.74,11.41,42.5
B201,5/13/05,46.09,5.88,74.8,19.91,9.85,37.76
B201,5/16/05,141.38,6.04,70.56,20.49,13.68,30.71
B201,5/16/05,141.38,6.34,73.01,20.08,10.54,37.58
B201,5/16/05,141.38,6.27,70.61,19.42,11.82,31.45
B201,5/19/05,98.79,5.9,74.5,19.67,11.38,33.45
B201,5/23/05,121.67,6.85,87.88,21.97,12.25,36.89
B201,5/23/05,121.67,6.75,78.35,20.33,12.76,32.19
B201,5/23/05,121.67,6.7,72.56,20.65,11.36,34.23
B201,5/24/05,120.36,6.63,76.05,21.81,11.71,35.06
B201,5/26/05,124.48,6.25,75.4,19.42,11.61,34.15
B201,5/30/05,80.29,6.59,79.74,20.65,11.3,37.32
B201,5/31/05,77.82,6.46,83.19,21.89,13.89,41.8
B201,6/1/05,75.22,5.9,81.59,20.74,10.84,36.54
B201,6/2/05,70.94,NaN,80.79,19.42,11.64,38.54
B201,6/6/05,41.31,5.93,86.63,21.48,9.97,42.45
B201,6/7/05,38.26,6.69,95.16,24.69,11.38,44.89
B201,6/9/05,33.45,6.23,87.08,21.23,8.7,43.11
B201,6/16/05,22.88,6.25,96.61,21.48,8.85,47.98
B201,6/21/05,18.8,6.87,107.94,26,7.52,49.2
B201,6/23/05,18.28,6.3,111.03,24.11,23.38,52.28
B201,6/30/05,16.03,6.45,111.08,23.95,5.27,51.37
B201,7/7/05,14.12,6.36,114.63,24.36,4.09,49.85
B201,7/21/05,7.52,6.23,141.67,29.62,4.76,56.29
B201,8/3/05,4.81,6.16,144.42,29.71,5.52,59.5
B201,9/6/05,2.59,6.23,161.34,28.64,8.9,68.64
B201,9/27/05,2.86,6.42,166.82,28.22,16.88,74.25
B201,10/25/05,3.51,6.29,155.15,40.57,73.66,93.87
B201,10/25/05,3.51,5.61,191.48,63.77,240.86,111.57
B201,11/22/05,2.22,6.36,121.66,23.95,18.08,67.77
B201,11/25/05,3.19,6.58,107.74,25.51,53.58,93.52
B201,11/29/05,6.33,6.41,67.62,18.76,42.12,67.16
B201,12/1/05,19.86,6.36,59.73,18.84,60.54,61.72
B201,12/1/05,19.86,6.41,53.25,16.79,51.74,51.28
B201,12/2/05,36.43,6.42,59.93,20.33,50.87,54.81
B201,12/2/05,36.43,6.38,43.17,14.07,39.54,45.15
B201,12/5/05,3.85,6.05,95.11,22.46,21.05,63.03
B201,12/8/05,5.78,NaN,90.97,20.9,20.41,60.98
B201,12/18/05,12.23,6.44,78.25,18.27,18.31,49.98
B201,12/19/05,13.08,6.49,63.48,22.79,28.21,50.24
B201,12/22/05,8.82,6.21,71.81,20.41,15.81,54.15
B201,12/30/05,6.5,6.68,78.25,18.93,14.04,54.11
B201,12/31/05,79.11,6.53,38.97,12.34,13.25,38.1
B201,12/31/05,79.11,6.26,42.72,13.66,21.71,41.02
B201,12/31/05,79.11,6.34,68.47,24.11,22.05,43.24
B201,1/10/06,9.33,6.12,84.73,22.55,13.45,52.28
B201,1/26/06,6.44,6.29,96.76,24.69,13.12,55.2
B201,2/7/06,7.18,6.28,92.67,23.62,12.89,54.37
B201,2/22/06,7.1,6.41,98.86,24.03,12.63,54.41
B201,2/22/06,7.1,6.7,57.39,17.28,8.77,43.89
B201,2/26/06,6.86,NaN,97.26,22.46,12.48,54.85
B201,2/27/06,35.18,NaN,68.67,18.35,11.25,42.54
B201,2/27/06,35.18,NaN,56.44,16.62,11.77,34.19
B201,2/28/06,122.16,NaN,71.46,23.45,14.58,41.02
B201,2/28/06,122.16,5.44,72.21,23.7,14.6,40.54
B201,2/28/06,122.16,5.45,59.53,17.86,13.76,31.14
B201,2/28/06,122.16,5.4,68.67,21.23,14.94,35.89
B201,3/24/06,16.92,NaN,98.86,26.25,13.2,55.63
B201,4/3/06,82.58,6.6,82.74,22.46,11.59,40.54
B201,4/3/06,82.58,6.34,67.72,18.35,11.56,32.1
B201,4/4/06,92.28,6.09,75.35,22.14,14.6,39.67
B201,4/11/06,22.16,6.19,83.24,23.62,12.63,47.72
B201,4/25/06,26.74,NaN,77.05,22.14,12.53,46.37
B201,4/25/06,26.74,NaN,77.5,22.14,12.51,46.67
B201,4/27/06,36.11,6.52,74.75,21.15,11.97,44.54
B201,4/28/06,47.05,NaN,53.5,15.14,13.3,38.89
B201,5/9/06,75.43,5.99,64.77,18.27,11.84,35.93
B201,6/8/06,18.88,6.25,84.54,22.79,7.78,45.76
B201,6/21/06,10.54,5.92,92.67,23.78,5.22,47.85
B201,7/12/06,4.95,6.13,119.32,26.25,5.42,51.37
B201,8/16/06,3.61,5.8,137.48,29.21,9.03,62.81
B201,9/18/06,1.91,6.13,147.46,26.5,10.54,65.46
B201,10/2/06,3.74,6.04,166.77,39.09,51.82,87.65
B201,10/10/06,4.18,5.7,137.08,29.38,30.72,72.86
B201,11/14/06,4.58,6.1,126.05,29.79,45.5,79.12
B201,11/29/06,2.93,6.15,116.32,23.37,16.09,63.68
B201,12/12/06,3.55,6.13,113.03,24.27,21.38,63.07
B201,12/28/06,3.27,6.26,109.89,23.12,17.93,63.72
B201,1/4/07,15.21,6.63,78.9,21.97,32.74,51.33
B201,1/4/07,15.09,6.69,79.84,23.45,30.95,56.5
B201,1/4/07,11.8,6.68,83.29,25.34,32.18,60.55
B201,1/11/07,2.92,6.58,113.18,26.66,16.16,64.16
B201,1/23/07,2.54,6.41,128,27.73,14.66,65.51
B201,2/7/07,3.28,6.59,110.63,26.5,14.17,61.9
B201,2/20/07,4.09,6.66,103.95,23.21,13.17,58.9
B201,3/6/07,4.76,6.29,112.23,25.84,13.96,61.03
B201,3/22/07,8.74,6.47,93.97,20.74,13.86,53.81
B201,4/4/07,8.8,6.35,84.73,20.98,13.71,53.59
B201,4/19/07,5.71,6.52,103.85,23.12,11.61,54.07
B201,5/1/07,5.53,NaN,107.34,22.46,12.89,57.37
B201,5/14/07,3.76,6.42,124.51,24.69,10.84,61.46
B201,5/30/07,2.71,6.37,141.72,28.22,7.03,61.77
B201,6/12/07,2.34,6.24,152.1,28.72,5.81,60.81
B201,7/18/07,0.88,6.6,219.17,37.36,8.06,66.42
B201,8/8/07,0.72,6.19,229.75,38.92,12.74,70.51
B201,8/30/07,1.37,NaN,233.25,46.74,76.81,94.35
B201,9/13/07,0.47,6.14,224.71,37.44,16.62,77.86
B203,10/16/03,1.93,7.21,87.23,21.56,12.12,60.11
B203,10/29/03,1.5,7.25,88.98,22.14,10.84,60.85
B203,11/5/03,2.51,6.51,91.07,23.45,12.84,61.59
B203,11/9/03,9.48,6.64,113.08,39.42,66.96,56.98
B203,11/9/03,9.48,6.67,120.47,39.83,45.09,66.12
B203,11/25/03,3.72,7.82,88.58,23.62,13.02,63.64
B203,12/5/03,7.65,6.83,94.27,26.41,18.95,66.99
B203,12/6/03,8.67,6.8,95.06,27.4,21.84,63.29
B203,12/7/03,11.29,6.63,85.63,25.51,21.18,57.98
B203,12/8/03,6.65,6.65,113.93,34.23,36.14,92.74
B203,12/10/03,5.12,7.32,86.18,23.37,13.58,59.42
B203,12/20/03,6.96,7.58,66.32,20.41,14.02,57.37
B203,12/23/03,6.01,6.91,63.03,19.67,12.71,55.46
B203,1/16/04,9.83,6.79,55.29,16.87,9.97,49.85
B203,2/2/04,8.75,6.68,67.02,17.86,9.74,50.02
B203,2/17/04,14.27,6.69,68.02,18.27,11.28,49.72
B203,3/11/04,30.43,6.85,65.47,17.86,10.13,43.28
B203,3/15/04,52.81,6.53,62.08,16.87,9.67,40.41
B203,3/15/04,52.81,6.48,58.54,14.89,9.44,34.49
B203,3/19/04,65.77,6.73,61.08,16.21,9.28,38.15
B203,3/19/04,65.77,NaN,64.47,17.12,15.24,40.23
B203,3/21/04,72.49,NaN,60.03,16.13,10.51,38.28
B203,3/21/04,72.49,6.67,56.19,14.81,11.13,34.06
B203,3/22/04,73.39,NaN,61.13,16.13,8.62,38.19
B203,3/24/04,74.5,6.23,59.33,16.29,8.9,36.54
B203,3/29/04,64.64,6.54,61.53,16.13,8.9,37.49
B203,3/29/04,64.64,6.57,61.43,16.21,8.77,36.06
B203,4/5/04,61.13,6.84,67.12,17.28,9.21,37.89
B203,4/5/04,61.13,6.9,66.07,16.95,9,36.58
B203,4/11/04,74.13,6.27,62.93,16.05,8.54,35.97
B203,4/11/04,74.13,6.34,64.92,16.54,8.8,35.06
B203,4/21/04,50.12,6.65,63.83,16.62,8.16,38.8
B203,4/28/04,63.93,6.49,58.09,15.31,7.67,39.32
B203,5/3/04,65.19,6.78,61.48,15.8,9.64,40.71
B203,5/3/04,65.19,6.77,58.89,15.14,10.23,39.76
B203,5/5/04,57.85,6.77,59.98,15.8,7.06,39.71
B203,5/8/04,47.38,NaN,127.75,25.26,14.3,66.2
B203,5/10/04,42.45,NaN,63.38,16.29,27.29,44.24
B203,5/11/04,40.59,NaN,63.13,16.62,8.72,42.06
B203,5/20/04,29.72,6.91,66.42,17.44,6.75,44.41
B203,5/26/04,24.19,7.19,69.12,18.02,6.75,46.11
B203,6/9/04,15.44,NaN,77.5,20.57,8.24,51.94
B203,6/22/04,8.43,7.2,79.49,20.74,7.93,51.72
B203,7/9/04,5.64,7.22,82.94,21.39,28.24,48.46
B203,7/26/04,2.64,NaN,91.22,23.62,7.49,58.07
B203,8/12/04,1.7,7.4,83.94,21.23,10.92,56.68
B203,9/1/04,1.19,7.23,83.69,21.15,9.26,62.81
B203,9/30/04,1.32,7.31,78.05,20.57,10.56,59.07
B203,10/17/04,21.43,6.53,238.34,83.93,172.26,96.91
B203,10/17/04,21.43,6.44,173.76,63.53,134.48,102.31
B203,10/17/04,21.43,6.31,150.96,55.96,83.64,89.17
B203,10/18/04,14.69,7.8,117.47,41.72,67.32,87.3
B203,10/19/04,33.47,6.21,81.94,30.78,52.46,54.98
B203,10/21/04,11.57,6.48,88.88,27.15,25.83,63.38
B203,10/24/04,13.02,NaN,81.19,24.27,20,58.72
B203,10/26/04,11.93,NaN,81.84,23.86,16.52,60.42
B203,11/9/04,15.65,6.87,73.16,20.33,26.04,53.68
B203,11/23/04,9.36,6.68,74.8,20.08,11,56.37
B203,12/8/04,8.09,6.7,80.39,22.63,11.64,54.76
B203,12/22/04,8.99,6.75,77.2,20.65,9.67,53.41
B203,1/20/05,18.45,6.85,90.62,25.18,10.51,52.07
B203,2/8/05,16.45,6.94,85.08,22.96,9.03,50.46
B203,2/17/05,24.56,6.82,92.12,23.78,9.72,48.8
B203,3/8/05,23.81,NaN,82.24,21.72,9.82,48.54
B203,3/8/05,23.81,NaN,79.74,20.65,9.18,46.63
B203,3/16/05,39.24,6.07,124.66,26.58,11.64,55.89
B203,4/6/05,49.32,NaN,77.25,20.49,7.37,41.71
B203,4/13/05,46.31,7.01,87.68,22.38,8.06,42.5
B203,4/18/05,89.11,NaN,86.48,21.89,7.98,38.06
B203,4/21/05,67.17,6.34,92.12,24.11,7.85,40.41
B203,4/23/05,66.95,6.51,91.57,24.11,7.98,39.63
B203,4/27/05,77.06,6.35,85.93,21.48,8.9,39.89
B203,5/1/05,85.2,6.6,73.16,19.58,8.16,37.32
B203,5/2/05,90.62,6.8,74.06,19.75,7.9,39.06
B203,5/3/05,105.77,6.52,70.81,18.76,9.72,36.76
B203,5/8/05,108.67,6.52,72.66,20.33,8.13,39.15
B203,5/9/05,241.96,6.48,68.87,20.49,10.15,32.06
B203,5/9/05,241.96,6.4,58.34,16.79,10.33,31.88
B203,5/12/05,122.93,6.4,71.96,19.26,9.28,36.02
B203,5/15/05,245.73,6.5,63.48,17.86,7.26,29.71
B203,5/16/05,457.98,6.52,67.32,19.34,12.28,24.58
B203,5/16/05,457.98,6.27,74.5,21.39,12.4,23.05
B203,5/16/05,457.98,6.48,62.83,17.94,7.42,31.1
B203,5/18/05,308.15,6.49,66.42,18.35,8.13,28.01
B203,5/19/05,357.95,6.49,64.12,16.62,8.21,25.97
B203,5/19/05,357.95,5.74,65.47,18.43,8.44,30.54
B203,5/23/05,444.96,6.61,63.78,18.19,9.74,26.58
B203,5/26/05,509.91,6.43,53,14.73,8.36,23.1
B203,5/30/05,392.26,6.34,61.28,16.79,8.39,25.01
B203,5/31/05,408.21,6.38,61.38,16.46,8.24,25.01
B203,6/1/05,408.11,6.19,59.33,15.47,8.21,24.27
B203,6/2/05,405.49,NaN,53.94,14.32,8.26,24.84
B203,6/6/05,271.53,6.47,59.18,16.21,7.21,26.79
B203,6/7/05,239.48,6.6,59.63,15.72,10.05,27.88
B203,6/9/05,198.47,6.59,61.48,15.88,6.68,28.93
B203,6/12/05,212.95,6.73,60.78,15.39,7.42,28.01
B203,6/16/05,185.88,6.78,57.64,14.89,7.37,28.93
B203,6/23/05,110.58,6.78,60.83,15.8,7.29,35.15
B203,6/30/05,68.29,6.94,72.61,16.62,7.39,36.93
B203,7/7/05,41.63,6.84,74.4,19.26,5.78,39.89
B203,7/21/05,18.69,6.84,86.53,22.38,5.58,44.67
B203,8/3/05,11.56,6.86,88.48,22.96,5.96,49.41
B203,8/18/05,8.19,6.47,147.66,28.97,7.01,64.42
B203,8/18/05,8.19,7.05,94.91,24.03,6.57,52.02
B203,9/6/05,4.53,7.06,91.62,23.62,7.55,55.89
B203,9/27/05,4.66,6.81,93.07,24.11,9.77,60.07
B203,10/27/05,6.94,6.67,78.1,25.26,21.08,62.51
B203,10/27/05,6.94,NaN,166.58,39,95.12,89.08
B203,11/15/05,3.6,7.15,69.81,21.31,15.99,60.81
B203,11/29/05,8.79,6.79,81.44,27.32,29.92,62.64
B203,12/1/05,20.39,5.66,55.39,19.75,37.88,51.46
B203,12/1/05,20.39,5.83,54.84,19.67,39.03,42.89
B203,12/2/05,112.6,6.2,47.26,16.13,32.23,33.01
B203,12/2/05,112.6,6.19,53.5,18.19,26.17,41.8
B203,12/8/05,10.36,6.5,57.49,18.19,13.61,52.11
B203,12/30/05,21.54,6.64,47.46,14.4,9.13,41.32
B203,12/31/05,230.35,6.29,39.72,9.96,16.34,19.49
B203,1/1/06,76.5,6.68,39.27,12.75,10.67,31.88
B203,1/10/06,30.06,6.62,49.05,15.39,9.28,41.63
B203,1/26/06,19.11,6.64,55.64,17.12,9.26,44.58
B203,2/7/06,20.1,6.59,53.75,16.79,8.72,43.11
B203,2/26/06,18.59,NaN,57.19,16.7,8.75,43.98
B203,2/27/06,82.96,NaN,53.05,16.46,10.56,39.67
B203,2/27/06,82.96,NaN,43.32,13.91,10.44,30.97
B203,2/27/06,82.96,NaN,43.57,13.66,11.02,25.01
B203,2/28/06,292.32,5.47,41.67,13.25,8.01,24.4
B203,3/11/06,33.78,6.06,56.49,17.44,9.13,42.84
B203,3/22/06,26.77,NaN,61.78,18.51,9.31,43.89
B203,3/22/06,26.77,NaN,61.38,18.43,9.23,43.85
B203,4/3/06,271.05,6.79,62.33,18.93,9.9,39.19
B203,4/3/06,271.05,7.11,55.39,17.86,10.56,25.66
B203,4/3/06,271.05,6.7,56.39,19.83,10.03,25.88
B203,4/11/06,64.72,6.29,59.28,17.77,8.88,38.1
B203,4/25/06,92.4,NaN,59.03,17.86,8.57,37.19
B203,4/29/06,205.46,6.05,53.6,15.55,7.24,26.88
B203,4/30/06,225.9,6.67,55.29,16.46,7.55,30.75
B203,5/9/06,292.89,6.33,49.6,14.24,6.65,25.97
B203,5/22/06,336.54,NaN,46.21,14.32,7.83,25.23
B203,6/8/06,164.03,6.53,46.21,14.07,6.37,28.01
B203,6/21/06,49.76,6.34,57.34,17.12,6.57,36.84
B203,7/12/06,18.87,NaN,67.22,19.01,5.01,41.24
B203,8/22/06,5.07,6.69,73.46,20.49,7.57,52.89
B203,9/18/06,3.47,7.05,70.01,18.76,9.03,56.46
B203,10/2/06,6.99,6.34,107.04,32.17,31.97,69.68
B203,10/11/06,6.73,7.26,83.39,25.1,19.41,61.29
B203,11/14/06,9.54,6.57,115.18,38.68,52.23,74.95
B203,11/29/06,3.9,6.72,72.56,22.38,12.4,59.94
B203,12/12/06,4.66,6.39,73.81,23.29,18.52,56.33
B203,12/28/06,6.77,6.55,75.15,21.07,13.4,57.59
B203,1/4/07,8.49,6.89,73.41,22.96,15.7,54.5
B203,1/4/07,37.39,6.47,75.15,24.69,28.06,45.59
B203,1/4/07,26.96,6.65,80.09,26.17,27.5,50.8
B203,1/11/07,5.31,7.01,73.81,23.04,12.63,57.33
B203,1/23/07,5.12,6.87,73.26,23.04,11.36,57.16
B203,2/7/07,6.38,6.75,70.01,20.74,11.18,56.24
B203,2/20/07,10.06,6.97,60.53,17.28,9.16,49.33
B203,3/6/07,10.19,6.59,70.41,20.57,9.92,50.59
B203,3/22/07,36.87,6.6,52.3,13.74,8.01,38.97
B203,4/4/07,48.09,6.38,38.87,13.25,8.26,39.15
B203,4/19/07,26.34,6.43,53.05,16.54,9.34,47.37
B203,5/1/07,41.95,NaN,56.54,15.63,7.49,38.58
B203,5/14/07,23.31,6.71,59.78,16.54,7.06,42.45
B203,5/30/07,7.86,7.09,62.03,18.68,6.78,49.54
B203,6/12/07,4.95,6.52,65.47,19.83,5.75,52.02
B203,7/18/07,1.22,7.31,70.01,20.24,5.83,57.68
B203,8/8/07,0.67,6.87,65.97,18.51,6.68,58.5
B203,9/13/07,0.43,6.77,68.47,18.68,9.08,62.24
B204,10/16/03,2.05,7.39,105.59,22.22,11.69,69.99
B204,10/29/03,1.9,7.65,115.08,22.96,10.97,71.12
B204,11/5/03,2.81,7.61,123.06,23.53,13.71,69.25
B204,11/8/03,3.61,6.61,143.92,34.81,64.1,63.68
B204,11/9/03,9.39,6.53,133.54,31.19,43.71,64.98
B204,11/25/03,3.33,7.15,120.22,23.21,12.71,70.16
B204,12/5/03,7.92,6.97,140.58,27.81,21.71,83.99
B204,12/6/03,9.05,6.98,151.85,31.85,49.62,92.17
B204,12/7/03,11.35,6.81,126.4,26.09,25.04,67.94
B204,12/7/03,11.35,7.07,124.86,26.5,27.52,70.25
B204,12/8/03,6.35,NaN,164.08,32.75,30.77,87.34
B204,12/10/03,4.61,6.37,126.45,23.78,15.5,68.73
B204,12/23/03,4.69,7.12,105.05,22.22,15.19,68.07
B204,12/24/03,26.29,7.3,69.46,16.29,20.85,42.24
B204,12/24/03,26.29,6.74,73.16,18.84,32.87,44.32
B204,12/24/03,26.29,6.92,71.71,18.02,30.72,42.93
B204,12/24/03,26.29,6.6,76.3,19.83,34.63,46.67
B204,12/24/03,26.29,7.06,68.27,17.12,28.44,43.06
B204,12/31/03,6.88,7.04,102.45,22.96,16.27,64.85
B204,1/16/04,5.71,6.92,108.99,23.62,15.7,67.73
B204,2/2/04,4.8,6.58,121.11,24.11,14.37,67.2
B204,2/16/04,9.29,7.03,107.49,21.89,15.12,51.5
B204,2/17/04,9.78,6.73,128,26.5,20.26,67.99
B204,3/9/04,12.49,6.91,137.28,28.72,16.62,65.68
B204,3/9/04,12.49,NaN,136.33,32.5,15.14,65.07
B204,3/11/04,15.85,NaN,133.44,28.31,16.73,63.03
B204,3/16/04,27.31,6.82,115.92,24.36,14.86,53.94
B204,3/18/04,31.91,NaN,112.83,23.45,15.32,48.28
B204,3/18/04,31.91,6.97,118.52,24.6,15.91,52.85
B204,3/19/04,33.54,7.03,116.12,24.19,15.09,51.28
B204,3/24/04,46.52,6.23,106.74,21.97,13.04,47.37
B204,3/26/04,40.63,NaN,97.91,20.24,8.29,58.9
B204,4/5/04,52.63,6.68,98.71,20.74,11.71,46.8
B204,4/5/04,52.63,6.83,99.41,20.9,12.33,45.54
B204,4/11/04,84.91,6.54,88.68,19.26,11.43,39.84
B204,4/12/04,88.45,6.5,88.93,18.76,10.28,41.45
B204,4/16/04,71.36,6.54,89.63,18.84,10.18,43.32
B204,4/21/04,60.56,6.48,90.62,18.84,9.82,46.41
B204,4/25/04,83.96,6.51,80.99,17.12,9.85,45.93
B204,4/25/04,83.96,6.53,84.14,17.61,11.94,45.06
B204,4/26/04,92.15,6.63,82.79,17.44,9.11,45.5
B204,5/2/04,99.07,6.93,82.74,17.61,9.82,46.89
B204,5/2/04,99.07,6.91,82.59,16.87,10.84,46.5
B204,5/5/04,93.92,6.88,84.83,17.77,10.36,49.2
B204,5/9/04,68.25,NaN,92.22,19.09,48.44,53.68
B204,5/9/04,68.25,NaN,88.78,18.84,15.58,51.24
B204,5/20/04,40.43,NaN,96.06,20.9,32.38,58.81
B204,6/9/04,21.23,NaN,107.69,21.97,6.47,59.33
B204,6/22/04,13.96,7.17,162.93,28.72,5.73,62.81
B204,7/9/04,7.39,7.17,115.03,21.89,8.06,63.68
B204,7/26/04,4.66,NaN,126.05,24.44,9.82,66.25
B204,8/12/04,3.08,7.7,114.43,21.89,10.03,61.03
B204,9/1/04,2.21,7.21,123.86,23.7,18.01,77.86
B204,9/30/04,1.99,7.11,124.16,23.29,12.94,73.25
B204,10/18/04,15.82,6.64,177,42.95,73.07,97
B204,10/21/04,10.34,6.82,126.6,29.62,83.02,77.6
B204,10/26/04,7.96,NaN,126,25.34,14.68,71.29
B204,10/29/04,7.96,NaN,122.56,23.45,10.69,66.9
B204,10/29/04,7.96,6.84,154.35,35.22,31,89.52
B204,11/8/04,9.59,6.99,119.32,26.25,18.59,67.38
B204,11/9/04,9.13,6.9,119.12,24.69,16.68,67.12
B204,11/23/04,6.01,NaN,126.6,27.07,22.41,71.77
B204,12/22/04,4.73,6.7,121.71,24.77,13.94,69.6
B204,1/20/05,11.07,6.38,150.66,32.26,16.52,70.9
B204,2/8/05,13.2,6.77,138.68,29.38,17.49,67.94
B204,2/17/05,14.76,6.66,145.22,31.02,14.91,65.72
B204,3/8/05,15.61,5.79,141.67,29.71,13.91,64.2
B204,3/16/05,24.64,6.27,132.49,28.06,11.97,57.29
B204,3/22/05,32.08,6.67,121.36,27.57,17.88,54.59
B204,3/22/05,32.08,5.49,109.99,24.11,13.2,46.85
B204,3/30/05,28.1,5.81,159.29,36.78,19.18,69.94
B204,4/1/05,30.49,6.77,127.95,28.06,19.23,58.72
B204,4/6/05,36.11,6.7,127.8,27.57,11.41,54.72
B204,4/13/05,37.47,6.82,128.6,27.24,11.79,53.15
B204,4/18/05,59.67,NaN,120.47,25.51,11.2,48.54
B204,4/21/05,57.71,6.12,115.92,24.93,11.13,47.54
B204,4/22/05,58.53,6.56,116.42,25.26,10.44,48.06
B204,4/27/05,64.18,6.41,117.02,25.18,10.87,48.11
B204,5/1/05,82.07,6.7,105.79,24.27,10.56,46.32
B204,5/2/05,83.43,6.78,104.05,23.7,10.41,47.8
B204,5/3/05,94.1,6.66,103.25,23.12,15.68,45.67
B204,5/9/05,231.76,6.57,100.1,25.18,13.58,40.93
B204,5/9/05,231.76,6.43,99.26,23.95,10.56,43.28
B204,5/9/05,231.76,6.54,96.11,23.78,15.58,37.19
B204,5/12/05,137.48,6.38,98.66,23.04,11.36,45.41
B204,5/14/05,199.66,6.76,92.62,21.15,10.44,39.71
B204,5/14/05,199.66,6.85,94.32,21.23,10.51,43.28
B204,5/16/05,432.6,6.55,81.49,20.49,16.11,30.75
B204,5/16/05,432.6,6.4,82.94,20.74,15.88,30.97
B204,5/16/05,432.6,6.68,96.71,19.17,11.05,35.75
B204,5/18/05,329.72,NaN,84.44,21.48,11.48,35.62
B204,5/19/05,377.87,6.59,80.49,19.58,11.61,32.97
B204,5/19/05,377.87,6.71,89.18,22.05,11.74,38.45
B204,5/26/05,562.81,6.66,78.7,19.09,11.54,31.14
B204,5/30/05,466.26,6.77,85.23,21.07,11.54,33.49
B204,6/1/05,488.62,6.48,77.95,18.43,11.13,31.4
B204,6/6/05,359.96,6.49,80.44,19.67,10.49,37.15
B204,6/7/05,317.78,6.7,84.68,21.31,10.33,37.76
B204,6/9/05,297.53,6.65,82.89,19.5,9.74,39.54
B204,6/16/05,285.5,6.57,82.84,18.68,10.51,40.32
B204,6/23/05,180.02,6.92,97.61,20.16,12.38,50.5
B204,6/30/05,109.9,7.02,96.36,21.48,9.57,55.2
B204,7/7/05,63.33,6.96,113.53,24.11,7.47,54.2
B204,7/21/05,31.25,6.63,124.81,25.76,10.13,60.37
B204,8/3/05,19.76,6.87,129,26.58,18.26,62.33
B204,8/18/05,14.28,NaN,131.44,26.91,7.9,65.07
B204,9/6/05,7.84,6.91,127.6,25.18,8.34,67.29
B204,9/27/05,6.54,6.83,130.2,25.18,9.92,71.94
B204,10/27/05,8.72,6.78,109.24,25.59,20.15,75.16
B204,11/15/05,4.41,7.11,99.61,21.72,14.2,72.86
B204,11/29/05,9.83,6.94,107.69,24.27,24.5,74.25
B204,12/1/05,21.73,6.74,118.77,27.48,44.73,79.95
B204,12/2/05,74.25,6.39,65.47,17.77,46.42,51.89
B204,12/2/05,74.25,6.41,66.52,18.84,43.94,45.72
B204,12/2/05,74.25,6.52,69.17,19.75,38.67,44.24
B204,12/5/05,9.38,6.51,95.06,22.71,17.57,68.51
B204,12/8/05,8.91,6.51,92.22,21.07,15.91,66.72
B204,12/22/05,14.83,6.72,93.47,22.71,16.7,69.16
B204,1/10/06,22.5,6.75,89.58,22.38,14.02,59.29
B204,1/26/06,15.72,6.81,95.71,22.79,12.81,60.81
B204,2/7/06,15.52,6.74,95.56,22.46,11.94,59.81
B204,2/22/06,16.37,6.61,98.16,22.38,11.61,59.42
B204,2/27/06,52.62,NaN,80.34,19.01,14.2,47.32
B204,2/27/06,52.62,NaN,68.62,16.87,14.43,34.54
B204,2/28/06,140.13,6.62,74.01,19.75,19.59,38.71
B204,2/28/06,140.13,6.75,75.35,20,17.93,34.62
B204,2/28/06,140.13,6.58,60.43,16.05,16.57,27.01
B204,3/22/06,28.04,NaN,97.96,23.21,11.33,56.24
B204,4/3/06,133.37,6.39,71.16,18.43,12.74,30.36
B204,4/3/06,133.37,6.32,71.06,18.68,12.84,29.67
B204,4/4/06,179.09,6.44,75.2,20.57,16.45,35.45
B204,4/11/06,68.49,7.11,93.77,23.37,11.61,49.8
B204,4/25/06,78.38,6.27,92.92,22.96,11.15,48.24
B204,4/26/06,89.29,NaN,86.73,22.3,10.64,44.28
B204,5/9/06,314.05,6.51,68.22,17.61,9.51,33.97
B204,5/22/06,360.73,6.31,66.62,17.77,10.38,33.75
B204,6/8/06,202.33,6.56,71.81,17.69,9.46,41.15
B204,7/12/06,28.15,6.74,103.5,22.96,8.01,56.55
B204,8/22/06,8.55,NaN,106.74,22.79,8.57,64.64
B204,8/22/06,8.55,6.41,107.49,22.88,8.59,64.64
B204,9/18/06,4.88,6.75,94.52,20,9.11,67.29
B204,10/2/06,7.51,6.57,152.95,34.56,46.37,87.52
B204,10/2/06,5.58,6.46,125.01,27.73,24.73,73.9
B204,10/11/06,6.65,6.06,113.63,24.6,21.15,74.21
B204,11/14/06,10.36,6.73,142.17,33.57,55.42,89.73
B204,11/29/06,4.01,6.75,114.83,24.44,13.96,73.73
B204,12/12/06,4.67,6.31,113.13,24.93,17.57,69.64
B204,12/28/06,4.44,6.58,115.38,24.19,15.32,72.25
B204,1/11/07,4.59,7.11,113.93,25.34,16.91,72.99
B204,1/23/07,4.25,7.05,116.22,24.85,14.63,72.64
B204,2/7/07,4.86,7.03,116.07,27.48,15.53,73.95
B204,2/20/07,6.01,7.07,116.42,27.48,16.55,70.99
B204,3/6/07,6.52,6.54,129.8,29.13,16.34,72.25
B204,3/22/07,18.4,6.87,101.85,22.22,14.73,58.29
B204,4/4/07,29.45,6.55,90.62,19.67,12.84,50.72
B204,4/19/07,24.13,6.42,80.79,18.35,11.3,53.55
B204,5/1/07,49.48,NaN,79.3,17.28,10.64,46.85
B204,5/14/07,34.96,6.69,83.99,18.27,9.92,52.07
B204,5/30/07,16.65,7.04,89.28,19.75,7.57,57.5
B204,6/12/07,11.31,6.72,91.07,19.91,6.32,58.11
B204,7/18/07,3.84,7.36,102.1,21.39,8.06,62.68
B204,8/8/07,2.54,6.8,99.61,20.16,9.16,63.29
B204,8/30/07,3.19,NaN,144.52,30.78,27.16,74.16
B204,9/13/07,1.43,6.76,111.58,22.79,11.94,69.81
T003,1/21/04,11.91,7.75,250.56,57.03,70.49,82.08
T003,2/5/04,11.15,7.29,190.38,36.7,19.18,85.56
T003,2/16/04,19.02,6.72,200.71,37.52,19.52,82.08
T003,2/16/04,19.02,6.79,196.72,38.26,18.9,85.34
T003,2/17/04,15.16,NaN,198.01,41.72,20.23,93.43
T003,2/17/04,15.16,6.73,191.83,38.59,20.74,81.51
T003,2/19/04,12.52,7.31,179.75,35.14,18.52,80.99
T003,3/9/04,26.59,NaN,154.85,30.2,14.86,69.07
T003,3/16/04,58.05,6.84,160.69,31.6,17.72,66.77
T003,3/21/04,70.56,7.04,141.07,27.65,18.57,57.46
T003,3/22/04,75.17,7.07,150.41,30.28,16.98,61.59
T003,3/22/04,75.17,7.12,139.23,26.91,16.7,56.11
T003,3/22/04,75.17,NaN,150.66,30.36,15.88,64.51
T003,3/24/04,77.11,6.43,146.16,28.72,16.32,60.24
T003,3/27/04,61.02,7.15,155.05,30.03,16.45,61.85
T003,3/28/04,62.41,7.17,156.84,30.53,16.34,64.29
T003,4/6/04,66.16,7.08,153.1,28.8,15.32,61.42
T003,4/11/04,79.58,6.79,144.12,27.32,15.35,58.46
T003,4/12/04,79.69,6.92,151.95,29.38,15.32,59.16
T003,4/14/04,69.74,6.76,152.4,29.62,16.29,62.24
T003,4/20/04,50.74,7.18,145.12,28.88,20,62.42
T003,4/20/04,50.74,7.17,139.73,27.4,18.42,62.68
T003,4/29/04,57.8,6.92,147.76,30.28,14.4,66.16
T003,5/4/04,55.02,NaN,140.83,28.31,15.09,61.16
T003,5/5/04,51.14,NaN,145.92,29.95,26.5,62.24
T003,5/25/04,23.66,NaN,171.86,33.33,23.63,87.65
T003,6/9/04,16.05,NaN,186.69,36.7,15.76,85.21
T003,8/12/04,4.34,7.21,214.13,40.49,16.73,98.22
T003,9/1/04,3.41,7.35,216.33,40.49,16.75,88.95
T003,9/30/04,4.29,7.49,208.99,39.58,17.14,89
T003,10/1/04,3.64,NaN,150.41,33.24,62.74,67.51
T003,10/9/04,3.6,NaN,200.36,42.79,30.28,94.35
T003,10/19/04,44,NaN,234.54,51.68,35.81,104.65
T003,10/19/04,44,NaN,162.78,37.69,49.03,68.51
T003,10/19/04,44,NaN,156.3,36.12,66.22,63.64
T003,10/20/04,37.19,NaN,182.49,40.16,35.78,84.47
T003,10/26/04,13.59,NaN,198.86,41.39,22.94,92.04
T003,11/4/04,12.98,NaN,185.49,38.02,18.29,86.73
T003,11/24/04,11.89,7.22,180.15,38.68,17.65,90.47
T003,12/18/04,11.25,13.8,184.74,36.95,37.55,91.52
T003,2/7/05,20.33,NaN,202.16,40.07,18.01,86.95
T003,3/17/05,41.11,NaN,181.55,35.3,15.55,72.47
T003,3/17/05,41.11,NaN,192.72,36.54,15.4,71.38
T003,3/17/05,41.11,NaN,186.04,36.37,14.68,71.68
T003,4/7/05,47.2,NaN,191.88,36.04,14.37,70.16
T003,4/28/05,98.71,6.93,182.89,33.57,13.73,65.07
T003,5/5/05,150.24,6.98,163.03,32.67,15.14,60.98
T003,5/8/05,143.34,7.08,167.77,34.31,14.6,66.16
T003,5/9/05,197.77,NaN,141.67,28.55,14.63,56.2
T003,5/9/05,197.77,7.08,144.82,29.87,18.57,52.89
T003,5/19/05,264.66,6.96,134.04,27.9,15.55,52.33
T003,5/24/05,346.06,693,122.96,27.15,14.99,48.54
T003,5/24/05,346.06,7.01,129.45,29.13,15.4,52.54
T003,5/25/05,372.12,6.87,119.42,24.85,15.24,47.46
T003,5/28/05,407.14,7.04,116.77,26.25,17.26,48.19
T003,5/28/05,407.14,7.02,109.79,24.27,15.83,45.37
T003,5/30/05,349.24,NaN,114.38,25.43,27.57,48.5
T003,5/30/05,349.24,NaN,117.77,27.07,15.65,48.93
T003,5/31/05,348.37,6.69,113.08,25.51,15.81,48.98
T003,6/23/05,121.98,7.04,138.68,31.02,13.71,62.2
T003,6/30/05,92.22,7.13,148.86,32.5,14.09,65.2
T003,7/7/05,71.73,7.1,155.7,33.16,12.84,70.16
T003,8/3/05,33.39,6.77,188.73,38.59,14.3,82.43
T003,8/18/05,25.17,7.1,191.13,38.76,15.01,83.99
T003,9/6/05,16.67,7.22,201.16,39.25,15.14,88.3
T003,10/27/05,16.42,6.81,139.83,34.64,27.24,95.48
T003,11/28/05,11.86,7.09,153.25,32.67,20.59,91
T003,12/1/05,39.21,6.93,172.56,32.34,23.97,88.47
T003,12/1/05,39.21,6.83,110.43,24.19,40.36,66.94
T003,12/2/05,129.05,6.78,109.49,22.88,40.95,58.59
T003,12/2/05,129.05,6.75,92.12,20.24,38.7,54.02
T003,12/8/05,19.49,6.88,157.94,29.62,20.33,81.38
T003,12/21/05,24.84,7.03,138.73,28.22,19.52,79.64
T003,12/31/05,278.94,7.35,140.33,29.79,18.8,79.47
T003,12/31/05,278.94,6.96,109.04,21.23,22.81,47.37
T003,12/31/05,278.94,6.94,80.94,17.53,26.19,40.28
T003,12/31/05,278.94,6.93,77.35,17.61,28.11,41.02
T003,1/19/06,34.48,7.01,146.91,29.79,16.52,77.77
T003,2/9/06,33.61,7.05,163.08,32.67,16.45,76.16
T003,2/21/06,32.53,7.13,161.93,33.33,15.78,74.42
T003,3/30/06,45.52,6.32,167.52,32.92,16.34,74.6
T003,3/30/06,45.52,NaN,163.58,32.92,16.32,74.6
T003,4/20/06,106.56,6.84,157.89,31.43,16.34,67.9
T003,5/23/06,322.87,6.98,117.12,27.07,15.65,51.63
T003,5/23/06,322.87,NaN,116.62,27.07,15.78,51.72
T003,6/15/06,130.35,6.66,138.28,29.21,14.48,63.29
T003,7/10/06,56.83,7.13,174.96,33.16,13.61,74.12
T003,8/17/06,24.55,6.78,189.28,34.31,15.55,83.78
T003,9/18/06,14.74,6.85,196.47,35.38,17.06,89.13
T003,10/2/06,16.07,6.77,223.46,44.11,43.02,99.04
T003,11/14/06,15.64,6.94,221.02,44.11,44.71,99.26
T003,11/28/06,6.71,NaN,195.52,37.36,19.67,90.04
T003,12/12/06,7.6,6.44,191.78,37.19,21.66,88.56
T003,12/28/06,7.98,6.86,189.73,33.9,20.28,88.6
T003,1/10/07,5.95,7.27,190.48,38.18,18.98,87.3
T003,1/25/07,8.1,7.32,188.63,37.11,19.77,91.26
T003,2/6/07,10.07,7.17,183.54,36.04,18.9,87.86
T003,2/20/07,11.36,7.12,183.24,39.25,18.42,84.99
T003,3/6/07,13.33,7.14,186.94,40.16,18.34,82.82
T003,3/22/07,29.75,7.04,159.69,28.97,16.5,73.6
T003,4/3/07,34.85,6.98,158.44,29.62,15.99,71.42
T003,4/17/07,22.44,7.02,157.54,31.85,15.86,75.95
T003,5/1/07,27.15,6.48,153.8,30.36,17.03,76.6
T003,5/14/07,14.79,6.94,174.81,34.48,15.83,79.56
T003,5/30/07,8.43,7.2,186.79,37.36,15.76,86.3
T003,6/12/07,6.21,6.9,204.75,40.4,15.78,90.3
T003,7/18/07,3.78,6.94,227.26,43.94,18.75,99
T003,8/8/07,4.61,7.02,233.89,44.11,18.42,101.57
T003,9/13/07,2.32,6.81,237.59,42.95,22.84,111.31