Date,00000000,11472200,11475560,11475800,11478500
1958-01-01,341.0,312.6253113325033,378.2173913043478,376.09640258690393,365.08393713075463
1958-02-01,614.0,567.0688044831882,674.3162055335968,664.1517784963622,575.0416898896444
1958-03-01,252.0,232.694894146949,271.6363636363636,266.102465642684,244.85776390591906
1958-04-01,223.0,203.389788293898,229.60474308300397,216.33205335489095,188.35837699253153
1958-05-01,40.0,36.74159402241595,43.083003952569165,42.6543047696039,39.328391483669606
1958-06-01,22.0,20.39726027397261,25.379446640316203,23.228375101050947,35.91204993869133
1958-07-01,8.0,8.035336239103366,8.897233201581027,8.060933710590136,12.050941923977259
1958-08-01,9.0,6.6354296388542995,13.395256916996047,12.721402586903803,20.35258053728682
1958-09-01,8.0,6.364259028642593,11.0,11.082154405820535,18.654442091182695
1958-10-01,15.0,12.41952054794521,18.964426877470355,19.45978172999192,27.335414112139116
1958-11-01,67.0,55.080012453300135,90.88142292490119,91.3085084882781,111.14457697023742
1958-12-01,105.0,92.61254669987551,122.1897233201581,121.23757073565082,140.50128190837142
1959-01-01,449.0,406.62889165628906,509.38735177865607,505.88793451899784,464.9351242893769
1959-02-01,288.0,257.81195516811965,339.04347826086956,339.09054163298305,349.0938579868466
1959-03-01,59.0,51.12048567870487,73.67588932806323,75.24828213419568,100.88206442982946
1959-04-01,18.0,17.101650062266508,18.861660079051383,17.967562651576397,18.973024189053625
1959-05-01,6.0,5.284557907845581,8.102766798418973,8.673201293451898,15.49359045814291
1959-06-01,1.0,0.5700498132004982,1.0,1.0346604688763137,2.431390034555791
1959-07-01,0.0,0.0,0.0,0.0,0.0
1959-08-01,13.0,11.530666251556664,13.877470355731226,11.980396119644302,2.1119161743395387
1959-09-01,99.0,89.86285803237861,99.36758893280631,94.8050727566694,86.36361609631035
1959-10-01,14.0,10.9730697384807,19.984189723320156,20.662691996766377,27.921190502731026
1959-11-01,4.0,2.9585927770859293,5.0,5.185529506871464,7.492475755211237
1959-12-01,112.0,100.01338729763393,128.28853754940712,125.86711802748589,121.41890536172112
1960-01-01,267.0,249.03284557907855,285.44268774703556,281.3945028294261,243.30130420243003
1960-02-01,274.0,252.64710460772116,300.09881422924894,298.9165319320939,304.0703377549884
1960-03-01,211.0,188.3026151930263,244.901185770751,244.78658043654005,265.16988072678635
1960-04-01,93.0,82.90722291407224,102.56521739130434,97.15066693613585,91.3235982610634
1960-05-01,55.0,48.1900684931507,66.05138339920948,68.20584074373487,99.73581540519449
1960-06-01,0.0,0.0,0.0,0.0,0.0
1960-07-01,1.0,0.965442092154421,1.0,1.0,0.49994426485341664
1960-08-01,1.0,1.0,1.0,1.0,1.0
1960-09-01,2.0,1.9565691158156915,2.0,2.0080840743734845,4.469512874818863
1960-10-01,47.0,40.056973848069745,55.77470355731226,54.74474535165726,51.9643295061866
1960-11-01,307.0,275.07627646326284,346.7114624505929,337.6187348423607,345.0383457808494
1960-12-01,291.0,266.41282689912833,313.596837944664,305.64763540824583,286.3970571842604
1961-01-01,191.0,177.74704234122052,202.9288537549407,199.10125303152796,167.1179355701706
1961-02-01,190.0,166.37235367372364,230.49802371541503,232.5931689571544,261.44220265299293
1961-03-01,221.0,195.9654420921545,261.60869565217394,261.4394704931286,288.3331847062758
1961-04-01,68.0,58.242372353673744,80.69169960474308,78.85822554567504,93.59736930108127
1961-05-01,49.0,42.25793897882941,62.154150197628454,64.09721099434115,82.50975365065209
1961-06-01,5.0,4.260585305105853,5.861660079051383,5.22008892481811,9.395831011035561
1961-07-01,2.0,1.7208904109589045,2.0,1.7136216653193217,1.4663917066101886
1961-08-01,19.0,15.846513075965142,21.739130434782606,19.62459579628133,14.30743506855423
1961-09-01,29.0,26.927148194271492,28.960474308300395,27.220998383185133,22.74027421692119
1961-10-01,40.0,31.89025529265256,54.46640316205533,55.66693613581244,76.22360940809276
1961-11-01,267.0,241.40193026151937,295.6126482213439,285.8398342764754,258.01816965778613
1961-12-01,209.0,191.68664383561656,224.24901185770747,218.6020614389653,215.29784862334188
1962-01-01,90.0,79.56288916562893,108.10276679841897,108.59913096200486,106.76045033998442
1962-02-01,335.0,315.82907845579086,347.92490118577075,342.34579628132605,315.85285921301977
1962-03-01,176.0,161.95672478206728,192.34782608695653,188.27162489894903,171.1958533050942
1962-04-01,31.0,24.546855541718564,41.65612648221344,41.39147130153599,58.119273213688544
1962-05-01,17.0,14.383561643835623,20.739130434782606,21.656325788197254,32.37777282354252
1962-06-01,3.0,2.994863013698631,3.897233201581028,3.1760307194826205,3.0844944822204883
1962-07-01,1.0,0.7582503113325032,1.0,0.9975747776879548,0.8944376323709732
1962-08-01,44.0,31.820828144458297,63.67588932806325,61.4862570735651,93.15839928659015
1962-09-01,28.0,23.932440846824413,31.944664031620555,30.866814874696853,29.563036450785873
1962-10-01,329.0,299.9525217932753,345.92885375494075,339.82386822958784,354.43662913833447
1962-11-01,127.0,105.08795143212959,167.96442687747037,169.1571341956347,217.80191728904245
1962-12-01,211.0,197.10756537982573,215.33596837944663,208.49262328213425,191.39460483781068
1963-01-01,176.0,171.07004981320057,170.06324110671935,164.8099232012935,122.65031769033556
1963-02-01,163.0,147.67995018679954,188.0474308300395,187.7857720291027,192.9962100100323
1963-03-01,219.0,197.85663138231644,246.21343873517787,243.21109539207762,237.60940809274325
1963-04-01,341.0,300.2226027397261,382.05533596837944,365.95604284559425,374.03321814736364
1963-05-01,40.0,35.060709838107115,49.051383399209485,50.995654810024284,74.7110690001115
1963-06-01,3.0,2.697851805728519,4.861660079051383,4.549413904607921,7.604057518671276
1963-07-01,0.0,0.05136986301369865,1.0,0.9985852869846402,2.101215026195519
1963-08-01,1.0,0.8469800747198006,1.0,1.019199676637025,1.5256939025749638
1963-09-01,5.0,3.284402241594024,6.9644268774703555,7.242219078415523,14.501281908371418
1963-10-01,167.0,145.06211083437114,196.64426877470356,193.84175424413908,192.96120833797795
1963-11-01,377.0,343.7619863013701,406.802371541502,394.7316087308004,378.61687660238545
1963-12-01,71.0,60.87966998754672,87.24505928853755,86.52819320937756,94.84583658455021
1964-01-01,235.0,205.99750933997512,284.08695652173907,287.1114591754244,310.8262178129529
1964-02-01,16.0,12.902085927770864,22.620553359683793,23.1478375101051,29.030765800914057
1964-03-01,111.0,98.12608966376092,133.6403162055336,132.83963217461607,136.38657897670268
1964-04-01,17.0,14.764476961394772,19.209486166007906,18.616713823767185,17.76502062200424
1964-05-01,27.0,24.169831880448324,32.94861660079051,33.654911075181886,41.72556013822317
1964-06-01,14.0,13.58468244084683,14.08695652173913,13.003940986257076,18.741611860439193
1964-07-01,6.0,6.013231631382317,8.0,7.62489894907033,9.355255824322816
1964-08-01,3.0,2.706413449564135,3.897233201581028,3.2422190784155225,3.6052836918961098
1964-09-01,15.0,14.631070983810718,13.99604743083004,12.850848827809218,8.335414112139118
1964-10-01,110.0,100.03502490660027,115.97233201581025,112.2651576394503,91.63092185932452
1964-11-01,409.0,370.4481631382318,452.96837944664026,439.06618835893295,408.9489466057296
1964-12-01,550.0,491.26323163138244,622.6403162055336,617.1056992724333,680.1427934455465
1965-01-01,270.0,250.31133250311345,293.2727272727273,290.6355092966856,279.3864675064095
1965-02-01,50.0,45.36721668742218,55.845849802371546,55.35670978172999,54.48857429495039
1965-03-01,58.0,53.88356164383562,62.051383399209485,60.05284963621667,49.39315572399956
1965-04-01,245.0,219.07300747198013,266.4110671936759,253.65844785772032,255.78140675509982
1965-05-01,4.0,3.5986924034869245,6.0,6.17330234438157,8.122728792776725
1965-06-01,3.0,2.6097447073474482,4.533596837944663,4.060327405012126,6.8543083268309
1965-07-01,2.0,1.566158156911582,1.0,1.0429466451091352,1.0386801917289041
1965-08-01,54.0,46.370330012453316,53.61660079051383,48.50656831042846,56.621892765577975
1965-09-01,2.0,1.0614881693648819,2.0,1.939571544058206,1.675844387470739
1965-10-01,12.0,10.014165628891659,15.067193675889328,15.419866612772841,18.295619217478546
1965-11-01,445.0,408.2061021170611,477.1067193675889,458.5941794664512,387.5513320700033
1965-12-01,198.0,178.12064134495648,219.49802371541503,214.12318108326605,199.48578753762118
1966-01-01,320.0,287.0527708592777,366.5849802371541,367.10135408245765,373.10968676847614
1966-02-01,167.0,154.3490037359901,180.59683794466403,177.86792643492322,158.8427154163416
1966-03-01,91.0,74.03440224159407,124.86956521739131,127.98019401778498,169.76580091405643
1966-04-01,49.0,43.197540473225416,54.2094861660079,52.837308003233645,66.21692119050273
1966-05-01,6.0,5.399750933997512,6.0,6.326394502829427,6.318916508750418
1966-06-01,2.0,2.0,3.0,2.8674211802748593,5.956415115371755
1966-07-01,1.0,0.48988169364881706,1.0,1.019199676637025,1.7781741165979268
1966-08-01,16.0,13.613792029887925,17.758893280632407,15.986964430072756,13.64886857652436
1966-09-01,27.0,22.768679950186808,30.94466403162055,29.855194017784974,26.258834020733477
1966-10-01,4.0,2.997198007471981,7.881422924901186,8.49888843977365,16.52223832348679
1966-11-01,452.0,409.968088418431,493.4347826086957,477.50727566693627,444.6356036116375
1966-12-01,296.0,268.1220423412205,323.82608695652175,318.99616006467255,334.1032214914725
1967-01-01,402.0,376.80899750934003,423.04743083003956,418.52748585287003,394.1446884405306
1967-02-01,27.0,23.738325031133257,31.881422924901187,31.990400161681485,32.68520789209677
1967-03-01,272.0,244.06849315068501,310.74308300395256,306.16845189975754,282.67863114479997
1967-04-01,248.0,226.74237235367383,257.8458498023715,243.16410670978178,205.17322483558135
1967-05-01,14.0,11.878891656288923,19.739130434782606,20.683407437348432,32.5629249804927
1967-06-01,22.0,21.04732254047323,21.743083003952567,18.945432497978988,13.908259948723668
1967-07-01,1.0,1.0,1.0,1.2808205335489085,1.892431167093969
1967-08-01,2.0,1.6254669987546708,3.0,2.814672594987874,4.815628135101996
1967-09-01,12.0,9.722914072229143,16.636363636363637,16.482821341956356,18.730130420243007
1967-10-01,76.0,63.802459526774605,94.3596837944664,93.67673807599033,94.46438524133319
1967-11-01,153.0,137.135896637609,174.08300395256916,169.5284963621666,168.08282242782298
1967-12-01,225.0,202.90800124533004,248.7075098814229,243.51192400970103,232.38635603611635
1968-01-01,356.0,329.1105230386052,389.5256916996047,385.0049514955539,349.9642180358934
1968-02-01,183.0,172.38776463262766,194.8893280632411,192.9677647534358,193.5386244565823
1968-03-01,129.0,116.8376400996264,143.1581027667984,141.7157437348424,143.57897670270876
1968-04-01,21.0,19.666562889165636,19.1897233201581,18.05507275666936,14.853193623899234
1968-05-01,25.0,21.534869240348705,30.98418972332015,31.946544058205337,40.16408427154163
1968-06-01,4.0,3.53502490660025,4.897233201581027,4.220998383185126,5.036227845279234
1968-07-01,1.0,0.39212328767123295,1.0,1.0,1.7877605618102772
1968-08-01,100.0,82.99797633872981,110.56916996047431,100.93451899757478,110.93735369524022
1968-09-01,6.0,4.910180572851806,8.0,8.299616006467257,10.348121725560139
1968-10-01,82.0,72.45688044831883,92.08300395256917,92.2539409862571,115.7809608739271
1968-11-01,214.0,193.85476338729774,236.82213438735178,229.49393694422,221.25872255044032
1968-12-01,539.0,491.4542341220425,581.1462450592884,563.7504042037187,490.052056626909
1969-01-01,474.0,440.6668742216689,504.9604743083004,499.7743532740504,456.05651543863564
1969-02-01,361.0,337.204701120797,386.64031620553357,380.07164510913515,333.71965221268533
1969-03-01,85.0,80.2079701120797,90.0513833992095,86.48181083265968,62.5899007914391
1969-04-01,102.0,91.54529887920299,110.29644268774703,105.76596604688767,109.14558020287595
1969-05-01,6.0,4.4635740971357425,9.636363636363635,10.228476151980601,17.716085163303983
1969-06-01,8.0,6.3435554171855575,10.430830039525691,9.717562651576392,16.79088173001895
1969-07-01,0.0,0.0,0.6521739130434783,0.46917946645109143,2.222940586333742
1969-08-01,0.0,0.0,0.0,0.0,0.0
1969-09-01,9.0,6.690535491905358,11.964426877470355,11.906426839126922,14.348902017612307
1969-10-01,99.0,89.09464508094652,107.09486166007905,105.11024656426842,104.12261732248356
1969-11-01,95.0,81.83359277708597,114.1699604743083,112.05689167340341,111.56749526251252
1969-12-01,570.0,524.8117995018683,602.4584980237153,585.9197655618432,534.057407200981
1970-01-01,608.0,570.3184931506851,639.9407114624504,635.3985448666128,618.617211013265
1970-02-01,116.0,105.77661892901625,129.16996047430828,128.8780315278901,127.87348121725559
1970-03-01,101.0,93.97291407222916,108.44664031620555,106.45897332255458,100.72901571731134
1970-04-01,31.0,26.29747820672479,36.70750988142293,35.577607113985465,39.30854977148589
1970-05-01,7.0,5.643991282689912,11.739130434782608,12.82750606305578,24.203321814736373
1970-06-01,13.0,12.434931506849317,12.656126482213438,11.081345998383188,12.51410099208561
1970-07-01,0.0,0.0,0.0,0.0,0.0
1970-08-01,0.0,0.0,0.0,0.0,0.0
1970-09-01,1.0,1.0,2.0,2.1021624898949076,3.1190502731022187
1970-10-01,94.0,83.57876712328769,105.11462450592886,104.40834680679065,112.5877828558689
1970-11-01,465.0,419.40722291407235,519.6245059288539,510.6898746968473,575.4876825326052
1970-12-01,449.0,407.36363636363654,486.42687747035575,475.90774050121263,467.58176346003785
1971-01-01,227.0,204.2319427148194,258.65612648221344,256.14086499595805,228.25437520900678
1971-02-01,32.0,25.14554794520549,47.13833992094862,48.639955537590964,65.31936238992309
1971-03-01,217.0,192.7272727272728,254.3873517786561,253.86499595796278,275.4461041132538
1971-04-01,65.0,55.67559153175594,77.69169960474309,75.56790622473731,86.39126072901573
1971-05-01,29.0,26.680728518057297,31.18577075098814,31.33336701697657,32.62735480994316
1971-06-01,6.0,5.198630136986302,9.43083003952569,9.142683912691997,20.652547096198866
1971-07-01,1.0,0.7300747198007472,1.6719367588932805,1.6347008892481811,2.7632370973135663
1971-08-01,14.0,10.71715442092155,19.640316205533598,18.22251414713015,20.590458142904918
1971-09-01,22.0,16.8865193026152,29.60079051383399,30.68654001616816,54.229182922751086
1971-10-01,30.0,25.46139476961395,36.810276679841905,36.72746564268392,41.38167428380337
1971-11-01,187.0,158.47431506849318,234.56521739130434,233.23433710590137,277.8992308549772
1971-12-01,298.0,270.75498132004986,323.4624505928853,313.71453112368647,277.98718091628575
1972-01-01,136.0,117.62141967621423,171.26086956521738,173.81073160873083,197.21257384906923
1972-02-01,135.0,117.7224470734745,164.96442687747037,166.99151172190795,184.61888306766247
1972-03-01,86.0,69.95532378580326,118.83399209486166,122.77728375101054,173.32783413220383
1972-04-01,93.0,82.09744707347448,104.10671936758894,100.20563864187554,107.35313788875267
1972-05-01,25.0,22.387764632627654,28.71936758893281,28.624292643492325,30.15984840040129
1972-06-01,7.0,6.065224159402245,10.395256916996047,9.807093775262732,18.304536840931892
1972-07-01,0.0,0.0,0.0,0.0,0.0
1972-08-01,6.0,4.329545454545454,7.0,6.956952303961199,10.822316352692008
1972-09-01,57.0,48.734589041095894,66.87351778656125,65.19543249797901,63.219707947831914
1972-10-01,150.0,139.81958281444585,152.19367588932806,145.4663500404204,108.71920633151267
1972-11-01,334.0,309.6013387297635,346.74703557312256,331.3924818108328,266.8681306431837
1972-12-01,265.0,238.9814757160649,293.3399209486166,287.58548908649965,285.51699921970794
1973-01-01,458.0,435.83608343711103,465.0790513833992,454.28809620048526,361.59068108349123
1973-02-01,288.0,275.1279576587796,293.4347826086957,283.90945836701707,208.1395608070449
1973-03-01,175.0,158.81755915317564,197.46245059288538,194.05264753435733,180.58689109352355
1973-04-01,19.0,15.786270236612705,23.8102766798419,23.10913500404205,25.597926652547105
1973-05-01,10.0,8.472758405977586,12.102766798418973,12.674616006467264,18.0905138780515
1973-06-01,1.0,0.9659090909090908,1.0,1.0,1.866012707613421
1973-07-01,1.0,0.7535803237858033,1.0,1.0,1.326830899565266
1973-08-01,2.0,1.1953611457036117,2.0,2.058306386418755,2.376992531490358
1973-09-01,43.0,34.734277708592785,53.893280632411056,54.30143492320131,76.00679968788319
1973-10-01,161.0,144.94209215442098,173.9169960474308,169.98777283751016,164.8378107234422
1973-11-01,636.0,573.3216064757163,702.1067193675889,684.8182093775265,693.2994092074462
1973-12-01,306.0,275.88714196762146,342.7549407114625,337.6356103476152,358.166313677405
1974-01-01,314.0,286.0711394769615,350.0158102766798,349.9388641875507,353.9633262735481
1974-02-01,137.0,119.74050435865506,165.36363636363635,168.08306386418755,198.02073347452907
1974-03-01,304.0,276.4179638854297,337.29644268774706,333.67087712206967,332.13800022294055
1974-04-01,114.0,99.45734744707349,131.55335968379447,128.35115198059825,153.09664474417562
1974-05-01,7.0,6.3700186799501894,8.0,7.846200485044462,6.801805818749306
1974-06-01,4.0,2.8625466998754683,5.778656126482213,5.423201293451901,11.273213688552003
1974-07-01,20.0,19.137764632627654,22.363636363636367,20.49706952303961,18.908594359603168
1974-08-01,8.0,5.574564134495642,11.861660079051385,11.41764349232013,16.32036562256159
1974-09-01,1.0,1.0,1.0,1.0196038803556993,0.6119719094861218
1974-10-01,82.0,74.52397260273975,86.7509881422925,83.91542037186746,75.13721993088839
1974-11-01,77.0,66.71435242839355,92.20553359683795,91.42441390460792,107.09742503622786
1974-12-01,308.0,279.90348692403495,337.92094861660075,328.54314874696854,300.54319473860215
1975-01-01,118.0,102.83919676214201,145.60474308300397,147.2260509296686,167.33898116152045
1975-02-01,340.0,316.3261207970112,363.596837944664,360.3411479385611,348.29060305428607
1975-03-01,374.0,336.84993773349953,427.4347826086957,424.67198868229605,441.188384795452
1975-04-01,83.0,72.4400684931507,95.53359683794467,92.9787793047696,113.24133318470624
1975-05-01,6.0,4.19738480697385,9.636363636363635,10.459377526273245,20.749972132426706
1975-06-01,3.0,2.0907534246575348,3.897233201581028,3.710084882780923,7.768699141678743
1975-07-01,14.0,14.050902864259035,14.980237154150197,13.210691188358938,8.107011481440198
1975-08-01,19.0,15.609277708592787,22.73913043478261,21.2998181083266,25.89020176123063
1975-09-01,1.0,1.0,1.0,1.0,1.0
1975-10-01,204.0,180.97509339975102,227.36363636363635,225.2974939369442,254.84695128748194
1975-11-01,93.0,78.7381693648817,116.7905138339921,116.16127728375106,139.07067216586788
1975-12-01,120.0,101.84978206724786,151.79446640316203,152.15824575586103,176.14212462378777
1976-01-01,32.0,27.218555417185566,42.501976284584984,43.54961600646728,53.54720766915617
1976-02-01,147.0,125.1125466998755,189.501976284585,193.71867421180278,234.0238546427377
1976-03-01,68.0,60.6620485678705,79.70750988142292,79.18270008084077,83.73403188050382
1976-04-01,130.0,116.40800124533004,140.77470355731222,133.5965036378335,120.2260617545424
1976-05-01,2.0,1.4917496886674975,3.6363636363636362,3.990703314470495,8.173336305874484
1976-06-01,4.0,3.194115815691159,4.0,3.854082457558611,2.9575298183034224
1976-07-01,5.0,4.138698630136987,7.0,6.706244947453516,9.927990190614201
1976-08-01,78.0,64.58935242839355,86.31225296442688,79.9544260307195,104.07579979935348
1976-09-01,21.0,19.64196762141968,18.308300395256914,17.182902182700083,15.003789989967675
1976-10-01,14.0,13.206413449564138,14.328063241106719,13.704426030719482,9.728235425259166
1976-11-01,83.0,74.3790473225405,91.86166007905138,88.6460185933711,73.9794894660573
1976-12-01,41.0,39.81366749688669,39.205533596837945,36.99605901374293,21.123063203656226
1977-01-01,90.0,85.97540473225409,90.96047430830039,89.15784155214232,77.29517333630587
1977-02-01,75.0,67.80105853051062,86.5296442687747,86.38005254648343,88.82443428826221
1977-03-01,101.0,90.51494396014945,116.30830039525692,114.82750606305578,115.12473525805373
1977-04-01,16.0,12.762764632627654,19.498023715415023,19.199474535165727,28.103110021179354
1977-05-01,72.0,68.06771481942715,74.84189723320158,74.40935731608731,74.00256381674285
1977-06-01,1.0,1.0,1.8972332015810278,1.4220897332255455,3.570282019841713
1977-07-01,3.0,2.8147571606475728,3.0,2.6604688763136632,1.0278675732917177
1977-08-01,10.0,7.929016189290165,13.675889328063242,12.563965238480197,14.582209341210568
1977-09-01,102.0,86.96715442092159,115.72727272727272,114.03961196443007,141.20254152268416
1977-10-01,55.0,45.52677459526776,71.39525691699605,71.8965238480194,82.79400289822765
1977-11-01,212.0,195.24206102117066,221.39130434782612,215.62025060630563,230.19696800802592
1977-12-01,360.0,327.5207036114571,390.58102766798424,382.14268391269206,374.8099431501505
1978-01-01,522.0,491.5543275217934,544.2766798418972,533.0805375909463,443.27354809943154
1978-02-01,262.0,243.02973225404742,286.4901185770751,281.6030719482619,248.97647976814181
1978-03-01,233.0,220.6623599003737,237.40316205533594,230.78738884397742,207.25091962991863
1978-04-01,207.0,186.64772727272734,221.5296442687747,210.14975747776887,199.05506632482448
1978-05-01,13.0,10.949252801992536,16.636363636363637,17.1642077607114,22.307880949726904
1978-06-01,2.0,1.1651618929016192,2.7786561264822134,2.6348019401778497,7.187604503399845
1978-07-01,1.0,0.41811955168119563,1.0,1.0,1.6750640954185707
1978-08-01,10.0,7.112702366127023,16.77865612648221,16.316188358932905,25.992865901237312
1978-09-01,81.0,69.39741594022418,91.8181818181818,90.25171786580438,104.85040686657004
1978-10-01,0.0,0.032845579078455804,1.0,0.9935327405012127,1.0
1978-11-01,72.0,65.15457658779579,79.70355731225297,78.24656426839128,93.27321368855202
1978-12-01,50.0,42.489726027397275,62.36363636363636,61.391067097817306,58.00022294058633
1979-01-01,324.0,311.91594022415944,321.7312252964427,312.13419563459996,230.167651320923
1979-02-01,306.0,284.553704856787,328.9920948616601,325.5953920776072,308.0043473414336
1979-03-01,138.0,127.22727272727276,150.94466403162056,147.7507073565077,131.27834132203768
1979-04-01,103.0,89.9782067247821,118.27667984189722,113.9402789005659,127.3973915951399
1979-05-01,37.0,32.729296388542956,43.379446640316196,44.80729587712209,58.797681417902126
1979-06-01,0.0,0.0,0.0,0.05163702506063057,1.0
1979-07-01,6.0,4.596668742216688,9.91699604743083,9.532437348423606,15.152937242224954
1979-08-01,12.0,11.042963885429645,11.810276679841898,11.294058205335494,21.68498495151043
1979-09-01,19.0,16.427615193026163,22.980237154150196,22.476960388035568,26.277561029985502
1979-10-01,205.0,177.76634495641352,241.88537549407116,241.50000000000006,281.26396165421914
1979-11-01,337.0,307.4870797011208,365.35573122529644,351.67188763136625,296.80905138780514
1979-12-01,335.0,320.16889788293906,324.2094861660079,307.82346402586904,231.15104224724112
1980-01-01,202.0,195.38013698630138,197.596837944664,191.90410266774455,156.62166982499167
1980-02-01,353.0,335.5158779576589,362.79446640316206,352.8265966046889,272.617879835024
1980-03-01,112.0,96.50700498132011,138.84584980237156,139.29314874696854,159.81272990747965
1980-04-01,117.0,103.13854296388548,130.83003952569172,124.56022635408249,117.43908148478432
1980-05-01,29.0,26.43228518057285,33.719367588932805,33.78759094583671,38.274328391483664
1980-06-01,11.0,10.271014943960155,10.122529644268774,9.280012126111565,12.018504068665703
1980-07-01,3.0,2.982254047322541,2.0830039525691695,1.9570533548908655,0.9097090625348346
1980-08-01,0.0,0.0,0.0,0.2971907841552143,1.0
1980-09-01,12.0,10.638698630136991,12.08300395256917,11.629345189975753,8.393713075465389
1980-10-01,51.0,43.88885429638856,61.529644268774696,61.296685529506895,64.11704380782521
1980-11-01,48.0,40.07378580323786,61.01581027667984,60.89773645917545,75.67250027867571
1980-12-01,263.0,241.96497509339983,277.90909090909093,271.5699272433307,272.0273102218259
1981-01-01,375.0,350.04794520547955,400.8853754940711,392.4752425222313,312.8193066547764
1981-02-01,126.0,113.39165628891658,144.3399209486166,144.2492926434924,148.16687102887076
1981-03-01,171.0,158.8583437110835,182.1185770750988,178.49181487469687,173.91249581986398
1981-04-01,48.0,44.878113325031144,48.58102766798419,44.94118835893291,37.24902463493479
1981-05-01,38.0,33.48770236612703,43.06719367588932,43.751818916734045,50.83992865901237
1981-06-01,2.0,1.4682440846824414,3.0,2.9363379143088117,6.82800133764352
1981-07-01,3.0,3.0990037359900375,2.3280632411067192,2.1900767987065484,3.0393490134879064
1981-08-01,1.0,0.6050747198007472,1.0,1.0,1.0
1981-09-01,48.0,41.315068493150704,54.561264822134376,53.028799514955566,54.06275777505295
1981-10-01,200.0,180.50887297633878,218.74308300395256,213.91067097817307,207.67428380336636
1981-11-01,458.0,420.161581569116,490.12252964426875,476.06204527081667,475.0676624679523
1981-12-01,390.0,356.10040473225416,416.6245059288538,411.02890056588535,451.3142347564374
1982-01-01,264.0,250.4579701120798,271.5296442687747,265.6671382376719,217.75955857763913
1982-02-01,141.0,127.02039227895396,162.67193675889328,165.4528092158448,204.4153383123397
1982-03-01,281.0,258.5919987546701,308.399209486166,303.2959781729993,289.8884182365399
1982-04-01,196.0,172.04747820672486,219.14229249011856,210.90592158447862,221.47865343885854
1982-05-01,0.0,0.0,0.0,0.016471301535974134,1.0
1982-06-01,15.0,13.340286425902866,19.272727272727273,17.645917542441392,27.92341990859436
1982-07-01,2.0,1.8896326276463276,3.0355731225296445,3.271624898949071,7.808271095752982
1982-08-01,2.0,1.4939290161892906,2.8972332015810274,2.732922392886015,5.855423029762569
1982-09-01,51.0,48.132316313823196,47.387351778656125,43.783649959579634,25.59458254375209
1982-10-01,220.0,198.74517434620174,239.2569169960474,233.22514147130158,223.22104559134996
1982-11-01,379.0,348.1145703611458,402.7154150197628,387.3394300727567,329.9812729907479
1982-12-01,353.0,306.88978829389794,424.62055335968375,421.849130962005,479.10611971909475
1983-01-01,377.0,355.74501867995036,394.59288537549406,387.5009094583671,335.38903132315244
1983-02-01,392.0,359.4103362391035,434.52569169960475,432.4047089733227,434.3247129639951
1983-03-01,534.0,499.5006226650064,562.5849802371541,550.0469886822958,508.2720989856204
1983-04-01,242.0,222.60834371108353,251.15415019762844,234.83922797089738,189.0481551666481
1983-05-01,31.0,28.557440846824424,34.312252964426875,34.28213419563462,35.494482220488244
1983-06-01,4.0,3.493773349937734,5.533596837944664,4.997372675828618,8.835581317578864
1983-07-01,8.0,6.394302615193027,14.636363636363637,14.098726758286176,21.203321814736377
1983-08-01,99.0,77.44380448318807,124.93675889328063,116.60519401778501,146.0899565265856
1983-09-01,23.0,20.819427148194283,24.063241106719367,23.697251414713016,29.605395162189275
1983-10-01,41.0,35.97306973848071,47.92885375494071,48.6198464025869,63.01058967785086
1983-11-01,588.0,544.2075031133252,620.5335968379446,595.7341350040422,514.8065990413555
1983-12-01,669.0,616.615193026152,711.7905138339921,689.7621261115605,625.0917400512764
1984-01-01,26.0,24.230074719800754,27.964426877470355,27.630962004850456,23.779288819529594
1984-02-01,124.0,109.63402864259032,148.0316205533597,149.8415521422798,181.41221714413112
1984-03-01,107.0,94.22696139476963,126.53754940711461,127.09185529506873,150.31100211793554
1984-04-01,77.0,66.66500622665008,90.55335968379445,88.09892886014552,107.04514546873261
1984-05-01,19.0,15.682752179327528,26.08695652173913,27.373686337914314,40.81139226396165
1984-06-01,10.0,8.701432129514323,13.758893280632412,13.276475343573162,23.903243785531156
1984-07-01,0.0,0.0,1.0,0.9372473726758287,1.8690224055289264
1984-08-01,16.0,14.319427148194276,14.24110671936759,12.524353274050123,7.940363393155726
1984-09-01,12.0,10.201432129514325,13.616600790513834,13.34731204527082,16.414000668821757
1984-10-01,115.0,102.36846201743465,127.66403162055336,126.1482417138238,136.04659458254372
1984-11-01,597.0,534.291874221669,673.9169960474308,658.0474939369444,670.2067773938245
1984-12-01,140.0,127.69006849315072,152.52964426877472,147.6993734842361,128.29829450451453
1985-01-01,36.0,34.79856787048569,36.29249011857707,35.530416329830246,29.124846728346892
1985-02-01,97.0,86.77661892901625,111.07114624505927,112.19139046079225,121.84951510422474
1985-03-01,203.0,188.8476027397261,216.5889328063241,210.12105901374304,166.76223386467504
1985-04-01,15.0,14.23163138231632,15.861660079051385,14.673605497170575,10.848288930999889
1985-05-01,5.0,3.9386674968866764,8.102766798418973,9.13843977364592,19.384126630253032
1985-06-01,3.0,1.9329078455790794,4.861660079051383,4.918350848827809,15.470404637164199
1985-07-01,3.0,2.7613636363636376,3.0,2.708468067906226,4.628692453461154
1985-08-01,7.0,4.854140722291408,9.897233201581027,9.7965844785772,17.2338646750641
1985-09-01,58.0,52.807907845579095,59.1501976284585,56.89874696847213,58.355367294615974
1985-10-01,85.0,73.10912204234124,101.35573122529644,101.38965238480198,123.73314011815852
1985-11-01,221.0,208.3353051058531,222.40316205533597,211.7276677445433,166.39304425370634
1985-12-01,177.0,163.40317559153178,185.04743083003953,179.4447251414713,156.84940363393153
1986-01-01,312.0,288.83250311332506,341.1304347826087,338.31649151172206,317.1958533050942
1986-02-01,502.0,474.1310709838108,521.2450592885376,511.2412085691192,450.5281462490247
1986-03-01,268.0,249.4117372353674,282.5138339920949,274.98221503637836,230.3445546761788
1986-04-01,51.0,47.11145703611458,51.893280632411056,48.767987065481016,44.68442760004458
1986-05-01,30.0,26.598381070983812,33.43083003952569,34.85196038803558,54.16486456359381
1986-06-01,2.0,1.6811955168119557,2.8972332015810274,2.6389450282942604,3.5295953628358054
1986-07-01,0.0,0.0,0.0,0.019199676637025067,1.0
1986-08-01,1.0,0.8298567870485679,1.0,1.0,0.5678296733920409
1986-09-01,83.0,72.04156288916565,92.16205533596838,91.33811641067099,126.00011147029318
1986-10-01,43.0,36.22322540473227,53.44664031620554,53.30476960388038,64.45936907814068
1986-11-01,33.0,26.74470734744709,44.48221343873518,44.67946645109137,59.23642849180693
1986-12-01,161.0,143.5837484433375,182.2411067193676,177.99029911075186,159.13376435180024
1987-01-01,227.0,207.07612079701127,255.7391304347826,255.20260711398555,253.7602273993981
1987-02-01,169.0,156.1899128268992,181.9090909090909,180.24151172190787,170.46349347898789
1987-03-01,271.0,245.07565379825664,309.1343873517787,305.1353071948262,292.8753762122395
1987-04-01,14.0,11.39679327521794,17.84584980237154,17.388439773645917,19.819641065656004
1987-05-01,14.0,11.962017434620181,17.102766798418973,17.377930476960387,19.90658789432616
1987-06-01,2.0,1.5303549190535497,3.0,2.7271624898949076,5.0873927098428275
1987-07-01,5.0,4.898194271481945,7.0,6.477566693613582,8.870805930219598
1987-08-01,1.0,0.7048567870485678,1.0,1.019199676637025,1.228959982164753
1987-09-01,0.0,0.0,0.0,0.0,0.0
1987-10-01,60.0,55.39834993773352,61.098814229249015,58.25424413904608,38.60294281573963
1987-11-01,197.0,178.681195516812,215.37154150197628,208.30234438156836,183.29160628692455
1987-12-01,479.0,426.3532067247823,544.2845849802371,534.7546483427648,537.9768141790214
1988-01-01,314.0,293.8357721046077,335.02371541501975,330.04072352465647,291.43952736595696
1988-02-01,15.0,14.673100871731014,15.861660079051385,15.13379143088117,9.587671385575744
1988-03-01,17.0,14.139632627646332,23.636363636363637,24.197554567502028,33.3957195407424
1988-04-01,119.0,107.18119551681198,127.600790513834,120.80335489086505,112.89042470181697
1988-05-01,41.0,36.945049813200505,47.1501976284585,48.82801131770413,66.68431612975142
1988-06-01,21.0,18.821295143212957,26.379446640316207,24.599232012934525,41.10333296176569
1988-07-01,0.0,0.10102739726027402,1.0,1.0,1.0
1988-08-01,0.0,0.0,0.0,0.0,0.0
1988-09-01,1.0,0.2048567870485679,1.0,1.0,1.0531713298405976
1988-10-01,19.0,16.518524283935246,22.928853754940707,22.419664510913506,17.89833909263181
1988-11-01,370.0,324.7339663760897,430.97233201581025,424.1340945836702,470.871140341099
1988-12-01,231.0,206.03938356164392,262.70355731225294,258.23938965238483,256.3299520677739
1989-01-01,92.0,79.21622042341224,115.65612648221344,117.3445836701698,135.28848511871587
1989-02-01,50.0,43.13371731008719,61.58498023715414,62.804769603880366,73.92832460149373
1989-03-01,373.0,341.9688667496888,405.69169960474306,399.5167744543252,396.2554899119385
1989-04-01,73.0,64.25031133250313,81.60474308300395,78.68239692805177,89.48534165644857
1989-05-01,20.0,17.186488169364885,27.739130434782606,28.548706548100252,41.54966001560585
1989-06-01,12.0,11.324097135740974,13.08695652173913,12.141067097817304,15.50819306654777
1989-07-01,0.0,0.0,0.10276679841897232,0.5069725141471303,1.4016274662802362
1989-08-01,6.0,4.342932752179329,9.533596837944662,9.14389652384802,14.265187827443985
1989-09-01,102.0,93.41282689912829,102.48616600790514,97.67259498787392,80.89243116709396
1989-10-01,192.0,172.35600871731017,208.6403162055336,203.52728375101054,190.02474640508302
1989-11-01,68.0,61.90426525529268,73.36363636363636,71.0928658043654,61.047932226061754
1989-12-01,5.0,3.8779576587795774,7.881422924901186,8.209074373484238,13.812506966893324
1990-01-01,267.0,244.59542341220433,297.06719367588926,295.263136620857,285.3619440419128
1990-02-01,112.0,102.15488792029893,123.41501976284586,123.3041632983024,125.91048935458701
1990-03-01,87.0,78.15551058530511,99.77470355731225,98.93916734033954,101.18113922639618
1990-04-01,27.0,23.61768368617685,32.70750988142293,31.766370250606307,38.801359937576635
1990-05-01,109.0,98.31086550435872,126.16600790513834,127.43835893290222,136.38579868465052
1990-06-01,2.0,1.9758717310087177,3.8616600790513838,3.6223726758286188,8.333407646862112
1990-07-01,1.0,0.8834059775840597,2.0,2.030315278900567,4.79088173001895
1990-08-01,20.0,15.4777397260274,27.189723320158105,25.87227162489895,41.98829561921749
1990-09-01,21.0,18.427770859277718,21.9802371541502,21.425828617623285,20.257607847508638
1990-10-01,43.0,36.88729763387299,51.426877470355734,50.966248989490715,53.98985620332181
1990-11-01,37.0,31.69816313823163,45.84584980237154,45.77728375101053,57.50774718537509
1990-12-01,80.0,72.74439601494397,88.0,86.48817704122877,82.99910823765464
1991-01-01,37.0,32.698007471980084,43.51778656126482,44.56305578011319,57.3899230854977
1991-02-01,136.0,127.19504981320053,143.41106719367588,141.35367825383995,123.83078809497268
1991-03-01,456.0,428.07518679950186,472.9288537549407,460.1283346806793,373.4652770036785
1991-04-01,59.0,51.85367372353675,66.82608695652173,64.98453920776073,74.22639616542192
1991-05-01,26.0,22.333904109589056,32.73913043478261,33.871160064672594,47.412663025303765
1991-06-01,16.0,15.249533001245332,14.984189723320158,13.353577202910268,11.265745178909821
1991-07-01,2.0,1.761363636363637,3.0,2.7648544866612776,6.5007245569055865
1991-08-01,6.0,4.27194894146949,7.778656126482213,7.131871463217463,12.648645635938022
1991-09-01,0.0,0.0,0.0,0.0,2.7341433507970128
1991-10-01,57.0,51.31460149439603,60.08300395256917,58.81952303961199,59.80593021959647
1991-11-01,75.0,67.12951432129518,83.65217391304347,81.36792643492323,88.15616988072678
1991-12-01,209.0,193.0504358655044,223.16600790513834,215.17259498787394,173.92654107680303
1992-01-01,142.0,130.66858655043592,156.27272727272725,154.49363379143088,133.54241444654997
1992-02-01,343.0,320.0273972602741,364.13043478260875,357.4613985448667,300.49281016609075
1992-03-01,212.0,196.69209215442106,226.6719367588933,220.66188358932914,173.613198082711
1992-04-01,76.0,66.23412204234124,87.68774703557312,85.18492320129346,106.1780180581875
1992-05-01,4.0,3.6900684931506857,6.102766798418973,6.522837510105094,9.430498272210453
1992-06-01,30.0,27.444738480697392,34.604743083003946,31.636115602263555,39.86233418793891
1992-07-01,3.0,2.7613636363636376,4.0,3.748383185125304,5.308772712072234
1992-08-01,1.0,0.9998443337484434,1.0,1.0,1.0278675732917177
1992-09-01,1.0,1.0094956413449563,2.0,2.256871463217462,4.467729350128192
1992-10-01,156.0,140.8863636363637,166.8498023715415,163.63197251414712,169.92865901237323
1992-11-01,49.0,42.49346201743463,60.3794466403162,60.06942198868231,76.7163081038903
1992-12-01,507.0,462.7830012453302,545.6837944664031,530.776273241714,480.1599598706945
1993-01-01,471.0,442.74112702366136,494.5770750988142,484.29395715440603,388.11057853082156
1993-02-01,269.0,252.40628891656297,287.73122529644263,283.77344381568315,251.8370304313901
1993-03-01,143.0,126.22805105853054,169.50197628458497,168.01313662085693,175.90491583992863
1993-04-01,117.0,98.65364259028648,144.86166007905138,141.23807599029917,175.36328168543082
1993-05-01,99.0,88.82067247820675,112.52964426877469,113.58276071139858,119.376769590904
1993-06-01,31.0,28.276930261519308,35.52173913043479,32.285064672595,37.62245011704382
1993-07-01,1.0,0.14072229140722298,1.1027667984189722,1.4766572352465643,3.0916285809831683
1993-08-01,5.0,3.373754669987548,8.533596837944664,8.172392886014553,16.69568609965444
1993-09-01,0.0,0.0,1.0,0.8302344381568313,1.0
1993-10-01,59.0,53.32830012453303,61.8893280632411,60.68280113177044,61.48300078029204
1993-11-01,106.0,99.95376712328768,101.77470355731225,96.56022635408247,70.64184594805484
1993-12-01,234.0,208.3177148194272,264.3438735177866,259.745452708165,265.6444097647977
1994-01-01,182.0,165.5627334993774,206.13833992094862,204.4282538399354,181.22985174451009
1994-02-01,234.0,213.940691158157,260.4940711462451,258.2647534357317,233.68242113476768
1994-03-01,29.0,24.71186176836863,35.984189723320156,36.565379951495565,46.0201761230632
1994-04-01,104.0,93.0910647571607,113.05138339920948,107.2583872271625,89.28971129194069
1994-05-01,51.0,46.13371731008719,57.49802371541501,57.67269603880358,56.66882175900123
1994-06-01,2.0,1.2979452054794525,2.8616600790513833,2.6906831042845596,6.4440976479768155
1994-07-01,1.0,1.1871108343711085,1.0,1.0,1.0
1994-08-01,0.0,0.0,0.0,0.0,0.0
1994-09-01,2.0,2.0216376089663766,3.0,2.7799110751818916,5.788652324155613
1994-10-01,29.0,27.253113325031144,28.272727272727277,27.017582861762335,17.516107457362615
1994-11-01,311.0,281.9662204234123,339.3399209486166,330.1139854486662,332.29405863337433
1994-12-01,259.0,232.22011207970127,292.1660079051384,285.338116410671,266.8242113476758
1995-01-01,741.0,702.8183374844336,766.8498023715415,752.1947251414715,598.8385910154944
1995-02-01,49.0,44.177148194271496,57.845849802371546,57.46210590137431,58.10656560026752
1995-03-01,543.0,501.52054794520575,584.0158102766798,571.3409458367017,504.53160182811285
1995-04-01,165.0,143.73785803237863,191.3320158102767,185.64642279708977,218.6329283246015
1995-05-01,63.0,59.49439601494396,66.47826086956522,65.87590945836703,56.470404637164194
1995-06-01,21.0,19.339352428393525,24.51778656126482,22.91279304769605,37.44053059859547
1995-07-01,2.0,1.66329389788294,4.0,3.6320735650768015,6.551777951176013
1995-08-01,0.0,0.0,1.0,0.9698868229587715,2.5567941143685204
1995-09-01,1.0,0.4150062266500624,2.6363636363636362,2.7292845594179473,7.4533496823096685
1995-10-01,2.0,1.3773349937733503,3.6363636363636362,3.8092158447857742,7.255266971352135
1995-11-01,23.0,19.013231631382325,31.482213438735176,31.943613581244954,49.08337977928882
1995-12-01,582.0,527.5222602739726,637.6284584980237,623.1714834276476,605.4318359157284
1996-01-01,380.0,347.1116127023663,426.80237154150194,425.6651172190786,427.2530375654889
1996-02-01,327.0,299.99610834371117,358.85770750988144,355.09963621665327,335.7591126964664
1996-03-01,119.0,107.15348692403491,133.31225296442685,131.95675020210186,132.37030431390033
1996-04-01,164.0,145.7834682440847,178.81027667984185,171.46503637833476,188.86166536617992
1996-05-01,69.0,61.507471980074726,80.13438735177864,81.68047696038808,100.71931780180583
1996-06-01,1.0,1.0,1.0,1.0,2.831791327611192
1996-07-01,2.0,1.3560087173100877,3.0,2.705436540016169,4.530041244008472
1996-08-01,0.0,0.0,0.0,0.0,0.6886634711849292
1996-09-01,17.0,13.714196762141977,20.964426877470355,20.823261924009717,28.612083379779286
1996-10-01,102.0,90.35725404732256,115.45454545454545,114.78799514955539,128.36807490803702
1996-11-01,180.0,163.13745330012455,197.77470355731225,193.460084882781,208.00501616319244
1996-12-01,678.0,608.0217932752182,754.395256916996,740.108326596605,753.1956303645079
1997-01-01,411.0,389.6871108343712,419.1857707509882,411.6553152789007,341.0380113699699
1997-02-01,49.0,42.94987546699877,59.5494071146245,60.047190784155234,64.47686991416788
1997-03-01,87.0,80.3365504358655,96.03557312252964,94.82447453516575,88.46092966224504
1997-04-01,69.0,58.98957036114572,82.58893280632412,80.22453516572352,93.75922416675955
1997-05-01,37.0,33.63200498132006,39.39525691699605,39.32255456750204,33.44822204882399
1997-06-01,19.0,16.541407222914078,23.517786561264824,21.789713015359748,31.53338535280348
1997-07-01,2.0,2.6186176836861783,3.0,2.7386822958771226,2.9301081261843724
1997-08-01,64.0,53.57736612702368,68.56916996047431,61.80456750202101,54.20321034444321
1997-09-01,30.0,25.008094645080956,36.96442687747035,36.83387227162491,50.19106008248802
1997-10-01,101.0,87.62219800747201,119.25296442687748,118.19725141471302,132.90759112696466
1997-11-01,431.0,395.7584059775842,456.8181818181818,439.11065076798735,361.5280347787315
1997-12-01,204.0,185.79996886674977,220.84189723320156,215.21301535974132,188.12440084717426
1998-01-01,533.0,487.0418742216689,599.5533596837945,596.5946847210995,583.9137219930889
1998-02-01,583.0,544.0390722291409,622.798418972332,615.1605699272434,555.7775052948389
1998-03-01,226.0,201.98645703611461,266.600790513834,265.16400565885215,285.35046260171663
1998-04-01,148.0,134.48116438356172,157.01581027667987,148.9728172999192,135.72288485118716
1998-05-01,53.0,47.79171855541721,62.13438735177865,62.85468876313659,69.34923642849182
1998-06-01,10.0,8.776151930261522,12.656126482213438,11.488075990299114,17.40519451566158
1998-07-01,2.0,1.505915317559154,3.0,2.9029911075181896,4.094749749191841
1998-08-01,0.0,0.0,0.0,0.0,0.4991639728012484
1998-09-01,3.0,3.0,3.0,3.013641875505256,5.2183703043139005
1998-10-01,92.0,81.45112079701126,106.37154150197628,105.28718674211805,113.45435291494815
1998-11-01,382.0,335.8932129514322,451.62845849802363,445.5326394502831,526.0593021959646
1998-12-01,113.0,97.7889165628892,138.46245059288538,137.99333063864196,162.538401515996
1999-01-01,163.0,146.93057285180572,183.5691699604743,183.4578617623283,196.28558689109352
1999-02-01,394.0,357.88745330012466,439.70355731225294,437.5465844785772,446.5977037119609
1999-03-01,230.0,206.70283312577843,264.79841897233206,261.75919563459985,248.66191060082488
1999-04-01,96.0,86.024595267746,101.08695652173913,95.6003435731609,84.02441199420353
1999-05-01,8.0,6.730074719800749,11.636363636363638,12.139955537590946,19.35659346784082
1999-06-01,7.0,6.826899128268994,7.980237154150197,7.404810024252222,7.9403633931557245
1999-07-01,1.0,0.7613636363636365,1.0,1.0,1.0
1999-08-01,14.0,11.478829389788299,15.758893280632412,14.680274858528707,18.52313008583213
1999-09-01,2.0,2.0,2.0,2.0,1.1119161743395385
1999-10-01,51.0,44.38465130759653,60.42687747035573,60.19715036378337,75.11693233753206
1999-11-01,281.0,249.2350560398506,323.1146245059288,314.0431487469686,296.0419128302308
1999-12-01,65.0,55.789694894146976,79.32806324110672,79.20968067906227,93.18637833017503
2000-01-01,332.0,302.50342465753425,375.1857707509881,373.40521422797104,378.1775721770148
2000-02-01,392.0,361.81055417185564,425.92094861660075,420.65824575586106,389.74239215249133
2000-03-01,121.0,110.58966376089664,134.65217391304347,132.2557599029911,123.43317355924646
2000-04-01,139.0,124.57113947696146,149.7905138339921,141.87227162489896,138.10723442202655
2000-05-01,66.0,60.83468244084683,73.46245059288538,73.730800323363,68.3563705272545
2000-06-01,16.0,15.112391033623911,17.517786561264824,15.807194826192404,16.142124623787765
2000-07-01,2.0,1.3893212951432135,3.0,2.705436540016169,4.711180470404638
2000-08-01,1.0,0.7957658779576589,1.0,1.0,1.738379221937354
2000-09-01,22.0,19.569738480697392,22.877470355731223,22.394502829426035,31.224947051610748
2000-10-01,169.0,150.23521170610215,188.55335968379444,184.4125909458368,170.84739716865457
2000-11-01,79.0,70.06569115815692,91.18577075098814,89.08690379951499,92.04079812729908
2000-12-01,71.0,61.40660024906602,84.34387351778655,83.5957962813258,96.61487013710845
2001-01-01,232.0,218.26899128269002,245.45849802371544,240.17764753435736,187.445546761788
2001-02-01,269.0,248.48443337484443,290.0276679841897,283.58356911883607,224.87794002898224
2001-03-01,132.0,120.86067870485684,147.53359683794466,144.89066289409865,128.64418682421132
2001-04-01,75.0,66.48707970112082,84.25691699604742,80.90289005658853,87.95797569947611
2001-05-01,3.0,2.51774595267746,5.102766798418972,5.7660670978173005,13.991528257719315
2001-06-01,14.0,12.279420921544213,15.65612648221344,15.014652384801936,27.8152937242225
2001-07-01,1.0,0.7954545454545454,2.0,1.729183508488279,3.112139114925873
2001-08-01,3.0,2.423256537982566,4.861660079051383,4.435428455941795,5.435291494816632
2001-09-01,18.0,16.028953922789547,19.9802371541502,19.482720291026684,25.55623676290268
2001-10-01,57.0,52.136052303860545,59.88932806324111,58.370957962813264,50.39950953071006
2001-11-01,413.0,373.3829389788295,454.59288537549406,441.208265966047,429.1552781183815
2001-12-01,554.0,503.0717621419679,601.1304347826087,585.7564672594989,534.8101660907369
2002-01-01,200.0,182.96746575342476,224.8577075098814,223.70402182700084,216.11492587225507
2002-02-01,114.0,97.61861768368624,143.6877470355731,145.4512934518998,170.94092074462156
2002-03-01,96.0,85.7638542963886,109.90118577075098,108.9354284559418,112.49370192843604
2002-04-01,33.0,27.125155666251565,42.55335968379446,42.280820533548905,66.6457474083157
2002-05-01,41.0,38.626089663760894,40.84189723320157,40.51000404203719,36.36974696243452
2002-06-01,1.0,0.5303549190535493,1.7786561264822136,1.5617421180274857,4.188050384572512
2002-07-01,1.0,0.6128580323785804,1.0,1.0,1.686991416787426
2002-08-01,2.0,1.3061955168119557,2.0,2.0,1.7250027867573292
2002-09-01,1.0,0.737546699875467,1.0,1.0,2.7882064429829447
2002-10-01,1.0,1.0,1.0,1.1190379951495553,1.0
2002-11-01,207.0,188.33748443337495,223.51383399209487,215.92380759902997,201.77538735926868
2002-12-01,866.0,783.9785180572854,947.3873517786561,922.2346402586907,840.5225727343663
2003-01-01,220.0,199.71746575342473,250.46245059288538,248.8866208569119,238.65120945268092
2003-02-01,120.0,109.06942714819428,135.27272727272728,134.51576394502834,128.48523018615535
2003-03-01,161.0,141.9534557907846,189.5691699604743,188.64106709781734,202.1380002229405
2003-04-01,332.0,290.1133250311333,380.11067193675893,365.54567502021035,369.0191728904248
2003-05-01,42.0,38.41811955168121,45.39525691699605,45.41036782538403,42.57518671274106
2003-06-01,0.0,0.0,0.0,0.0,0.4187938914279345
2003-07-01,2.0,2.1866438356164393,2.0,1.9203718674211805,1.686991416787426
2003-08-01,24.0,19.848225404732258,29.205533596837945,27.10276879547292,32.63660684427601
2003-09-01,9.0,7.41376089663761,10.964426877470355,10.643189167340342,11.97581094638279
2003-10-01,5.0,4.41002490660025,6.0,6.151576394502832,8.261620778062646
2003-11-01,209.0,183.35834371108348,247.78656126482213,242.64268391269204,253.67060528369197
2003-12-01,612.0,562.816780821918,655.1383399209487,637.1204527081651,569.4940363393156
2004-01-01,199.0,177.3561643835617,234.56916996047426,235.02597008892488,239.59168431612974
2004-02-01,378.0,347.14305728518076,419.90118577075094,416.6725949878739,404.32270649871805
2004-03-01,68.0,60.7576276463263,79.81027667984188,79.64217865804369,87.64998327945602
2004-04-01,43.0,36.251556662515576,53.553359683794454,52.02950687146323,64.31980827109575
2004-05-01,12.0,9.982876712328771,16.636363636363637,17.270614389652387,28.83992865901238
2004-06-01,0.0,0.0,1.0,0.8264955537590949,1.2946159848400403
2004-07-01,1.0,1.0881070983810712,1.0,1.0,1.0
2004-08-01,3.0,2.2238480697384815,4.9644268774703555,4.823868229587712,8.914056403968344
2004-09-01,6.0,4.5185242839352435,6.9644268774703555,6.974737267582864,10.741165979266526
2004-10-01,243.0,217.7048567870487,269.2055335968379,264.1958367016978,258.1191617433954
2004-11-01,98.0,89.67823785803243,103.89328063241106,100.58690379951497,88.97625682755546
2004-12-01,473.0,429.5661581569117,515.1304347826087,502.4411883589331,475.7647976814179
2005-01-01,276.0,262.8893212951433,288.4387351778656,283.1227768795473,231.19551889421467
2005-02-01,152.0,140.20376712328772,163.2569169960474,160.09983831851255,125.96053951621894
2005-03-01,209.0,187.5474782067249,239.60474308300397,236.85812449474543,230.35280347787315
2005-04-01,127.0,110.8490037359901,147.53359683794466,143.16632983023442,171.28982276223385
2005-05-01,87.0,77.98505603985058,99.098814229249,100.56164106709784,122.78909820532823
2005-06-01,25.0,22.357254047322552,28.379446640316203,25.79607922392887,29.999554118827337
2005-07-01,1.0,0.7613636363636365,1.0,1.0,1.0278675732917177
2005-08-01,1.0,0.24206102117061032,1.0,0.9862570735650769,1.0
2005-09-01,2.0,1.1816625155666254,2.0,1.9832255456750205,2.802697581094638
2005-10-01,48.0,41.712328767123296,56.529644268774696,56.252829426030736,64.3983948277784
2005-11-01,230.0,201.60382938978836,274.7351778656126,271.3997574777689,314.263181362167
2005-12-01,779.0,712.785180572852,829.7272727272727,808.4513945028293,785.9085943596032
2006-01-01,314.0,286.7929638854297,358.6640316205533,358.48009296685547,384.4220265299297
2006-02-01,171.0,153.567092154421,197.56916996047434,197.98817704122885,207.37554341767915
2006-03-01,408.0,374.2850249066003,445.6758893280632,437.40390056588524,386.01371084605955
2006-04-01,318.0,289.9810087173102,330.61660079051387,311.23676232821344,252.5299297737153
2006-05-01,31.0,26.516500622665006,36.06719367588932,37.260408245755876,49.259948723665154
2006-06-01,3.0,2.2342777085927774,3.8616600790513838,3.6605699272433307,8.489243116709398
2006-07-01,1.0,0.7361457036114571,0.0,0.0455739692805174,0.0
2006-08-01,1.0,0.43586550435865506,1.0,1.0,2.131980827109575
2006-09-01,1.0,0.09884806973848075,1.0,0.9781729991915926,1.0397948946605728
2006-10-01,17.0,14.774906600249068,18.20948616600791,17.86499595796282,17.950061308661244
2006-11-01,194.0,168.88823163138238,229.5494071146245,227.3261924009701,273.47575521123616
2006-12-01,287.0,255.9766500622666,322.1699604743083,316.4973726758287,327.3985062980716
2007-01-01,29.0,24.612858032378597,37.584980237154156,38.44957558609541,53.69981050050163
2007-02-01,275.0,246.00638231631393,321.73913043478257,323.94937348423605,353.86244565823205
2007-03-01,28.0,23.083437110834396,38.62055335968379,40.01475343573162,55.972020956415115
2007-04-01,106.0,94.20765877957662,114.05138339920948,108.8513540824576,104.45624790993202
2007-05-01,20.0,18.62749066002491,22.18577075098814,22.45968067906226,23.292832460149373
2007-06-01,4.0,3.0510585305105873,4.897233201581027,4.699171382376717,7.453126741723334
2007-07-01,11.0,10.170610211706107,14.0,13.1799717057397,14.927432839148366
2007-08-01,1.0,0.2048567870485679,1.0,1.0346604688763137,3.1122505852190403
2007-09-01,16.0,13.998443337484442,18.616600790513836,18.02516168148747,19.209898562033224
2007-10-01,144.0,125.08608343711089,166.11067193675888,164.76707760711398,188.2615093077695
2007-11-01,45.0,37.7310087173101,56.44664031620553,56.78243734842363,78.61932894883513
2007-12-01,299.0,268.75809464508114,331.1501976284585,323.45664915117226,302.7665812061087
2008-01-01,454.0,427.5023349937734,474.79841897233194,468.5442603071951,414.83457808494035
2008-02-01,139.0,128.35211706102123,153.7193675889328,152.46099434114802,148.59569724668378
2008-03-01,43.0,35.708748443337484,58.48616600790513,60.38571139854486,89.68587671385576
2008-04-01,21.0,17.337795765877967,28.34387351778656,28.137025060630574,41.914836696020515
2008-05-01,7.0,5.714196762141968,11.102766798418973,11.805173807599031,22.4882398840709
2008-06-01,0.0,0.05650684931506851,1.0,0.9781729991915926,1.9589789321145916
2008-07-01,0.0,0.0,0.0,0.0,0.36863225950284256
2008-08-01,1.0,0.6474159402241594,2.0,1.867016976556185,4.509642180358934
2008-09-01,3.0,3.002646326276465,3.08300395256917,3.0257679870654823,2.1119161743395387
2008-10-01,61.0,52.51821295143215,72.54545454545455,71.8031527890057,74.10177237766136
2008-11-01,172.0,152.87437733499382,195.4308300395257,191.2031123686338,189.6787426150931
2008-12-01,160.0,139.42341220423418,191.86561264822134,191.84044058205345,236.00434734143352
2009-01-01,49.0,44.155199252802014,56.600790513833985,56.71665319320939,57.72422249470516
2009-02-01,299.0,278.6460149439602,316.49011857707507,311.9050121261116,267.9654442091183
2009-03-01,120.0,108.6271793275218,136.51778656126484,135.70200080840746,144.28859658900902
2009-04-01,25.0,21.820672478206742,28.79051383399209,27.62489894907034,30.32816854308327
2009-05-01,56.0,49.69084682440848,67.11857707509881,68.250909458367,78.41411213911495
2009-06-01,6.0,5.107409713574097,9.43083003952569,8.813055780113178,20.46951287481886
2009-07-01,1.0,0.39212328767123295,1.0,1.0,1.4051945156615762
2009-08-01,3.0,2.1581569115815706,5.533596837944664,5.085792239288601,8.854754208003566
2009-09-01,7.0,6.233499377334996,8.0,7.923302344381567,7.96577861999777
2009-10-01,165.0,148.4856787048568,175.5573122529644,170.90511317704133,141.6789655556794
2009-11-01,89.0,76.52412826899132,109.1897233201581,108.29840339531127,126.98428268866348
2009-12-01,215.0,191.04125155666262,244.73913043478262,239.61681487469687,218.96488685765237
2010-01-01,446.0,415.7176214196762,478.8142292490118,471.492724333064,401.2956192174786
2010-02-01,186.0,170.13885429638867,207.68379446640313,206.406426839127,195.09876267974587
2010-03-01,146.0,130.2702366127024,168.7786561264822,167.53951091350046,173.18203098874153
2010-04-01,251.0,221.22618306351188,281.91304347826093,270.2387833468068,277.62523687437294
2010-05-01,58.0,52.01821295143214,65.25296442687747,66.3194219886823,75.2435625905696
2010-06-01,5.0,4.119396014943961,7.861660079051384,7.81436944219887,21.083045368409316
2010-07-01,0.0,0.0,0.0,0.0,0.4764240329952067
2010-08-01,1.0,1.049813200498132,2.0,2.034862570735651,4.479656671497046
2010-09-01,19.0,16.45361145703612,22.616600790513832,21.856204527081655,21.504514546873256
2010-10-01,210.0,189.24859900373602,227.33201581027666,221.97210994341154,201.64117712629582
2010-11-01,151.0,134.30946450809472,172.3399209486166,169.10175828617625,186.01582878162975
2010-12-01,441.0,395.6158156911583,490.10276679841894,479.99989894907037,463.2668598818415
2011-01-01,92.0,85.14943960149444,99.70750988142294,98.77314066289414,94.70382343105561
2011-02-01,168.0,156.11114570361153,179.2569169960474,176.40703314470494,156.34109909709065
2011-03-01,378.0,342.8387297633874,423.7588932806324,418.74939369442217,415.7360383457809
2011-04-01,79.0,66.25108966376091,97.08695652173913,95.21907841552144,124.41054508973359
2011-05-01,51.0,46.027552926525544,57.06719367588933,57.619543249797914,61.420020064652775
2011-06-01,14.0,12.409713574097141,16.656126482213438,15.737166531932099,25.721435737375987
2011-07-01,2.0,1.3175591531755921,2.0,2.0435529506871464,3.681083491249584
2011-08-01,1.0,0.1488169364881694,1.0,0.9696847210994343,1.0
2011-09-01,5.0,4.084682440846825,6.0,6.060428455941796,8.454575855534502
2011-10-01,130.0,115.09371108343714,147.5098814229249,145.54567502021024,152.01672054397497
2011-11-01,159.0,142.03486924034877,178.85375494071144,174.41046887631373,178.1527143016386
2011-12-01,44.0,37.46731008717311,53.379446640316196,53.25757881972516,65.44799910823767
2012-01-01,263.0,240.44909713574106,293.71936758893276,292.71624898949085,291.0744621558354
2012-02-01,92.0,82.8876089663761,104.77470355731225,104.85226354082458,114.24133318470628
2012-03-01,319.0,286.4131382316315,366.62450592885375,364.24343168957165,383.6638055958088
2012-04-01,155.0,137.91500622665012,169.8300395256917,162.13177041228786,162.09463827889869
2012-05-01,13.0,11.624688667496896,16.636363636363637,17.232215036378335,24.78887526474195
2012-06-01,10.0,8.154420921544212,13.640316205533598,12.82700080840744,27.05952513655111
2012-07-01,6.0,5.239259028642591,8.102766798418973,8.044765561843171,12.435514435402965
2012-08-01,1.0,0.9601494396014943,1.0,1.0587105901374292,2.0278675732917177
2012-09-01,1.0,0.7425280199252801,1.0,1.0,1.0
2012-10-01,81.0,71.30744084682445,92.33596837944664,91.13075990299116,97.89688997882067
2012-11-01,291.0,267.8363947696141,307.5256916996047,295.5499191592564,254.30175008360274
2012-12-01,563.0,512.799190535492,611.2134387351778,596.3553961196444,562.1045591349904
2013-01-01,70.0,63.23583437110833,79.48221343873517,79.62075586095393,83.47452903801137
2013-02-01,37.0,33.382004981320065,43.03162055335968,43.4672594987874,48.850741277449565
2013-03-01,84.0,75.10367372353674,96.77470355731225,96.37843573160877,101.97001449113812
2013-04-01,62.0,53.750622665006254,70.82608695652173,68.52394907033148,76.85051833686323
2013-05-01,17.0,14.678237858032386,20.102766798418973,20.781426839126926,27.88150707836361
2013-06-01,6.0,5.103829389788296,6.897233201581028,6.738985448666129,10.438524133318474
2013-07-01,0.0,0.0,0.0,0.0,0.0
2013-08-01,6.0,4.966687422166875,6.897233201581028,6.709377526273244,8.21268531936239
2013-09-01,52.0,43.67886052303862,61.90909090909091,61.36701697655622,81.76256827555459
2013-10-01,3.0,2.9995330012453314,3.0,3.1564268391269215,3.080481551666481
2013-11-01,81.0,73.99330635118308,87.91304347826086,84.96604688763139,78.5922416675956
2013-12-01,33.0,30.589663760896652,35.82608695652174,34.567400970088926,31.005684984951515
2014-01-01,29.0,26.249533001245336,34.60079051383399,34.74898949070331,40.07111804704048
2014-02-01,278.0,254.77988792029893,307.3557312252965,305.38914713015373,304.5572399955412
2014-03-01,178.0,159.18788916562897,207.3280632411067,206.15834680679075,226.21458031434625
2014-04-01,68.0,62.021014943960154,71.29644268774705,67.3736863379143,57.78029205216809
2014-05-01,9.0,8.047478206724783,11.636363636363638,11.914611964430078,16.954966001560585
2014-06-01,2.0,1.2742839352428397,2.0,2.1079223928860147,4.8782744398617774
2014-07-01,0.0,0.0,1.0,0.7291835084882784,1.0
2014-08-01,6.0,5.261519302615195,7.861660079051384,7.127223120452709,9.926095195630365
2014-09-01,68.0,57.79109589041097,78.85375494071145,77.88459983831855,97.56560026752867
2014-10-01,121.0,104.45656911581574,143.8181818181818,143.4004648342765,170.0555122059971
2014-11-01,155.0,139.4210772104608,173.48221343873522,168.82447453516573,167.67762791216143
2014-12-01,648.0,596.4251245330016,686.7312252964427,665.9224939369445,578.9667818526364
2015-01-01,26.0,22.4016189290162,31.636363636363637,32.311135812449486,41.04492252814626
2015-02-01,142.0,128.20905977584064,160.62055335968378,160.76343977364596,172.70605283691893
2015-03-01,57.0,49.29747820672479,70.48221343873519,71.09953516572352,89.31189388028092
2015-04-01,100.0,90.00015566625157,108.84189723320158,103.64359337105905,98.71742280682197
2015-05-01,8.0,7.841998754669988,9.0,9.308205335489086,9.329952067773938
2015-06-01,4.0,3.4884806973848073,3.897233201581028,3.571038803556992,3.462936127522016
2015-07-01,3.0,2.505915317559154,3.0,3.4115804365400173,5.0128190837141915
2015-08-01,7.0,5.209215442092155,8.861660079051385,8.493431689571546,12.776947943373093
2015-09-01,8.0,7.13122665006227,9.0,8.742623282134195,9.972912718760451
2015-10-01,36.0,31.92201120797012,40.92885375494071,40.697352465642695,44.81540519451566
2015-11-01,180.0,163.13465130759658,198.5296442687747,193.29648342764762,186.9299966558912
2015-12-01,422.0,372.32082814445846,486.56521739130426,482.4553354890868,542.6337086166538
2016-01-01,444.0,412.78782689912833,479.0276679841897,473.88520614389677,414.97257830788095
2016-02-01,65.0,57.96622042341222,74.81027667984189,75.29618027485853,86.923196968008
2016-03-01,389.0,357.7485990037362,427.39920948616594,420.15895311236875,400.6048378107234
2016-04-01,65.0,57.70018679950187,73.72332015810278,70.76141875505255,77.86222271764575
2016-05-01,23.0,21.838885429638868,25.754940711462453,25.953112368633807,30.356370527254487
2016-06-01,4.0,3.8354607721046077,3.897233201581028,3.7443411479385627,5.2697581094638295
2016-07-01,1.0,1.0,2.0,1.729183508488279,2.4926986957975696
2016-08-01,0.0,0.0,0.0,0.0009094583670169767,0.05841043361944041
2016-09-01,0.0,0.0,1.0,0.8610549717057399,1.1743395385129862
2016-10-01,294.0,258.77008094645095,336.3715415019763,332.88793451899755,375.66871028870804
2016-11-01,194.0,173.44520547945214,216.41106719367588,211.2576798706549,215.31345446438525
2016-12-01,272.0,249.3689290161894,293.2687747035573,286.16784559417954,278.2083379779288
2017-01-01,543.0,512.8648816936491,568.6600790513834,559.423201293452,486.3817857540965
2017-02-01,428.0,400.1393212951432,459.193675889328,454.059215844786,433.50339984394174
2017-03-01,192.0,171.81429016189293,223.32806324110672,222.2657639450283,249.9963214803255
2017-04-01,183.0,161.49097135740973,206.1897233201581,198.1915925626517,206.83825660461483
2017-05-01,8.0,7.117061021170614,10.0,10.29486661277284,16.35804258165199
2017-06-01,17.0,14.831102117061025,20.39920948616601,18.463924818108325,25.75632593913723
2017-07-01,0.0,0.0,1.0,0.6314672594987876,1.3504626017166423
2017-08-01,10.0,7.984744707347448,13.861660079051385,13.499898949070335,17.816854308326832
2017-09-01,13.0,10.96622042341221,16.0,16.235347615198066,22.4889087058299
2017-10-01,27.0,22.617839352428405,32.60079051383399,32.858225545675026,46.06543306208896
2017-11-01,217.0,195.59573474470739,245.26482213438737,240.9409862570736,269.9332292943931
2017-12-01,16.0,14.45454545454546,19.53359683794466,19.685327405012128,28.85653773269424
2018-01-01,281.0,260.2051681195518,304.3754940711462,300.3410468876314,259.9619886300301
2018-02-01,50.0,45.046544209215455,56.928853754940704,56.97645513338725,60.51510422472411
2018-03-01,274.0,251.13729763387303,304.70750988142294,299.765561843169,285.4685096421804
2018-04-01,174.0,154.31833748443344,191.77470355731225,183.79870654810023,184.1841489243117
2018-05-01,26.0,23.25249066002491,31.067193675889325,31.773645917542435,40.31813621669826
2018-06-01,3.0,2.758250311332504,4.0,3.985347615198061,7.548991193846841
2018-07-01,1.0,1.0,1.8972332015810278,1.2030113177041228,1.4584773157953408
2018-08-01,1.0,1.0,1.0,1.0,1.0
2018-09-01,3.0,2.7476650062266517,3.964426877470356,3.5711398544866624,4.197971240664363
2018-10-01,34.0,30.20594645080947,35.90909090909091,35.14187550525466,35.95151042247241
2018-11-01,269.0,244.62001867995022,292.201581027668,282.6635004042038,258.78987849738047
2018-12-01,235.0,212.24766500622673,258.4110671936759,253.62934518997574,258.6313677404971
2019-01-01,339.0,318.9112702366128,346.0355731225297,340.3936944219887,296.7705941366626
2019-02-01,561.0,526.86597135741,590.8814229249011,581.1201495553763,534.6095195630364
2019-03-01,224.0,210.39305728518062,246.703557312253,243.12378738884405,217.66837587782857
2019-04-01,73.0,63.64399128268992,80.06324110671937,77.55062651576397,96.64351800245235
2019-05-01,156.0,143.4056662515567,163.97628458498022,162.13955133387228,122.49136105227959
2019-06-01,1.0,1.3237858032378582,1.6521739130434785,1.2734438156831045,1.920521680972021
2019-07-01,0.0,0.14617061021170613,1.0,0.7111964430072759,1.295619217478542
2019-08-01,3.0,2.3061955168119552,3.0,2.7327202910266783,4.2505852190391265
2019-09-01,23.0,18.572384806973854,28.735177865612645,28.539409862570743,42.50975365065211
2019-10-01,6.0,5.089041095890413,9.067193675889328,9.324272433306385,16.943930442537066
2019-11-01,67.0,60.41391656288919,71.15810276679841,68.41461196443011,74.33162412217146
2019-12-01,207.0,195.77366127023663,229.7272727272727,224.4538197251415,216.3346338200869
