<?xml version="1.0" encoding="UTF-8"?>
<metadata xml:lang="en"><Esri><CreaDate>20190412</CreaDate><CreaTime>14401700</CreaTime><ArcGISFormat>1.0</ArcGISFormat><SyncOnce>FALSE</SyncOnce><DataProperties><lineage><Process ToolSource="c:\program files (x86)\arcgis\desktop10.5\ArcToolbox\Toolboxes\Data Management Tools.tbx\CreateFeatureclass" Date="20180322" Time="212512">CreateFeatureclass D:\ClientData\CA20180322212510693000\CA20180322212510693000.gdb\Layers GlobalWatershedTemp POLYGON E:\schemas\CA_ss.gdb\Layers\GlobalWatershedCA SAME_AS_TEMPLATE SAME_AS_TEMPLATE "PROJCS['NAD_1983_Albers',GEOGCS['GCS_North_American_1983',DATUM['D_North_American_1983',SPHEROID['GRS_1980',6378137.0,298.257222101]],PRIMEM['Greenwich',0.0],UNIT['Degree',0.0174532925199433]],PROJECTION['Albers'],PARAMETER['False_Easting',0.0],PARAMETER['False_Northing',0.0],PARAMETER['Central_Meridian',-96.0],PARAMETER['Standard_Parallel_1',29.5],PARAMETER['Standard_Parallel_2',45.5],PARAMETER['Latitude_Of_Origin',23.0],UNIT['Meter',1.0]];-16901100 -6972200 10000;-100000 10000;-100000 10000;0.001;0.001;0.001;IsHighPrecision" # 0 0 0</Process><Process ToolSource="c:\program files (x86)\arcgis\desktop10.5\ArcToolbox\Toolboxes\Arc Hydro Tools.tbx\StreamstatsGlobalWatershedDelineation" Date="20180322" Time="212517">StreamstatsGlobalWatershedDelineation in_memory\FC D:\ClientData\CA20180322212510693000\CA20180322212510693000.gdb\Layers\GlobalWatershedTemp D:\ClientData\CA20180322212510693000\CA20180322212510693000.gdb\Layers\GlobalWatershedPoint D:\ClientData\CA20180322212510693000\Temp\StreamStatsCA.xml CLEARFEATURES_NO CA20180322212510693000</Process><Process ToolSource="c:\program files (x86)\arcgis\desktop10.5\ArcToolbox\Toolboxes\Data Management Tools.tbx\EliminatePolygonPart" Date="20180322" Time="212518">EliminatePolygonPart D:\ClientData\CA20180322212510693000\CA20180322212510693000.gdb\Layers\GlobalWatershedTemp D:\ClientData\CA20180322212510693000\CA20180322212510693000.gdb\Layers\GlobalWatershed AREA "90 SquareMeters" 1 ANY</Process><Process ToolSource="c:\program files (x86)\arcgis\desktop10.5\ArcToolbox\Toolboxes\Arc Hydro Tools.tbx\StreamstatsGlobalParametersServer" Date="20180322" Time="212549">StreamstatsGlobalParametersServer D:\ClientData\CA20180322212510693000\CA20180322212510693000.gdb\Layers\GlobalWatershed D:\ClientData\CA20180322212510693000\CA20180322212510693000.gdb\Layers\GlobalWatershedPoint BSLDEM30M D:\ClientData\CA20180322212510693000\Temp\parameterFile.xml D:\ClientData\CA20180322212510693000\Temp\parameterFile.htm D:\ClientData\CA20180322212510693000\Temp\StreamStatsCA.xml # CA20180322212510693000</Process><Process ToolSource="c:\program files (x86)\arcgis\desktop10.5\ArcToolbox\Toolboxes\Data Management Tools.tbx\CopyFeatures" Date="20180322" Time="212637">CopyFeatures D:\ClientData\CA20180322212510693000\CA20180322212510693000.gdb\Layers\GlobalWatershed D:\ClientData\CA20180322212510693000\Layers\GlobalWatershed.shp # 0 0 0</Process><Process ToolSource="c:\program files (x86)\arcgis\desktop10.5\ArcToolbox\Toolboxes\Data Management Tools.tbx\Merge" Date="20190411" Time="172106">Merge 'Study Watersheds\Van_Auken';'Study Watersheds\Mckee';'Study Watersheds\Blue Slide Reubens2';'Study Watersheds\Eubanks_at_PT1';C:\Users\EPortugal\Documents\E_Portugal_wrking_Folder\Cannabis\Instream_Flow_Coho_Study_Region_1\GIS_Data\HUC12_WSheds\Final_Pilot_Watersheds_2019\Shapefiles\layers\Somerville.shp C:\Users\EPortugal\Documents\E_Portugal_wrking_Folder\Cannabis\Instream_Flow_Coho_Study_Region_1\GIS_Data\HUC12_WSheds\Final_Pilot_Watersheds\KMZs\2019_Mattole_Pilot_Wsheds.shp "HydroID "HydroID" true true false 10 Long 0 10 ,First,#,Study Watersheds\Van_Auken,HydroID,-1,-1,Study Watersheds\Mckee,HydroID,-1,-1,Study Watersheds\Blue Slide Reubens2,HydroID,-1,-1,Study Watersheds\Eubanks_at_PT1,HydroID,-1,-1;DrainID "DrainID" true true false 10 Long 0 10 ,First,#,Study Watersheds\Van_Auken,DrainID,-1,-1,Study Watersheds\Mckee,DrainID,-1,-1,Study Watersheds\Blue Slide Reubens2,DrainID,-1,-1,Study Watersheds\Eubanks_at_PT1,DrainID,-1,-1;Name "Name" true true false 25 Text 0 0 ,First,#,Study Watersheds\Van_Auken,Name,-1,-1,Study Watersheds\Mckee,Name,-1,-1,Study Watersheds\Blue Slide Reubens2,Name,-1,-1,Study Watersheds\Eubanks_at_PT1,Name,-1,-1,C:\Users\EPortugal\Documents\E_Portugal_wrking_Folder\Cannabis\Instream_Flow_Coho_Study_Region_1\GIS_Data\HUC12_WSheds\Final_Pilot_Watersheds_2019\Shapefiles\layers\Somerville.shp,Name,-1,-1;Descript "Descript" true true false 25 Text 0 0 ,First,#,Study Watersheds\Van_Auken,Descript,-1,-1,Study Watersheds\Mckee,Descript,-1,-1,Study Watersheds\Blue Slide Reubens2,Descript,-1,-1,Study Watersheds\Eubanks_at_PT1,Descript,-1,-1;GlobalWshd "GlobalWshd" true true false 10 Long 0 10 ,First,#,Study Watersheds\Van_Auken,GlobalWshd,-1,-1,Study Watersheds\Mckee,GlobalWshd,-1,-1,Study Watersheds\Blue Slide Reubens2,GlobalWshd,-1,-1,Study Watersheds\Eubanks_at_PT1,GlobalWshd,-1,-1;RELATEDOID "RELATEDOID" true true false 250 Text 0 0 ,First,#,Study Watersheds\Van_Auken,RELATEDOID,-1,-1,Study Watersheds\Mckee,RELATEDOID,-1,-1,Study Watersheds\Blue Slide Reubens2,RELATEDOID,-1,-1,Study Watersheds\Eubanks_at_PT1,RELATEDOID,-1,-1;HUCID "HUCID" true true false 25 Text 0 0 ,First,#,Study Watersheds\Van_Auken,HUCID,-1,-1,Study Watersheds\Mckee,HUCID,-1,-1,Study Watersheds\Blue Slide Reubens2,HUCID,-1,-1,Study Watersheds\Eubanks_at_PT1,HUCID,-1,-1;CENTROIDY "CENTROIDY" true true false 19 Double 0 0 ,First,#,Study Watersheds\Van_Auken,CENTROIDY,-1,-1;OUTLETELEV "OUTLETELEV" true true false 19 Double 0 0 ,First,#,Study Watersheds\Van_Auken,OUTLETELEV,-1,-1,Study Watersheds\Mckee,OUTLETELEV,-1,-1,Study Watersheds\Blue Slide Reubens2,OUTLETELEV,-1,-1,Study Watersheds\Eubanks_at_PT1,OUTLETELEV,-1,-1;CENTROIDX "CENTROIDX" true true false 19 Double 0 0 ,First,#,Study Watersheds\Van_Auken,CENTROIDX,-1,-1;PRECIP "PRECIP" true true false 19 Double 0 0 ,First,#,Study Watersheds\Van_Auken,PRECIP,-1,-1,Study Watersheds\Mckee,PRECIP,-1,-1,Study Watersheds\Blue Slide Reubens2,PRECIP,-1,-1,Study Watersheds\Eubanks_at_PT1,PRECIP,-1,-1,C:\Users\EPortugal\Documents\E_Portugal_wrking_Folder\Cannabis\Instream_Flow_Coho_Study_Region_1\GIS_Data\HUC12_WSheds\Final_Pilot_Watersheds_2019\Shapefiles\layers\Somerville.shp,PRECIP,-1,-1;OUTLETX "OUTLETX" true true false 19 Double 0 0 ,First,#,Study Watersheds\Van_Auken,OUTLETX,-1,-1;OUTLETY "OUTLETY" true true false 19 Double 0 0 ,First,#,Study Watersheds\Van_Auken,OUTLETY,-1,-1;GridID "GridID" true true false 10 Long 0 10 ,First,#,Study Watersheds\Van_Auken,GridID,-1,-1,Study Watersheds\Mckee,GridID,-1,-1,Study Watersheds\Blue Slide Reubens2,GridID,-1,-1,Study Watersheds\Eubanks_at_PT1,GridID,-1,-1;IsPitted "IsPitted" true true false 5 Long 0 5 ,First,#,Study Watersheds\Van_Auken,IsPitted,-1,-1,Study Watersheds\Mckee,IsPitted,-1,-1,Study Watersheds\Blue Slide Reubens2,IsPitted,-1,-1,Study Watersheds\Eubanks_at_PT1,IsPitted,-1,-1;IsDone "IsDone" true true false 5 Long 0 5 ,First,#,Study Watersheds\Van_Auken,IsDone,-1,-1;WARNINGMSG "WARNINGMSG" true true false 200 Text 0 0 ,First,#,Study Watersheds\Van_Auken,WARNINGMSG,-1,-1,Study Watersheds\Mckee,WARNINGMSG,-1,-1,Study Watersheds\Blue Slide Reubens2,WARNINGMSG,-1,-1,Study Watersheds\Eubanks_at_PT1,WARNINGMSG,-1,-1;Edited "Edited" true true false 10 Long 0 10 ,First,#,Study Watersheds\Van_Auken,Edited,-1,-1,Study Watersheds\Mckee,Edited,-1,-1,Study Watersheds\Blue Slide Reubens2,Edited,-1,-1,Study Watersheds\Eubanks_at_PT1,Edited,-1,-1;DRNAREA "DRNAREA" true true false 19 Double 0 0 ,First,#,Study Watersheds\Van_Auken,DRNAREA,-1,-1,Study Watersheds\Mckee,DRNAREA,-1,-1,Study Watersheds\Blue Slide Reubens2,DRNAREA,-1,-1,Study Watersheds\Eubanks_at_PT1,DRNAREA,-1,-1,C:\Users\EPortugal\Documents\E_Portugal_wrking_Folder\Cannabis\Instream_Flow_Coho_Study_Region_1\GIS_Data\HUC12_WSheds\Final_Pilot_Watersheds_2019\Shapefiles\layers\Somerville.shp,DRNAREA,-1,-1;RELIEF "RELIEF" true true false 19 Double 0 0 ,First,#,Study Watersheds\Van_Auken,RELIEF,-1,-1,Study Watersheds\Mckee,RELIEF,-1,-1,Study Watersheds\Blue Slide Reubens2,RELIEF,-1,-1,Study Watersheds\Eubanks_at_PT1,RELIEF,-1,-1,C:\Users\EPortugal\Documents\E_Portugal_wrking_Folder\Cannabis\Instream_Flow_Coho_Study_Region_1\GIS_Data\HUC12_WSheds\Final_Pilot_Watersheds_2019\Shapefiles\layers\Somerville.shp,RELIEF,-1,-1;ELEVMAX "ELEVMAX" true true false 19 Double 0 0 ,First,#,Study Watersheds\Van_Auken,ELEVMAX,-1,-1,Study Watersheds\Mckee,ELEVMAX,-1,-1,Study Watersheds\Blue Slide Reubens2,ELEVMAX,-1,-1,Study Watersheds\Eubanks_at_PT1,ELEVMAX,-1,-1;MINBELEV "MINBELEV" true true false 19 Double 0 0 ,First,#,Study Watersheds\Van_Auken,MINBELEV,-1,-1,Study Watersheds\Mckee,MINBELEV,-1,-1,Study Watersheds\Blue Slide Reubens2,MINBELEV,-1,-1,Study Watersheds\Eubanks_at_PT1,MINBELEV,-1,-1;LAKEAREA "LAKEAREA" true true false 19 Double 0 0 ,First,#,Study Watersheds\Van_Auken,LAKEAREA,-1,-1,Study Watersheds\Mckee,LAKEAREA,-1,-1,Study Watersheds\Blue Slide Reubens2,LAKEAREA,-1,-1,Study Watersheds\Eubanks_at_PT1,LAKEAREA,-1,-1,C:\Users\EPortugal\Documents\E_Portugal_wrking_Folder\Cannabis\Instream_Flow_Coho_Study_Region_1\GIS_Data\HUC12_WSheds\Final_Pilot_Watersheds_2019\Shapefiles\layers\Somerville.shp,LAKEAREA,-1,-1;EL6000 "EL6000" true true false 19 Double 0 0 ,First,#,Study Watersheds\Van_Auken,EL6000,-1,-1,Study Watersheds\Mckee,EL6000,-1,-1,Study Watersheds\Blue Slide Reubens2,EL6000,-1,-1,Study Watersheds\Eubanks_at_PT1,EL6000,-1,-1;BASINPERIM "BASINPERIM" true true false 19 Double 0 0 ,First,#,Study Watersheds\Van_Auken,BASINPERIM,-1,-1,Study Watersheds\Mckee,BASINPERIM,-1,-1,Study Watersheds\Blue Slide Reubens2,BASINPERIM,-1,-1,Study Watersheds\Eubanks_at_PT1,BASINPERIM,-1,-1;RELRELF "RELRELF" true true false 19 Double 0 0 ,First,#,Study Watersheds\Van_Auken,RELRELF,-1,-1,Study Watersheds\Mckee,RELRELF,-1,-1,Study Watersheds\Blue Slide Reubens2,RELRELF,-1,-1,Study Watersheds\Eubanks_at_PT1,RELRELF,-1,-1;ELEV "ELEV" true true false 19 Double 0 0 ,First,#,Study Watersheds\Van_Auken,ELEV,-1,-1,Study Watersheds\Mckee,ELEV,-1,-1,Study Watersheds\Blue Slide Reubens2,ELEV,-1,-1,Study Watersheds\Eubanks_at_PT1,ELEV,-1,-1,C:\Users\EPortugal\Documents\E_Portugal_wrking_Folder\Cannabis\Instream_Flow_Coho_Study_Region_1\GIS_Data\HUC12_WSheds\Final_Pilot_Watersheds_2019\Shapefiles\layers\Somerville.shp,ELEV,-1,-1;BSLDEM30M "BSLDEM30M" true true false 19 Double 0 0 ,First,#,Study Watersheds\Van_Auken,BSLDEM30M,-1,-1,Study Watersheds\Mckee,BSLDEM30M,-1,-1,Study Watersheds\Blue Slide Reubens2,BSLDEM30M,-1,-1,Study Watersheds\Eubanks_at_PT1,BSLDEM30M,-1,-1;FOREST "FOREST" true true false 19 Double 0 0 ,First,#,Study Watersheds\Van_Auken,FOREST,-1,-1,Study Watersheds\Mckee,FOREST,-1,-1,Study Watersheds\Blue Slide Reubens2,FOREST,-1,-1,Study Watersheds\Eubanks_at_PT1,FOREST,-1,-1,C:\Users\EPortugal\Documents\E_Portugal_wrking_Folder\Cannabis\Instream_Flow_Coho_Study_Region_1\GIS_Data\HUC12_WSheds\Final_Pilot_Watersheds_2019\Shapefiles\layers\Somerville.shp,FOREST,-1,-1;JANMAXTMP "JANMAXTMP" true true false 19 Double 0 0 ,First,#,Study Watersheds\Van_Auken,JANMAXTMP,-1,-1,Study Watersheds\Mckee,JANMAXTMP,-1,-1,Study Watersheds\Blue Slide Reubens2,JANMAXTMP,-1,-1,Study Watersheds\Eubanks_at_PT1,JANMAXTMP,-1,-1;JANMINTMP "JANMINTMP" true true false 19 Double 0 0 ,First,#,Study Watersheds\Van_Auken,JANMINTMP,-1,-1,Study Watersheds\Mckee,JANMINTMP,-1,-1,Study Watersheds\Blue Slide Reubens2,JANMINTMP,-1,-1,Study Watersheds\Eubanks_at_PT1,JANMINTMP,-1,-1;ALTIND "ALTIND" true true false 19 Double 0 0 ,First,#,Study Watersheds\Van_Auken,ALTIND,-1,-1,Study Watersheds\Mckee,ALTIND,-1,-1,Study Watersheds\Blue Slide Reubens2,ALTIND,-1,-1,Study Watersheds\Eubanks_at_PT1,ALTIND,-1,-1;PK2 "PK2" true true false 19 Double 0 0 ,First,#,Study Watersheds\Van_Auken,PK2,-1,-1;PK5 "PK5" true true false 19 Double 0 0 ,First,#,Study Watersheds\Van_Auken,PK5,-1,-1;PK10 "PK10" true true false 19 Double 0 0 ,First,#,Study Watersheds\Van_Auken,PK10,-1,-1;PK25 "PK25" true true false 19 Double 0 0 ,First,#,Study Watersheds\Van_Auken,PK25,-1,-1;PK50 "PK50" true true false 19 Double 0 0 ,First,#,Study Watersheds\Van_Auken,PK50,-1,-1;PK100 "PK100" true true false 19 Double 0 0 ,First,#,Study Watersheds\Van_Auken,PK100,-1,-1;PK200 "PK200" true true false 19 Double 0 0 ,First,#,Study Watersheds\Van_Auken,PK200,-1,-1;PK500 "PK500" true true false 19 Double 0 0 ,First,#,Study Watersheds\Van_Auken,PK500,-1,-1;LFPLENGTH "LFPLENGTH" true true false 19 Double 0 0 ,First,#,Study Watersheds\Van_Auken,LFPLENGTH,-1,-1,Study Watersheds\Mckee,LFPLENGTH,-1,-1,Study Watersheds\Blue Slide Reubens2,LFPLENGTH,-1,-1,Study Watersheds\Eubanks_at_PT1,LFPLENGTH,-1,-1;LC11DEV "LC11DEV" true true false 19 Double 0 0 ,First,#,Study Watersheds\Van_Auken,LC11DEV,-1,-1,Study Watersheds\Mckee,LC11DEV,-1,-1,Study Watersheds\Blue Slide Reubens2,LC11DEV,-1,-1,Study Watersheds\Eubanks_at_PT1,LC11DEV,-1,-1,C:\Users\EPortugal\Documents\E_Portugal_wrking_Folder\Cannabis\Instream_Flow_Coho_Study_Region_1\GIS_Data\HUC12_WSheds\Final_Pilot_Watersheds_2019\Shapefiles\layers\Somerville.shp,LC11DEV,-1,-1;LC11IMP "LC11IMP" true true false 19 Double 0 0 ,First,#,Study Watersheds\Van_Auken,LC11IMP,-1,-1,Study Watersheds\Mckee,LC11IMP,-1,-1,Study Watersheds\Blue Slide Reubens2,LC11IMP,-1,-1,Study Watersheds\Eubanks_at_PT1,LC11IMP,-1,-1,C:\Users\EPortugal\Documents\E_Portugal_wrking_Folder\Cannabis\Instream_Flow_Coho_Study_Region_1\GIS_Data\HUC12_WSheds\Final_Pilot_Watersheds_2019\Shapefiles\layers\Somerville.shp,LC11IMP,-1,-1;ORIG_FID "ORIG_FID" true true false 10 Long 0 10 ,First,#,Study Watersheds\Van_Auken,ORIG_FID,-1,-1,Study Watersheds\Mckee,ORIG_FID,-1,-1,Study Watersheds\Blue Slide Reubens2,ORIG_FID,-1,-1,Study Watersheds\Eubanks_at_PT1,ORIG_FID,-1,-1;Shape_Leng "Shape_Leng" true true false 19 Double 0 0 ,First,#,Study Watersheds\Van_Auken,Shape_Leng,-1,-1,Study Watersheds\Mckee,Shape_Leng,-1,-1,Study Watersheds\Blue Slide Reubens2,Shape_Leng,-1,-1,Study Watersheds\Eubanks_at_PT1,Shape_Leng,-1,-1;Shape_Area "Shape_Area" true true false 19 Double 0 0 ,First,#,Study Watersheds\Van_Auken,Shape_Area,-1,-1,Study Watersheds\Mckee,Shape_Area,-1,-1,Study Watersheds\Blue Slide Reubens2,Shape_Area,-1,-1,Study Watersheds\Eubanks_at_PT1,Shape_Area,-1,-1;Area "Area" true true false 13 Float 0 0 ,First,#,Study Watersheds\Van_Auken,Area,-1,-1,Study Watersheds\Blue Slide Reubens2,Area,-1,-1;BSLDEM30 "BSLDEM30" true true false 18 Double 3 17 ,First,#,C:\Users\EPortugal\Documents\E_Portugal_wrking_Folder\Cannabis\Instream_Flow_Coho_Study_Region_1\GIS_Data\HUC12_WSheds\Final_Pilot_Watersheds_2019\Shapefiles\layers\Somerville.shp,BSLDEM30,-1,-1;LFPLENGT "LFPLENGT" true true false 18 Double 3 17 ,First,#,C:\Users\EPortugal\Documents\E_Portugal_wrking_Folder\Cannabis\Instream_Flow_Coho_Study_Region_1\GIS_Data\HUC12_WSheds\Final_Pilot_Watersheds_2019\Shapefiles\layers\Somerville.shp,LFPLENGT,-1,-1"</Process></lineage><itemProps><itemName Sync="TRUE">2019_Mattole_Pilot_Wsheds</itemName><imsContentType Sync="TRUE">002</imsContentType><itemLocation><linkage Sync="TRUE">file://\\LFB5CG7180DVC\C$\Users\EPortugal\Documents\E_Portugal_wrking_Folder\Cannabis\Instream_Flow_Coho_Study_Region_1\GIS_Data\HUC12_WSheds\Final_Pilot_Watersheds\KMZs\2019_Mattole_Pilot_Wsheds.shp</linkage><protocol Sync="TRUE">Local Area Network</protocol></itemLocation><itemSize Sync="TRUE">0.000</itemSize></itemProps><coordRef><type Sync="TRUE">Projected</type><geogcsn Sync="TRUE">GCS_North_American_1983</geogcsn><csUnits Sync="TRUE">Linear Unit: Meter (1.000000)</csUnits><projcsn Sync="TRUE">NAD_1983_Albers</projcsn><peXml Sync="TRUE">&lt;ProjectedCoordinateSystem xsi:type='typens:ProjectedCoordinateSystem' xmlns:xsi='http://www.w3.org/2001/XMLSchema-instance' xmlns:xs='http://www.w3.org/2001/XMLSchema' xmlns:typens='http://www.esri.com/schemas/ArcGIS/10.5'&gt;&lt;WKT&gt;PROJCS[&amp;quot;NAD_1983_Albers&amp;quot;,GEOGCS[&amp;quot;GCS_North_American_1983&amp;quot;,DATUM[&amp;quot;D_North_American_1983&amp;quot;,SPHEROID[&amp;quot;GRS_1980&amp;quot;,6378137.0,298.257222101]],PRIMEM[&amp;quot;Greenwich&amp;quot;,0.0],UNIT[&amp;quot;Degree&amp;quot;,0.0174532925199433]],PROJECTION[&amp;quot;Albers&amp;quot;],PARAMETER[&amp;quot;False_Easting&amp;quot;,0.0],PARAMETER[&amp;quot;False_Northing&amp;quot;,0.0],PARAMETER[&amp;quot;Central_Meridian&amp;quot;,-96.0],PARAMETER[&amp;quot;Standard_Parallel_1&amp;quot;,29.5],PARAMETER[&amp;quot;Standard_Parallel_2&amp;quot;,45.5],PARAMETER[&amp;quot;Latitude_Of_Origin&amp;quot;,23.0],UNIT[&amp;quot;Meter&amp;quot;,1.0]]&lt;/WKT&gt;&lt;XOrigin&gt;-16901100&lt;/XOrigin&gt;&lt;YOrigin&gt;-6972200&lt;/YOrigin&gt;&lt;XYScale&gt;266467840.99085236&lt;/XYScale&gt;&lt;ZOrigin&gt;-100000&lt;/ZOrigin&gt;&lt;ZScale&gt;10000&lt;/ZScale&gt;&lt;MOrigin&gt;-100000&lt;/MOrigin&gt;&lt;MScale&gt;10000&lt;/MScale&gt;&lt;XYTolerance&gt;0.001&lt;/XYTolerance&gt;&lt;ZTolerance&gt;0.001&lt;/ZTolerance&gt;&lt;MTolerance&gt;0.001&lt;/MTolerance&gt;&lt;HighPrecision&gt;true&lt;/HighPrecision&gt;&lt;/ProjectedCoordinateSystem&gt;</peXml></coordRef><copyHistory><copy source="C:\Users\Eportugal\Documents\E_Portugal_wrking_Folder\Cannabis\Instream_Flow_Coho_Study_Region_1\GIS_Data\HUC12_WSheds\CA20180322212510693000\Layers\Van_Auken" dest="\\LFB5CG7180DVC\C$\Users\Eportugal\Documents\E_Portugal_wrking_Folder\Cannabis\Instream_Flow_Coho_Study_Region_1\GIS_Data\HUC12_WSheds\Van_Auken" date="20180330" time="15390500"></copy></copyHistory></DataProperties><SyncDate>20190411</SyncDate><SyncTime>17205900</SyncTime><ModDate>20190411</ModDate><ModTime>17205900</ModTime></Esri><dataIdInfo><envirDesc Sync="TRUE"> Version 6.2 (Build 9200) ; Esri ArcGIS 10.5.1.7333</envirDesc><dataLang><languageCode value="eng" Sync="TRUE"></languageCode><countryCode value="USA" Sync="TRUE"></countryCode></dataLang><idCitation><resTitle Sync="TRUE">2019_Mattole_Pilot_Wsheds</resTitle><presForm><PresFormCd value="005" Sync="TRUE"></PresFormCd></presForm></idCitation><spatRpType><SpatRepTypCd value="001" Sync="TRUE"></SpatRepTypCd></spatRpType></dataIdInfo><mdLang><languageCode value="eng" Sync="TRUE"></languageCode><countryCode value="USA" Sync="TRUE"></countryCode></mdLang><distInfo><distFormat><formatName Sync="TRUE">Shapefile</formatName></distFormat><distTranOps><transSize Sync="TRUE">0.000</transSize></distTranOps></distInfo><mdHrLv><ScopeCd value="005" Sync="TRUE"></ScopeCd></mdHrLv><mdHrLvName Sync="TRUE">dataset</mdHrLvName><refSysInfo><RefSystem><refSysID><identCode code="0" Sync="TRUE"></identCode></refSysID></RefSystem></refSysInfo><spatRepInfo><VectSpatRep><geometObjs Name="2019_Mattole_Pilot_Wsheds"><geoObjTyp><GeoObjTypCd value="002" Sync="TRUE"></GeoObjTypCd></geoObjTyp><geoObjCnt Sync="TRUE">0</geoObjCnt></geometObjs><topLvl><TopoLevCd value="001" Sync="TRUE"></TopoLevCd></topLvl></VectSpatRep></spatRepInfo><spdoinfo><ptvctinf><esriterm Name="2019_Mattole_Pilot_Wsheds"><efeatyp Sync="TRUE">Simple</efeatyp><efeageom code="4" Sync="TRUE"></efeageom><esritopo Sync="TRUE">FALSE</esritopo><efeacnt Sync="TRUE">0</efeacnt><spindex Sync="TRUE">FALSE</spindex><linrefer Sync="TRUE">FALSE</linrefer></esriterm></ptvctinf></spdoinfo><eainfo><detailed Name="2019_Mattole_Pilot_Wsheds"><enttyp><enttypl Sync="TRUE">2019_Mattole_Pilot_Wsheds</enttypl><enttypt Sync="TRUE">Feature Class</enttypt><enttypc Sync="TRUE">0</enttypc></enttyp><attr><attrlabl Sync="TRUE">FID</attrlabl><attalias Sync="TRUE">FID</attalias><attrtype Sync="TRUE">OID</attrtype><attwidth Sync="TRUE">4</attwidth><atprecis Sync="TRUE">0</atprecis><attscale Sync="TRUE">0</attscale><attrdef Sync="TRUE">Internal feature number.</attrdef><attrdefs Sync="TRUE">Esri</attrdefs><attrdomv><udom Sync="TRUE">Sequential unique whole numbers that are automatically generated.</udom></attrdomv></attr><attr><attrlabl Sync="TRUE">Shape</attrlabl><attalias Sync="TRUE">Shape</attalias><attrtype Sync="TRUE">Geometry</attrtype><attwidth Sync="TRUE">0</attwidth><atprecis Sync="TRUE">0</atprecis><attscale Sync="TRUE">0</attscale><attrdef Sync="TRUE">Feature geometry.</attrdef><attrdefs Sync="TRUE">Esri</attrdefs><attrdomv><udom Sync="TRUE">Coordinates defining the features.</udom></attrdomv></attr><attr><attrlabl Sync="TRUE">HydroID</attrlabl><attalias Sync="TRUE">HydroID</attalias><attrtype Sync="TRUE">Integer</attrtype><attwidth Sync="TRUE">10</attwidth><atprecis Sync="TRUE">10</atprecis><attscale Sync="TRUE">0</attscale></attr><attr><attrlabl Sync="TRUE">DrainID</attrlabl><attalias Sync="TRUE">DrainID</attalias><attrtype Sync="TRUE">Integer</attrtype><attwidth Sync="TRUE">10</attwidth><atprecis Sync="TRUE">10</atprecis><attscale Sync="TRUE">0</attscale></attr><attr><attrlabl Sync="TRUE">Name</attrlabl><attalias Sync="TRUE">Name</attalias><attrtype Sync="TRUE">String</attrtype><attwidth Sync="TRUE">25</attwidth><atprecis Sync="TRUE">0</atprecis><attscale Sync="TRUE">0</attscale></attr><attr><attrlabl Sync="TRUE">Descript</attrlabl><attalias Sync="TRUE">Descript</attalias><attrtype Sync="TRUE">String</attrtype><attwidth Sync="TRUE">25</attwidth><atprecis Sync="TRUE">0</atprecis><attscale Sync="TRUE">0</attscale></attr><attr><attrlabl Sync="TRUE">GlobalWshd</attrlabl><attalias Sync="TRUE">GlobalWshd</attalias><attrtype Sync="TRUE">Integer</attrtype><attwidth Sync="TRUE">10</attwidth><atprecis Sync="TRUE">10</atprecis><attscale Sync="TRUE">0</attscale></attr><attr><attrlabl Sync="TRUE">RELATEDOID</attrlabl><attalias Sync="TRUE">RELATEDOID</attalias><attrtype Sync="TRUE">String</attrtype><attwidth Sync="TRUE">250</attwidth><atprecis Sync="TRUE">0</atprecis><attscale Sync="TRUE">0</attscale></attr><attr><attrlabl Sync="TRUE">HUCID</attrlabl><attalias Sync="TRUE">HUCID</attalias><attrtype Sync="TRUE">String</attrtype><attwidth Sync="TRUE">25</attwidth><atprecis Sync="TRUE">0</atprecis><attscale Sync="TRUE">0</attscale></attr><attr><attrlabl Sync="TRUE">CENTROIDY</attrlabl><attalias Sync="TRUE">CENTROIDY</attalias><attrtype Sync="TRUE">Double</attrtype><attwidth Sync="TRUE">19</attwidth><atprecis Sync="TRUE">0</atprecis><attscale Sync="TRUE">0</attscale></attr><attr><attrlabl Sync="TRUE">OUTLETELEV</attrlabl><attalias Sync="TRUE">OUTLETELEV</attalias><attrtype Sync="TRUE">Double</attrtype><attwidth Sync="TRUE">19</attwidth><atprecis Sync="TRUE">0</atprecis><attscale Sync="TRUE">0</attscale></attr><attr><attrlabl Sync="TRUE">CENTROIDX</attrlabl><attalias Sync="TRUE">CENTROIDX</attalias><attrtype Sync="TRUE">Double</attrtype><attwidth Sync="TRUE">19</attwidth><atprecis Sync="TRUE">0</atprecis><attscale Sync="TRUE">0</attscale></attr><attr><attrlabl Sync="TRUE">PRECIP</attrlabl><attalias Sync="TRUE">PRECIP</attalias><attrtype Sync="TRUE">Double</attrtype><attwidth Sync="TRUE">19</attwidth><atprecis Sync="TRUE">0</atprecis><attscale Sync="TRUE">0</attscale></attr><attr><attrlabl Sync="TRUE">OUTLETX</attrlabl><attalias Sync="TRUE">OUTLETX</attalias><attrtype Sync="TRUE">Double</attrtype><attwidth Sync="TRUE">19</attwidth><atprecis Sync="TRUE">0</atprecis><attscale Sync="TRUE">0</attscale></attr><attr><attrlabl Sync="TRUE">OUTLETY</attrlabl><attalias Sync="TRUE">OUTLETY</attalias><attrtype Sync="TRUE">Double</attrtype><attwidth Sync="TRUE">19</attwidth><atprecis Sync="TRUE">0</atprecis><attscale Sync="TRUE">0</attscale></attr><attr><attrlabl Sync="TRUE">GridID</attrlabl><attalias Sync="TRUE">GridID</attalias><attrtype Sync="TRUE">Integer</attrtype><attwidth Sync="TRUE">10</attwidth><atprecis Sync="TRUE">10</atprecis><attscale Sync="TRUE">0</attscale></attr><attr><attrlabl Sync="TRUE">IsPitted</attrlabl><attalias Sync="TRUE">IsPitted</attalias><attrtype Sync="TRUE">Integer</attrtype><attwidth Sync="TRUE">10</attwidth><atprecis Sync="TRUE">10</atprecis><attscale Sync="TRUE">0</attscale></attr><attr><attrlabl Sync="TRUE">IsDone</attrlabl><attalias Sync="TRUE">IsDone</attalias><attrtype Sync="TRUE">Integer</attrtype><attwidth Sync="TRUE">10</attwidth><atprecis Sync="TRUE">10</atprecis><attscale Sync="TRUE">0</attscale></attr><attr><attrlabl Sync="TRUE">WARNINGMSG</attrlabl><attalias Sync="TRUE">WARNINGMSG</attalias><attrtype Sync="TRUE">String</attrtype><attwidth Sync="TRUE">200</attwidth><atprecis Sync="TRUE">0</atprecis><attscale Sync="TRUE">0</attscale></attr><attr><attrlabl Sync="TRUE">Edited</attrlabl><attalias Sync="TRUE">Edited</attalias><attrtype Sync="TRUE">Integer</attrtype><attwidth Sync="TRUE">10</attwidth><atprecis Sync="TRUE">10</atprecis><attscale Sync="TRUE">0</attscale></attr><attr><attrlabl Sync="TRUE">DRNAREA</attrlabl><attalias Sync="TRUE">DRNAREA</attalias><attrtype Sync="TRUE">Double</attrtype><attwidth Sync="TRUE">19</attwidth><atprecis Sync="TRUE">0</atprecis><attscale Sync="TRUE">0</attscale></attr><attr><attrlabl Sync="TRUE">RELIEF</attrlabl><attalias Sync="TRUE">RELIEF</attalias><attrtype Sync="TRUE">Double</attrtype><attwidth Sync="TRUE">19</attwidth><atprecis Sync="TRUE">0</atprecis><attscale Sync="TRUE">0</attscale></attr><attr><attrlabl Sync="TRUE">ELEVMAX</attrlabl><attalias Sync="TRUE">ELEVMAX</attalias><attrtype Sync="TRUE">Double</attrtype><attwidth Sync="TRUE">19</attwidth><atprecis Sync="TRUE">0</atprecis><attscale Sync="TRUE">0</attscale></attr><attr><attrlabl Sync="TRUE">MINBELEV</attrlabl><attalias Sync="TRUE">MINBELEV</attalias><attrtype Sync="TRUE">Double</attrtype><attwidth Sync="TRUE">19</attwidth><atprecis Sync="TRUE">0</atprecis><attscale Sync="TRUE">0</attscale></attr><attr><attrlabl Sync="TRUE">LAKEAREA</attrlabl><attalias Sync="TRUE">LAKEAREA</attalias><attrtype Sync="TRUE">Double</attrtype><attwidth Sync="TRUE">19</attwidth><atprecis Sync="TRUE">0</atprecis><attscale Sync="TRUE">0</attscale></attr><attr><attrlabl Sync="TRUE">EL6000</attrlabl><attalias Sync="TRUE">EL6000</attalias><attrtype Sync="TRUE">Double</attrtype><attwidth Sync="TRUE">19</attwidth><atprecis Sync="TRUE">0</atprecis><attscale Sync="TRUE">0</attscale></attr><attr><attrlabl Sync="TRUE">BASINPERIM</attrlabl><attalias Sync="TRUE">BASINPERIM</attalias><attrtype Sync="TRUE">Double</attrtype><attwidth Sync="TRUE">19</attwidth><atprecis Sync="TRUE">0</atprecis><attscale Sync="TRUE">0</attscale></attr><attr><attrlabl Sync="TRUE">RELRELF</attrlabl><attalias Sync="TRUE">RELRELF</attalias><attrtype Sync="TRUE">Double</attrtype><attwidth Sync="TRUE">19</attwidth><atprecis Sync="TRUE">0</atprecis><attscale Sync="TRUE">0</attscale></attr><attr><attrlabl Sync="TRUE">ELEV</attrlabl><attalias Sync="TRUE">ELEV</attalias><attrtype Sync="TRUE">Double</attrtype><attwidth Sync="TRUE">19</attwidth><atprecis Sync="TRUE">0</atprecis><attscale Sync="TRUE">0</attscale></attr><attr><attrlabl Sync="TRUE">BSLDEM30M</attrlabl><attalias Sync="TRUE">BSLDEM30M</attalias><attrtype Sync="TRUE">Double</attrtype><attwidth Sync="TRUE">19</attwidth><atprecis Sync="TRUE">0</atprecis><attscale Sync="TRUE">0</attscale></attr><attr><attrlabl Sync="TRUE">FOREST</attrlabl><attalias Sync="TRUE">FOREST</attalias><attrtype Sync="TRUE">Double</attrtype><attwidth Sync="TRUE">19</attwidth><atprecis Sync="TRUE">0</atprecis><attscale Sync="TRUE">0</attscale></attr><attr><attrlabl Sync="TRUE">JANMAXTMP</attrlabl><attalias Sync="TRUE">JANMAXTMP</attalias><attrtype Sync="TRUE">Double</attrtype><attwidth Sync="TRUE">19</attwidth><atprecis Sync="TRUE">0</atprecis><attscale Sync="TRUE">0</attscale></attr><attr><attrlabl Sync="TRUE">JANMINTMP</attrlabl><attalias Sync="TRUE">JANMINTMP</attalias><attrtype Sync="TRUE">Double</attrtype><attwidth Sync="TRUE">19</attwidth><atprecis Sync="TRUE">0</atprecis><attscale Sync="TRUE">0</attscale></attr><attr><attrlabl Sync="TRUE">ALTIND</attrlabl><attalias Sync="TRUE">ALTIND</attalias><attrtype Sync="TRUE">Double</attrtype><attwidth Sync="TRUE">19</attwidth><atprecis Sync="TRUE">0</atprecis><attscale Sync="TRUE">0</attscale></attr><attr><attrlabl Sync="TRUE">PK2</attrlabl><attalias Sync="TRUE">PK2</attalias><attrtype Sync="TRUE">Double</attrtype><attwidth Sync="TRUE">19</attwidth><atprecis Sync="TRUE">0</atprecis><attscale Sync="TRUE">0</attscale></attr><attr><attrlabl Sync="TRUE">PK5</attrlabl><attalias Sync="TRUE">PK5</attalias><attrtype Sync="TRUE">Double</attrtype><attwidth Sync="TRUE">19</attwidth><atprecis Sync="TRUE">0</atprecis><attscale Sync="TRUE">0</attscale></attr><attr><attrlabl Sync="TRUE">PK10</attrlabl><attalias Sync="TRUE">PK10</attalias><attrtype Sync="TRUE">Double</attrtype><attwidth Sync="TRUE">19</attwidth><atprecis Sync="TRUE">0</atprecis><attscale Sync="TRUE">0</attscale></attr><attr><attrlabl Sync="TRUE">PK25</attrlabl><attalias Sync="TRUE">PK25</attalias><attrtype Sync="TRUE">Double</attrtype><attwidth Sync="TRUE">19</attwidth><atprecis Sync="TRUE">0</atprecis><attscale Sync="TRUE">0</attscale></attr><attr><attrlabl Sync="TRUE">PK50</attrlabl><attalias Sync="TRUE">PK50</attalias><attrtype Sync="TRUE">Double</attrtype><attwidth Sync="TRUE">19</attwidth><atprecis Sync="TRUE">0</atprecis><attscale Sync="TRUE">0</attscale></attr><attr><attrlabl Sync="TRUE">PK100</attrlabl><attalias Sync="TRUE">PK100</attalias><attrtype Sync="TRUE">Double</attrtype><attwidth Sync="TRUE">19</attwidth><atprecis Sync="TRUE">0</atprecis><attscale Sync="TRUE">0</attscale></attr><attr><attrlabl Sync="TRUE">PK200</attrlabl><attalias Sync="TRUE">PK200</attalias><attrtype Sync="TRUE">Double</attrtype><attwidth Sync="TRUE">19</attwidth><atprecis Sync="TRUE">0</atprecis><attscale Sync="TRUE">0</attscale></attr><attr><attrlabl Sync="TRUE">PK500</attrlabl><attalias Sync="TRUE">PK500</attalias><attrtype Sync="TRUE">Double</attrtype><attwidth Sync="TRUE">19</attwidth><atprecis Sync="TRUE">0</atprecis><attscale Sync="TRUE">0</attscale></attr><attr><attrlabl Sync="TRUE">LFPLENGTH</attrlabl><attalias Sync="TRUE">LFPLENGTH</attalias><attrtype Sync="TRUE">Double</attrtype><attwidth Sync="TRUE">19</attwidth><atprecis Sync="TRUE">0</atprecis><attscale Sync="TRUE">0</attscale></attr><attr><attrlabl Sync="TRUE">LC11DEV</attrlabl><attalias Sync="TRUE">LC11DEV</attalias><attrtype Sync="TRUE">Double</attrtype><attwidth Sync="TRUE">19</attwidth><atprecis Sync="TRUE">0</atprecis><attscale Sync="TRUE">0</attscale></attr><attr><attrlabl Sync="TRUE">LC11IMP</attrlabl><attalias Sync="TRUE">LC11IMP</attalias><attrtype Sync="TRUE">Double</attrtype><attwidth Sync="TRUE">19</attwidth><atprecis Sync="TRUE">0</atprecis><attscale Sync="TRUE">0</attscale></attr><attr><attrlabl Sync="TRUE">ORIG_FID</attrlabl><attalias Sync="TRUE">ORIG_FID</attalias><attrtype Sync="TRUE">Integer</attrtype><attwidth Sync="TRUE">10</attwidth><atprecis Sync="TRUE">10</atprecis><attscale Sync="TRUE">0</attscale></attr><attr><attrlabl Sync="TRUE">Shape_Leng</attrlabl><attalias Sync="TRUE">Shape_Leng</attalias><attrtype Sync="TRUE">Double</attrtype><attwidth Sync="TRUE">19</attwidth><atprecis Sync="TRUE">0</atprecis><attscale Sync="TRUE">0</attscale></attr><attr><attrlabl Sync="TRUE">Shape_Area</attrlabl><attalias Sync="TRUE">Shape_Area</attalias><attrtype Sync="TRUE">Double</attrtype><attwidth Sync="TRUE">19</attwidth><atprecis Sync="TRUE">0</atprecis><attscale Sync="TRUE">0</attscale><attrdef Sync="TRUE">Area of feature in internal units squared.</attrdef><attrdefs Sync="TRUE">Esri</attrdefs><attrdomv><udom Sync="TRUE">Positive real numbers that are automatically generated.</udom></attrdomv></attr><attr><attrlabl Sync="TRUE">Area</attrlabl><attalias Sync="TRUE">Area</attalias><attrtype Sync="TRUE">Single</attrtype><attwidth Sync="TRUE">13</attwidth><atprecis Sync="TRUE">0</atprecis><attscale Sync="TRUE">0</attscale></attr><attr><attrlabl Sync="TRUE">BSLDEM30</attrlabl><attalias Sync="TRUE">BSLDEM30</attalias><attrtype Sync="TRUE">Double</attrtype><attwidth Sync="TRUE">19</attwidth><atprecis Sync="TRUE">0</atprecis><attscale Sync="TRUE">0</attscale></attr><attr><attrlabl Sync="TRUE">LFPLENGT</attrlabl><attalias Sync="TRUE">LFPLENGT</attalias><attrtype Sync="TRUE">Double</attrtype><attwidth Sync="TRUE">19</attwidth><atprecis Sync="TRUE">0</atprecis><attscale Sync="TRUE">0</attscale></attr></detailed></eainfo><mdDateSt Sync="TRUE">20190411</mdDateSt></metadata>
