Source.Entity,Site.Code,Year,Date,Q.cfs.calc
SWRCB,CCL,2017,3/17/17,74.5688321
SWRCB,CCL,2017,3/18/17,74.98140452
SWRCB,CCL,2017,3/19/17,73.32248073
SWRCB,CCL,2017,3/20/17,78.54848678
SWRCB,CCL,2017,3/21/17,193.1845597
SWRCB,CCL,2017,3/22/17,231.9742249
SWRCB,CCL,2017,3/23/17,165.6405989
SWRCB,CCL,2017,3/24/17,251.7144969
SWRCB,CCL,2017,3/25/17,195.3228135
SWRCB,CCL,2017,3/26/17,167.705606
SWRCB,CCL,2017,3/27/17,147.8941084
SWRCB,CCL,2017,3/28/17,124.4218108
SWRCB,CCL,2017,3/29/17,110.0649899
SWRCB,CCL,2017,3/30/17,103.9747523
SWRCB,CCL,2017,3/31/17,92.47180318
SWRCB,CCL,2017,4/1/17,83.74577285
SWRCB,CCL,2017,4/2/17,77.32876901
SWRCB,CCL,2017,4/3/17,72.81615961
SWRCB,CCL,2017,4/4/17,68.30967944
SWRCB,CCL,2017,4/5/17,65.04748033
SWRCB,CCL,2017,4/6/17,80.0855519
SWRCB,CCL,2017,4/7/17,181.2670954
SWRCB,CCL,2017,4/8/17,166.4061328
SWRCB,CCL,2017,4/9/17,134.4558393
SWRCB,CCL,2017,4/10/17,128.9428888
SWRCB,CCL,2017,4/11/17,115.8452061
SWRCB,CCL,2017,4/12/17,149.9346907
SWRCB,CCL,2017,4/13/17,207.8699111
SWRCB,CCL,2017,4/14/17,164.1545069
SWRCB,CCL,2017,4/15/17,136.7337017
SWRCB,CCL,2017,4/16/17,124.2308658
SWRCB,CCL,2017,4/17/17,118.5966704
SWRCB,CCL,2017,4/18/17,167.6376203
SWRCB,CCL,2017,4/19/17,145.4112602
SWRCB,CCL,2017,4/20/17,155.7516924
SWRCB,CCL,2017,4/21/17,132.3739153
SWRCB,CCL,2017,4/22/17,117.5539215
SWRCB,CCL,2017,4/23/17,105.0877252
SWRCB,CCL,2017,4/24/17,107.7417274
SWRCB,CCL,2017,4/25/17,96.53601326
SWRCB,CCL,2017,4/26/17,96.02827549
SWRCB,CCL,2017,4/27/17,90.30991392
SWRCB,CCL,2017,4/28/17,83.04847472
SWRCB,CCL,2017,4/29/17,77.23381147
SWRCB,CCL,2017,4/30/17,71.74589705
SWRCB,CCL,2017,5/1/17,67.23811971
SWRCB,CCL,2017,5/2/17,63.15464119
SWRCB,CCL,2017,5/3/17,59.8579933
SWRCB,CCL,2017,5/4/17,56.90820854
SWRCB,CCL,2017,5/5/17,54.85690413
SWRCB,CCL,2017,5/6/17,52.77802016
SWRCB,CCL,2017,5/7/17,50.38921382
SWRCB,CCL,2017,5/8/17,48.4105061
SWRCB,CCL,2017,5/9/17,46.36702868
SWRCB,CCL,2017,5/10/17,44.79849041
SWRCB,CCL,2017,5/11/17,44.97359189
SWRCB,CCL,2017,5/12/17,44.07759875
SWRCB,CCL,2017,5/13/17,42.66314567
SWRCB,CCL,2017,5/14/17,41.07712257
SWRCB,CCL,2017,5/15/17,39.69246071
SWRCB,CCL,2017,5/16/17,39.5745912
SWRCB,CCL,2017,5/17/17,37.86388697
SWRCB,CCL,2017,5/18/17,35.62353748
SWRCB,CCL,2017,5/19/17,34.49028038
SWRCB,CCL,2017,5/20/17,33.59630118
SWRCB,CCL,2017,5/21/17,32.7852845
SWRCB,CCL,2017,5/22/17,31.8818639
SWRCB,CCL,2017,5/23/17,31.39837488
SWRCB,CCL,2017,5/24/17,31.19900044
SWRCB,CCL,2017,5/25/17,30.9897996
SWRCB,CCL,2017,5/26/17,30.60389184
SWRCB,CCL,2017,5/27/17,29.91898639
SWRCB,CCL,2017,5/28/17,29.42951812
SWRCB,CCL,2017,5/29/17,28.98454159
SWRCB,CCL,2017,5/30/17,28.69869085
SWRCB,CCL,2017,5/31/17,27.97572127
SWRCB,CCL,2017,6/1/17,27.4845473
SWRCB,CCL,2017,6/2/17,26.86120069
SWRCB,CCL,2017,6/3/17,26.34587181
SWRCB,CCL,2017,6/4/17,26.01884588
SWRCB,CCL,2017,6/5/17,25.49000478
SWRCB,CCL,2017,6/6/17,24.82957384
SWRCB,CCL,2017,6/7/17,25.10296987
SWRCB,CCL,2017,6/8/17,30.66983168
SWRCB,CCL,2017,6/9/17,27.13185915
SWRCB,CCL,2017,6/10/17,26.57423813
SWRCB,CCL,2017,6/11/17,25.72892759
SWRCB,CCL,2017,6/12/17,25.06327362
SWRCB,CCL,2017,6/13/17,24.45793052
SWRCB,CCL,2017,6/14/17,23.70120348
SWRCB,CCL,2017,6/15/17,22.96180134
SWRCB,CCL,2017,6/16/17,22.50701131
SWRCB,CCL,2017,6/17/17,22.10497043
SWRCB,CCL,2017,6/18/17,21.71966444
SWRCB,CCL,2017,6/19/17,21.41082694
SWRCB,CCL,2017,6/20/17,20.96762005
SWRCB,CCL,2017,6/21/17,20.61567687
SWRCB,CCL,2017,6/22/17,20.34211857
SWRCB,CCL,2017,6/23/17,20.19330503
SWRCB,CCL,2017,6/24/17,19.97414067
SWRCB,CCL,2017,6/25/17,19.80817799
SWRCB,CCL,2017,6/26/17,20.10044026
SWRCB,CCL,2017,6/27/17,19.80343395
SWRCB,CCL,2017,6/28/17,19.35215653
SWRCB,CCL,2017,6/29/17,19.04084352
SWRCB,CCL,2017,6/30/17,18.7415969
SWRCB,CCL,2017,7/1/17,18.69885577
SWRCB,CCL,2017,7/2/17,18.43302122
SWRCB,CCL,2017,7/3/17,18.21333833
SWRCB,CCL,2017,7/4/17,18.21834042
SWRCB,CCL,2017,7/5/17,18.21374301
SWRCB,CCL,2017,7/6/17,17.71217739
SWRCB,CCL,2017,7/7/17,17.35328783
SWRCB,CCL,2017,7/8/17,17.2115636
SWRCB,CCL,2017,7/9/17,16.94310696
SWRCB,CCL,2017,7/10/17,16.97328234
SWRCB,CCL,2017,7/11/17,16.74304187
SWRCB,CCL,2017,7/12/17,16.53793999
SWRCB,CCL,2017,7/13/17,16.46271079
SWRCB,CCL,2017,7/14/17,16.02657854
SWRCB,CCL,2017,7/15/17,15.72767314
SWRCB,CCL,2017,7/16/17,15.74556349
SWRCB,CCL,2017,7/17/17,15.67046243
SWRCB,CCL,2017,7/18/17,15.59938134
SWRCB,CCL,2017,7/19/17,15.47182861
SWRCB,CCL,2017,7/20/17,15.43310969
SWRCB,CCL,2017,7/21/17,15.25252444
SWRCB,CCL,2017,7/22/17,15.00335511
SWRCB,CCL,2017,7/23/17,15.46278383
SWRCB,CCL,2017,7/24/17,15.58217836
SWRCB,CCL,2017,7/25/17,15.31658829
SWRCB,CCL,2017,7/26/17,15.23825192
SWRCB,CCL,2017,7/27/17,14.93494415
SWRCB,CCL,2017,7/28/17,14.95776906
SWRCB,CCL,2017,7/29/17,14.74918108
SWRCB,CCL,2017,7/30/17,14.49216376
SWRCB,CCL,2017,7/31/17,14.37106757
SWRCB,CCL,2017,8/1/17,14.08041186
SWRCB,CCL,2017,8/2/17,13.80350058
SWRCB,CCL,2017,8/3/17,13.76770903
SWRCB,CCL,2017,8/4/17,13.8005138
SWRCB,CCL,2017,8/5/17,13.64527454
SWRCB,CCL,2017,8/6/17,13.57567666
SWRCB,CCL,2017,8/7/17,13.68651538
SWRCB,CCL,2017,8/8/17,13.42871804
SWRCB,CCL,2017,8/9/17,13.53659562
SWRCB,CCL,2017,8/10/17,13.48279137
SWRCB,CCL,2017,8/11/17,13.25935358
SWRCB,CCL,2017,8/12/17,13.09743039
SWRCB,CCL,2017,8/13/17,12.9084363
SWRCB,CCL,2017,8/14/17,12.94014943
SWRCB,CCL,2017,8/15/17,12.84218164
SWRCB,CCL,2017,8/16/17,12.83086096
SWRCB,CCL,2017,8/17/17,12.67394328
SWRCB,CCL,2017,8/18/17,12.44430431
SWRCB,CCL,2017,8/19/17,12.4427844
SWRCB,CCL,2017,8/20/17,12.57292818
SWRCB,CCL,2017,8/21/17,12.79086901
SWRCB,CCL,2017,8/22/17,12.89357123
SWRCB,CCL,2017,8/23/17,12.425386
SWRCB,CCL,2017,8/24/17,12.32195537
SWRCB,CCL,2017,8/25/17,12.32224123
SWRCB,CCL,2017,8/26/17,12.08885473
SWRCB,CCL,2017,8/27/17,11.93109697
SWRCB,CCL,2017,8/28/17,11.82035418
SWRCB,CCL,2017,8/29/17,11.73969288
SWRCB,CCL,2017,8/30/17,11.83980653
SWRCB,CCL,2017,8/31/17,11.61172426
SWRCB,CCL,2017,9/1/17,11.20920911
SWRCB,CCL,2017,9/2/17,11.10776281
SWRCB,CCL,2017,9/3/17,11.05388535
SWRCB,CCL,2017,9/4/17,11.09765021
SWRCB,CCL,2017,9/5/17,11.18711373
SWRCB,CCL,2017,9/6/17,11.28810428
SWRCB,CCL,2017,9/7/17,11.59696291
SWRCB,CCL,2017,9/8/17,11.62827646
SWRCB,CCL,2017,9/9/17,11.54450974
SWRCB,CCL,2017,9/10/17,11.27525037
SWRCB,CCL,2017,9/11/17,11.04576288
SWRCB,CCL,2017,9/12/17,10.84382636
SWRCB,CCL,2017,9/13/17,11.42219764
SWRCB,CCL,2017,9/14/17,11.46389095
SWRCB,CCL,2017,9/15/17,11.3317078
SWRCB,CCL,2017,9/16/17,11.23301284
SWRCB,CCL,2017,9/17/17,11.16437677
SWRCB,CCL,2017,9/18/17,11.39058752
SWRCB,CCL,2017,9/19/17,11.33607435
SWRCB,CCL,2017,9/20/17,12.6565977
SWRCB,CCL,2017,9/21/17,11.77483373
SWRCB,CCL,2017,9/22/17,11.48140724
SWRCB,CCL,2017,9/23/17,11.10771751
SWRCB,CCL,2017,9/24/17,11.13652892
SWRCB,CCL,2017,9/25/17,10.96761892
SWRCB,CCL,2017,9/26/17,10.93969392
SWRCB,CCL,2017,9/27/17,10.87218738
SWRCB,CCL,2017,9/28/17,10.68823216
SWRCB,CCL,2017,9/29/17,10.7469978
SWRCB,CCL,2017,9/30/17,10.88641559
SWRCB,CCL,2017,10/1/17,10.93197406
SWRCB,CCL,2017,10/2/17,11.00080765
SWRCB,CCL,2017,10/3/17,10.77642803
SWRCB,CCL,2017,10/4/17,10.81685159
SWRCB,CCL,2017,10/5/17,10.63903947
SWRCB,CCL,2017,10/6/17,10.50598799
SWRCB,CCL,2017,10/7/17,10.32782273
SWRCB,CCL,2017,10/8/17,10.39307949
SWRCB,CCL,2017,10/9/17,10.44335758
SWRCB,CCL,2017,10/10/17,10.45075732
SWRCB,CCL,2017,10/11/17,10.53600757
SWRCB,CCL,2017,10/12/17,10.64697328
SWRCB,CCL,2017,10/13/17,10.7676048
SWRCB,CCL,2017,10/14/17,11.27833356
SWRCB,CCL,2017,10/15/17,11.19823151
SWRCB,CCL,2017,10/16/17,11.04316559
SWRCB,CCL,2017,10/17/17,10.93205239
SWRCB,CCL,2017,10/18/17,10.92424919
SWRCB,CCL,2017,10/19/17,12.4476942
SWRCB,CCL,2017,10/20/17,15.54889538
SWRCB,CCL,2017,10/21/17,13.30362655
SWRCB,CCL,2017,10/22/17,13.73279702
SWRCB,CCL,2017,10/23/17,12.29075691
SWRCB,CCL,2017,10/24/17,11.70643588
SWRCB,CCL,2017,10/25/17,11.62677272
SWRCB,CCL,2017,10/26/17,11.45509071
SWRCB,CCL,2017,10/27/17,11.42430411
SWRCB,CCL,2017,10/28/17,11.3457071
SWRCB,CCL,2017,10/29/17,11.28139375
SWRCB,CCL,2017,10/30/17,11.42543445
SWRCB,CCL,2017,10/31/17,11.41266736
SWRCB,CCL,2017,11/1/17,11.51118331
SWRCB,CCL,2017,11/2/17,11.68008944
SWRCB,CCL,2017,11/3/17,13.42536895
SWRCB,CCL,2017,11/4/17,13.5290739
SWRCB,CCL,2017,11/5/17,12.46141145
SWRCB,CCL,2017,11/6/17,12.46812696
SWRCB,CCL,2017,11/7/17,11.90331778
SWRCB,CCL,2017,11/8/17,14.22678256
SWRCB,CCL,2017,11/9/17,35.11402689
SWRCB,CCL,2017,11/10/17,36.50558377
SWRCB,CCL,2017,11/11/17,23.15863413
SWRCB,CCL,2017,11/12/17,16.77033636
SWRCB,CCL,2017,11/13/17,23.14808788
SWRCB,CCL,2017,11/14/17,28.56062137
SWRCB,CCL,2017,11/15/17,58.67633229
SWRCB,CCL,2017,11/16/17,129.9241974
SWRCB,CCL,2017,11/17/17,57.6775055
SWRCB,CCL,2017,11/18/17,32.02198257
SWRCB,CCL,2017,11/19/17,23.77351554
SWRCB,CCL,2017,11/20/17,285.3585716
SWRCB,CCL,2018,4/26/18,41.83960439
SWRCB,CCL,2018,4/27/18,40.97439077
SWRCB,CCL,2018,4/28/18,42.51447123
SWRCB,CCL,2018,4/29/18,40.05873982
SWRCB,CCL,2018,4/30/18,37.69931003
SWRCB,CCL,2018,5/1/18,35.82357347
SWRCB,CCL,2018,5/2/18,34.4856489
SWRCB,CCL,2018,5/3/18,33.05459813
SWRCB,CCL,2018,5/4/18,31.81563511
SWRCB,CCL,2018,5/5/18,31.26937943
SWRCB,CCL,2018,5/6/18,30.33021853
SWRCB,CCL,2018,5/7/18,29.46397499
SWRCB,CCL,2018,5/8/18,28.5196527
SWRCB,CCL,2018,5/9/18,28.21417165
SWRCB,CCL,2018,5/10/18,27.52974118
SWRCB,CCL,2018,5/11/18,26.75450903
SWRCB,CCL,2018,5/12/18,26.03062005
SWRCB,CCL,2018,5/13/18,25.99752534
SWRCB,CCL,2018,5/14/18,25.59826787
SWRCB,CCL,2018,5/15/18,25.20742526
SWRCB,CCL,2018,5/16/18,25.26640438
SWRCB,CCL,2018,5/17/18,24.35062544
SWRCB,CCL,2018,5/18/18,23.7957915
SWRCB,CCL,2018,5/19/18,23.53845377
SWRCB,CCL,2018,5/20/18,23.44120567
SWRCB,CCL,2018,5/21/18,22.84258555
SWRCB,CCL,2018,5/22/18,22.21656123
SWRCB,CCL,2018,5/23/18,22.44290568
SWRCB,CCL,2018,5/24/18,22.05852279
SWRCB,CCL,2018,5/25/18,23.31173029
SWRCB,CCL,2018,5/26/18,22.38378409
SWRCB,CCL,2018,5/27/18,21.23792542
SWRCB,CCL,2018,5/28/18,20.67421666
SWRCB,CCL,2018,5/29/18,20.58603332
SWRCB,CCL,2018,5/30/18,20.45576939
SWRCB,CCL,2018,5/31/18,20.16252562
SWRCB,CCL,2018,6/1/18,19.66566609
SWRCB,CCL,2018,6/2/18,19.3489928
SWRCB,CCL,2018,6/3/18,19.02800006
SWRCB,CCL,2018,6/4/18,18.99475766
SWRCB,CCL,2018,6/5/18,18.93762621
SWRCB,CCL,2018,6/6/18,18.68258998
SWRCB,CCL,2018,6/7/18,18.35761104
SWRCB,CCL,2018,6/8/18,18.29914912
SWRCB,CCL,2018,6/9/18,18.43926737
SWRCB,CCL,2018,6/10/18,18.16681294
SWRCB,CCL,2018,6/11/18,17.82632046
SWRCB,CCL,2018,6/12/18,17.59136291
SWRCB,CCL,2018,6/13/18,17.40542381
SWRCB,CCL,2018,6/14/18,17.29638234
SWRCB,CCL,2018,6/15/18,17.08420863
SWRCB,CCL,2018,6/16/18,16.82475118
SWRCB,CCL,2018,6/17/18,16.76541552
SWRCB,CCL,2018,6/18/18,16.58265502
SWRCB,CCL,2018,6/19/18,16.32735132
SWRCB,CCL,2018,6/20/18,16.34093295
SWRCB,CCL,2018,6/21/18,15.86965788
SWRCB,CCL,2018,6/22/18,15.53362165
SWRCB,CCL,2018,6/23/18,15.14474929
SWRCB,CCL,2018,6/24/18,15.35377349
SWRCB,CCL,2018,6/25/18,15.16543528
SWRCB,CCL,2018,6/26/18,14.99503822
SWRCB,CCL,2018,6/27/18,14.98638743
SWRCB,CCL,2018,6/28/18,14.67750623
SWRCB,CCL,2018,6/29/18,14.36847841
SWRCB,CCL,2018,6/30/18,14.2876373
SWRCB,CCL,2018,7/1/18,14.05586815
SWRCB,CCL,2018,7/2/18,13.64666342
SWRCB,CCL,2018,7/3/18,13.4199582
SWRCB,CCL,2018,7/4/18,13.44632204
SWRCB,CCL,2018,7/5/18,13.2386702
SWRCB,CCL,2018,7/6/18,13.24430262
SWRCB,CCL,2018,7/7/18,13.15728188
SWRCB,CCL,2018,7/8/18,12.94689739
SWRCB,CCL,2018,7/9/18,12.90859304
SWRCB,CCL,2018,7/10/18,12.8013362
SWRCB,CCL,2018,7/11/18,12.74661151
SWRCB,CCL,2018,7/12/18,12.55436258
SWRCB,CCL,2018,7/13/18,12.60132849
SWRCB,CCL,2018,7/14/18,12.4567087
SWRCB,CCL,2018,7/15/18,12.42656801
SWRCB,CCL,2018,7/16/18,12.40073497
SWRCB,CCL,2018,7/17/18,12.24177511
SWRCB,CCL,2018,7/18/18,12.09897122
SWRCB,CCL,2018,7/19/18,
SWRCB,CCL,2018,7/20/18,
SWRCB,CCL,2018,7/21/18,
SWRCB,CCL,2018,7/22/18,
SWRCB,CCL,2018,7/23/18,
SWRCB,CCL,2018,7/24/18,
SWRCB,CCL,2018,7/25/18,
SWRCB,CCL,2018,7/26/18,
SWRCB,CCL,2018,7/27/18,
SWRCB,CCL,2018,7/28/18,
SWRCB,CCL,2018,7/29/18,
SWRCB,CCL,2018,7/30/18,
SWRCB,CCL,2018,7/31/18,
SWRCB,CCL,2018,8/1/18,
SWRCB,CCL,2018,8/2/18,
SWRCB,CCL,2018,8/3/18,
SWRCB,CCL,2018,8/4/18,
SWRCB,CCL,2018,8/5/18,
SWRCB,CCL,2018,8/6/18,
SWRCB,CCL,2018,8/7/18,
SWRCB,CCL,2018,8/8/18,
SWRCB,CCL,2018,8/9/18,
SWRCB,CCL,2018,8/10/18,
SWRCB,CCL,2018,8/11/18,
SWRCB,CCL,2018,8/12/18,
SWRCB,CCL,2018,8/13/18,
SWRCB,CCL,2018,8/14/18,
SWRCB,CCL,2018,8/15/18,
SWRCB,CCL,2018,8/16/18,
SWRCB,CCL,2018,8/17/18,
SWRCB,CCL,2018,8/18/18,
SWRCB,CCL,2018,8/19/18,
SWRCB,CCL,2018,8/20/18,
SWRCB,CCL,2018,8/21/18,
SWRCB,CCL,2018,8/22/18,
SWRCB,CCL,2018,8/23/18,
SWRCB,CCL,2018,8/24/18,
SWRCB,CCL,2018,8/25/18,
SWRCB,CCL,2018,8/26/18,
SWRCB,CCL,2018,8/27/18,
SWRCB,CCL,2018,8/28/18,
SWRCB,CCL,2018,8/29/18,
SWRCB,CCL,2018,8/30/18,
SWRCB,CCL,2018,8/31/18,
SWRCB,CCL,2018,9/1/18,
SWRCB,CCL,2018,9/2/18,
SWRCB,CCL,2018,9/3/18,
SWRCB,CCL,2018,9/4/18,
SWRCB,CCL,2018,9/5/18,
SWRCB,CCL,2018,9/6/18,
SWRCB,CCL,2018,9/7/18,
SWRCB,CCL,2018,9/8/18,
SWRCB,CCL,2018,9/9/18,
SWRCB,CCL,2018,9/10/18,
SWRCB,CCL,2018,9/11/18,
SWRCB,CCL,2018,9/12/18,
SWRCB,CCL,2018,9/13/18,
SWRCB,CCL,2018,9/14/18,
SWRCB,CCL,2018,9/15/18,
SWRCB,CCL,2018,9/16/18,
SWRCB,CCL,2018,9/17/18,
SWRCB,CCL,2018,9/18/18,
SWRCB,CCL,2018,9/19/18,
SWRCB,CCL,2018,9/20/18,
SWRCB,CCL,2018,9/21/18,
SWRCB,CCL,2018,9/22/18,
SWRCB,CCL,2018,9/23/18,
SWRCB,CCL,2018,9/24/18,
SWRCB,CCL,2018,9/25/18,
SWRCB,CCL,2018,9/26/18,
SWRCB,CCL,2018,9/27/18,
SWRCB,CCL,2018,9/28/18,
SWRCB,CCL,2018,9/29/18,
SWRCB,CCL,2018,9/30/18,
SWRCB,CCL,2018,10/1/18,
SWRCB,CCL,2018,10/2/18,
SWRCB,CCL,2018,10/3/18,
SWRCB,CCL,2018,10/4/18,
SWRCB,CCL,2018,10/5/18,
SWRCB,CCL,2018,10/6/18,
SWRCB,CCL,2018,10/7/18,
SWRCB,CCL,2018,10/8/18,
SWRCB,CCL,2018,10/9/18,
SWRCB,CCL,2018,10/10/18,
SWRCB,CCL,2018,10/11/18,
SWRCB,CCL,2018,10/12/18,
SWRCB,CCL,2018,10/13/18,
SWRCB,CCL,2018,10/14/18,
SWRCB,CCL,2018,10/15/18,
SWRCB,CCL,2018,10/16/18,
SWRCB,CCL,2018,10/17/18,
SWRCB,CCL,2018,10/18/18,
SWRCB,CCL,2018,10/19/18,
SWRCB,CCL,2018,10/20/18,
SWRCB,CCL,2018,10/21/18,
SWRCB,CCL,2018,10/22/18,
SWRCB,CCL,2018,10/23/18,
SWRCB,CCL,2018,10/24/18,
SWRCB,CCL,2018,10/25/18,
SWRCB,CCL,2018,10/26/18,
SWRCB,CCL,2018,10/27/18,
SWRCB,CCL,2018,10/28/18,
SWRCB,CCL,2018,10/29/18,
SWRCB,CCL,2018,10/30/18,
SWRCB,CCL,2018,10/31/18,
SWRCB,CCL,2018,11/1/18,
SWRCB,CCL,2018,11/2/18,
SWRCB,CCL,2018,11/3/18,
SWRCB,CCL,2018,11/4/18,
SWRCB,CCL,2018,11/5/18,
SWRCB,CCL,2018,11/6/18,
SWRCB,CCL,2018,11/7/18,
SWRCB,CCL,2018,11/8/18,
SWRCB,CCL,2018,11/9/18,
SWRCB,CCL,2018,11/10/18,8.335635663
SWRCB,CCL,2018,11/11/18,8.282162888
SWRCB,CCL,2018,11/12/18,8.313902625
SWRCB,CCL,2018,11/13/18,8.267948394
SWRCB,CCL,2018,11/14/18,8.202582964
SWRCB,CCL,2018,11/15/18,8.159579488
SWRCB,CCL,2018,11/16/18,8.162362832
SWRCB,CCL,2018,11/17/18,8.027848197
SWRCB,CCL,2018,11/18/18,8.059612451
SWRCB,CCL,2018,11/19/18,8.08794126
SWRCB,CCL,2019,5/2/19,39.49265156
SWRCB,CCL,2019,5/3/19,38.05067826
SWRCB,CCL,2019,5/4/19,36.21680573
SWRCB,CCL,2019,5/5/19,35.90952953
SWRCB,CCL,2019,5/6/19,34.8842035
SWRCB,CCL,2019,5/7/19,34.12613175
SWRCB,CCL,2019,5/8/19,33.41495944
SWRCB,CCL,2019,5/9/19,32.86856167
SWRCB,CCL,2019,5/10/19,31.36239699
SWRCB,CCL,2019,5/11/19,30.14002469
SWRCB,CCL,2019,5/12/19,29.27875121
SWRCB,CCL,2019,5/13/19,28.81696646
SWRCB,CCL,2019,5/14/19,28.69040338
SWRCB,CCL,2019,5/15/19,35.92065924
SWRCB,CCL,2019,5/16/19,129.0333864
SWRCB,CCL,2019,5/17/19,124.7426235
SWRCB,CCL,2019,5/18/19,107.3666305
SWRCB,CCL,2019,5/19/19,126.64848
SWRCB,CCL,2019,5/20/19,92.83722133
SWRCB,CCL,2019,5/21/19,216.2134187
SWRCB,CCL,2019,5/22/19,197.7514101
SWRCB,CCL,2019,5/23/19,128.0263815
SWRCB,CCL,2019,5/24/19,97.96858746
SWRCB,CCL,2019,5/25/19,81.2817766
SWRCB,CCL,2019,5/26/19,71.16203392
SWRCB,CCL,2019,5/27/19,62.56882087
SWRCB,CCL,2019,5/28/19,57.74584512
SWRCB,CCL,2019,5/29/19,53.39560703
SWRCB,CCL,2019,5/30/19,49.76902356
SWRCB,CCL,2019,5/31/19,46.77592742
SWRCB,CCL,2019,6/1/19,44.50033867
SWRCB,CCL,2019,6/2/19,42.77432731
SWRCB,CCL,2019,6/3/19,40.0275086
SWRCB,CCL,2019,6/4/19,38.12998005
SWRCB,CCL,2019,6/5/19,36.71648677
SWRCB,CCL,2019,6/6/19,36.23393141
SWRCB,CCL,2019,6/7/19,34.88128858
SWRCB,CCL,2019,6/8/19,33.45159587
SWRCB,CCL,2019,6/9/19,32.68622286
SWRCB,CCL,2019,6/10/19,32.72790058
SWRCB,CCL,2019,6/11/19,31.90170753
SWRCB,CCL,2019,6/12/19,31.18924576
SWRCB,CCL,2019,6/13/19,30.09448738
SWRCB,CCL,2019,6/14/19,29.50415997
SWRCB,CCL,2019,6/15/19,29.05926891
SWRCB,CCL,2019,6/16/19,28.31155012
SWRCB,CCL,2019,6/17/19,27.59347503
SWRCB,CCL,2019,6/18/19,27.11279238
SWRCB,CCL,2019,6/19/19,26.54245611
SWRCB,CCL,2019,6/20/19,26.41797187
SWRCB,CCL,2019,6/21/19,26.04439445
SWRCB,CCL,2019,6/22/19,25.69290691
SWRCB,CCL,2019,6/23/19,25.33493758
SWRCB,CCL,2019,6/24/19,24.94805591
SWRCB,CCL,2019,6/25/19,24.83000288
SWRCB,CCL,2019,6/26/19,24.82996251
SWRCB,CCL,2019,6/27/19,24.4634705
SWRCB,CCL,2019,6/28/19,24.1392014
SWRCB,CCL,2019,6/29/19,23.59011287
SWRCB,CCL,2019,6/30/19,23.25824989
SWRCB,CCL,2019,7/1/19,22.91378577
SWRCB,CCL,2019,7/2/19,22.6068435
SWRCB,CCL,2019,7/3/19,22.1950895
SWRCB,CCL,2019,7/4/19,21.99062167
SWRCB,CCL,2019,7/5/19,21.51585073
SWRCB,CCL,2019,7/6/19,21.12936733
SWRCB,CCL,2019,7/7/19,21.15126897
SWRCB,CCL,2019,7/8/19,21.09381828
SWRCB,CCL,2019,7/9/19,20.71051703
SWRCB,CCL,2019,7/10/19,20.69448589
SWRCB,CCL,2019,7/11/19,20.42500158
SWRCB,CCL,2019,7/12/19,20.0486963
SWRCB,CCL,2019,7/13/19,19.50977376
SWRCB,CCL,2019,7/14/19,19.25140816
SWRCB,CCL,2019,7/15/19,19.10692439
SWRCB,CCL,2019,7/16/19,18.97735913
SWRCB,CCL,2019,7/17/19,18.61521759
SWRCB,CCL,2019,7/18/19,18.55028418
SWRCB,CCL,2019,7/19/19,18.33254245
SWRCB,CCL,2019,7/20/19,18.10636597
SWRCB,CCL,2019,7/21/19,17.82633753
SWRCB,CCL,2019,7/22/19,17.67015813
SWRCB,CCL,2019,7/23/19,17.44180561
SWRCB,CCL,2019,7/24/19,17.30512505
SWRCB,CCL,2019,7/25/19,17.00999969
SWRCB,CCL,2019,7/26/19,16.86241768
SWRCB,CCL,2019,7/27/19,16.72332737
SWRCB,CCL,2019,7/28/19,16.64918131
SWRCB,CCL,2019,7/29/19,16.53318299
SWRCB,CCL,2019,7/30/19,16.4447828
SWRCB,CCL,2019,7/31/19,16.20694317
SWRCB,CCL,2019,8/1/19,16.23480799
SWRCB,CCL,2019,8/2/19,16.04849059
SWRCB,CCL,2019,8/3/19,15.91911981
SWRCB,CCL,2019,8/4/19,15.85866605
SWRCB,CCL,2019,8/5/19,15.72245739
SWRCB,CCL,2019,8/6/19,15.45724931
SWRCB,CCL,2019,8/7/19,15.12555938
SWRCB,CCL,2019,8/8/19,15.31352315
SWRCB,CCL,2019,8/9/19,15.39534895
SWRCB,CCL,2019,8/10/19,16.00734474
SWRCB,CCL,2019,8/11/19,15.44086002
SWRCB,CCL,2019,8/12/19,15.17213651
SWRCB,CCL,2019,8/13/19,14.88672863
SWRCB,CCL,2019,8/14/19,14.603024
SWRCB,CCL,2019,8/15/19,14.41449973
SWRCB,CCL,2019,8/16/19,14.36431052
SWRCB,CCL,2019,8/17/19,14.44657713
SWRCB,CCL,2019,8/18/19,14.39561104
SWRCB,CCL,2019,8/19/19,14.2146702
SWRCB,CCL,2019,8/20/19,14.32484183
SWRCB,CCL,2019,8/21/19,14.33297968
SWRCB,CCL,2019,8/22/19,14.18771214
SWRCB,CCL,2019,8/23/19,13.93415123
SWRCB,CCL,2019,8/24/19,13.78900143
SWRCB,CCL,2019,8/25/19,13.63424037
SWRCB,CCL,2019,8/26/19,13.58103275
SWRCB,CCL,2019,8/27/19,13.4887833
SWRCB,CCL,2019,8/28/19,13.40139566
SWRCB,CCL,2019,8/29/19,13.6023797
SWRCB,CCL,2019,8/30/19,13.56031839
SWRCB,CCL,2019,8/31/19,13.28233797
SWRCB,CCL,2019,9/1/19,13.05840892
SWRCB,CCL,2019,9/2/19,13.05446346
SWRCB,CCL,2019,9/3/19,12.97158405
SWRCB,CCL,2019,9/4/19,12.9967581
SWRCB,CCL,2019,9/5/19,12.73247423
SWRCB,CCL,2019,9/6/19,12.57126599
SWRCB,CCL,2019,9/7/19,12.65130597
SWRCB,CCL,2019,9/8/19,12.58428619
SWRCB,CCL,2019,9/9/19,12.54161201
SWRCB,CCL,2019,9/10/19,12.39152805
SWRCB,CCL,2019,9/11/19,12.19822635
SWRCB,CCL,2019,9/12/19,12.20996783
SWRCB,CCL,2019,9/13/19,12.19483121
SWRCB,CCL,2019,9/14/19,12.14878164
SWRCB,CCL,2019,9/15/19,12.13438812
SWRCB,CCL,2019,9/16/19,13.89220429
SWRCB,CCL,2019,9/17/19,12.68919285
SWRCB,CCL,2019,9/18/19,14.88730628
SWRCB,CCL,2019,9/19/19,13.20039005
SWRCB,CCL,2019,9/20/19,12.44753963
SWRCB,CCL,2019,9/21/19,12.27223731
SWRCB,CCL,2019,9/22/19,12.13781872
SWRCB,CCL,2019,9/23/19,12.06884059
SWRCB,CCL,2019,9/24/19,11.72416252
SWRCB,CCL,2019,9/25/19,11.75118276
SWRCB,CCL,2019,9/26/19,11.6363997
SWRCB,CCL,2019,9/27/19,11.70375826
SWRCB,CCL,2019,9/28/19,11.48163985
SWRCB,CCL,2019,9/29/19,12.14470822
SWRCB,CCL,2019,9/30/19,12.02129453
SWRCB,CCL,2019,10/1/19,11.57230206
SWRCB,CCL,2019,10/2/19,11.29842686
SWRCB,CCL,2019,10/3/19,11.08292075
SWRCB,CCL,2019,10/4/19,11.04671265
SWRCB,CCL,2019,10/5/19,11.16639953
SWRCB,CCL,2019,10/6/19,11.01986513
SWRCB,CCL,2019,10/7/19,10.9785075
SWRCB,CCL,2019,10/8/19,11.03283146
SWRCB,CCL,2019,10/9/19,10.93772697
SWRCB,CCL,2019,10/10/19,10.87762284
SWRCB,CCL,2019,10/11/19,10.69068844
SWRCB,CCL,2019,10/12/19,10.63269629
SWRCB,CCL,2019,10/13/19,10.73137267
SWRCB,CCL,2019,10/14/19,10.67009177
SWRCB,CCL,2019,10/15/19,10.64156114
SWRCB,CCL,2019,10/16/19,10.93592991
SWRCB,CCL,2019,10/17/19,12.28018818
SWRCB,CCL,2019,10/18/19,11.59424437
SWRCB,CCL,2019,10/19/19,11.69492977
SWRCB,CCL,2019,10/20/19,11.2192705
SWRCB,CCL,2019,10/21/19,10.84845639
SWRCB,CCL,2019,10/22/19,10.79703385
SWRCB,CCL,2019,10/23/19,10.89354195