id,workbook_description,csv_description,archived_description,description_matches,selected_description
179,sandstone hole 31,sandstone hole 31,sandstone hole 31,True,sandstone hole 31
180,"sonic anemometer, offset 1m upslope","sonic anemometer, offset 1m upslope","sonic anemometer, offset 1m upslope",True,"sonic anemometer, offset 1m upslope"
181,level 4 TDR nest in road cut; offset 1m upslope east of where cables go in ground,level 4 TDR nest in road cut; offset 1m upslope east of where cables go in ground,level 4 TDR nest in road cut; offset 1m upslope east of where cables go in ground,True,level 4 TDR nest in road cut; offset 1m upslope east of where cables go in ground
182,level 4 TDR nest in road cut; sensor no 22,level 4 TDR nest in road cut; sensor no 22,level 4 TDR nest in road cut; sensor no 22,True,level 4 TDR nest in road cut; sensor no 22
183,level 4 TDR,level 4 TDR,level 4 TDR,True,level 4 TDR
184,well 6,well 6,well 6,True,well 6
185,Hobo pro v2 temp rh,Hobo pro v2 temp rh,Hobo pro v2 temp rh,True,Hobo pro v2 temp rh
186,well 5; 30 cm north of measurement point,well 5; 30 cm north of measurement point,well 5; 30 cm north of measurement point,True,well 5; 30 cm north of measurement point
187,tree sap flow delta box,tree sap flow delta box,tree sap flow delta box,True,tree sap flow delta box
188,well 14,well 14,well 14,True,well 14
189,tree tag 615,tree tag 615,tree tag 615,True,tree tag 615
190,tree tag 614; offset 50cm,tree tag 614; offset 50cm,tree tag 614; offset 50cm,True,tree tag 614; offset 50cm
191,tree tag 613,tree tag 613,tree tag 613,True,tree tag 613
192,tree tag 611,tree tag 611,tree tag 611,True,tree tag 611
193,tree red tape. sampled no tag,tree red tape. sampled no tag,tree red tape. sampled no tag,True,tree red tape. sampled no tag
194,trail,trail,trail,True,trail
195,tree tag 610,tree tag 610,tree tag 610,True,tree tag 610
196,trail,trail,trail,True,trail
197,tree tag 609,tree tag 609,tree tag 609,True,tree tag 609
198,"Pink flag w13_0, 0-40cm","Pink flag w13_0, 0-40cm","Pink flag w13_0, 0-40cm",True,"Pink flag w13_0, 0-40cm"
199,trail,trail,trail,True,trail
200,"pink flag soil sample w13_02, 0-40cm","pink flag soil sample w13_02, 0-40cm","pink flag soil sample w13_02, 0-40cm",True,"pink flag soil sample w13_02, 0-40cm"
201,"pink flag soil sample, 0-40cm","pink flag soil sample, 0-40cm","pink flag soil sample, 0-40cm",True,"pink flag soil sample, 0-40cm"
202,well 13,well 13,well 13,True,well 13
203,tree tag 608,tree tag 608,tree tag 608,True,tree tag 608
204,tree tag 606,tree tag 606,tree tag 606,True,tree tag 606
205,tdr level 253,tdr level 253,tdr level 253,True,tdr level 253
206,ERP level 2,ERP level 2,ERP level 2,True,ERP level 2
207,top of ladder,top of ladder,top of ladder,True,top of ladder
208,well 2,well 2,well 2,True,well 2
209,"jasper tree re-1 yew tag17, and temp RH meter","jasper tree re-1 yew tag17, and temp RH meter","jasper tree re-1 yew tag17, and temp RH meter",True,"jasper tree re-1 yew tag17, and temp RH meter"
210,level 2 new rain gauge,level 2 new rain gauge,level 2 new rain gauge,True,level 2 new rain gauge
211,level 2 old rain gauge,level 2 old rain gauge,level 2 old rain gauge,True,level 2 old rain gauge
212,datalogger boxes,datalogger boxes,datalogger boxes,True,datalogger boxes
213,L2S3 TDR,L2S3 TDR,L2S3 TDR,True,L2S3 TDR
214,datalogger hut,datalogger hut,datalogger hut,True,datalogger hut
215,ERP level 2,ERP level 2,ERP level 2,True,ERP level 2
216,old level 2 rain gauge,old level 2 rain gauge,old level 2 rain gauge,True,old level 2 rain gauge
217,sap flow tree bravo box power box,sap flow tree bravo box power box,sap flow tree bravo box power box,True,sap flow tree bravo box power box
218,tree tag 18 huge Dfir,tree tag 18 huge Dfir,tree tag 18 huge Dfir,True,tree tag 18 huge Dfir
219,well 3,well 3,well 3,True,well 3
220,well 3 ISCO,well 3 ISCO,well 3 ISCO,True,well 3 ISCO
221,top of ladder,top of ladder,top of ladder,True,top of ladder
222,tree tag 20 BA-1,tree tag 20 BA-1,tree tag 20 BA-1,True,tree tag 20 BA-1
223,t-series tdr L2,t-series tdr L2,t-series tdr L2,True,t-series tdr L2
224,shallow augur hole,shallow augur hole,shallow augur hole,True,shallow augur hole
225,soil temp psychrometer,soil temp psychrometer,soil temp psychrometer,True,soil temp psychrometer
226,abandoned sap flow,abandoned sap flow,abandoned sap flow,True,abandoned sap flow
227,ERT 27,ERT 27,ERT 27,True,ERT 27
228,Base of ladder,Base of ladder,Base of ladder,True,Base of ladder
229,T-series TDR,T-series TDR,T-series TDR,True,T-series TDR
230,soil temp psychrometer,soil temp psychrometer,soil temp psychrometer,True,soil temp psychrometer
231,tree 22 pink flagging,tree 22 pink flagging,tree 22 pink flagging,True,tree 22 pink flagging
232,tree 21,tree 21,tree 21,True,tree 21
233,"soil sample w3 gravel colluvium 06/08/17, 1m upslope from ErP","soil sample w3 gravel colluvium 06/08/17, 1m upslope from ErP","soil sample w3 gravel colluvium 06/08/17, 1m upslope from ErP",True,"soil sample w3 gravel colluvium 06/08/17, 1m upslope from ErP"
234,L2S1 TDR,L2S1 TDR,L2S1 TDR,True,L2S1 TDR
235,tree tag 23 blue flagging; measurement 30cm upslope from tree,tree tag 23 blue flagging; measurement 30cm upslope from tree,tree tag 23 blue flagging; measurement 30cm upslope from tree,True,tree tag 23 blue flagging; measurement 30cm upslope from tree
236,SM200,SM200,SM200,True,SM200
237,Unknown 2.5 inch shallow auger hole,Unknown 2.5 inch shallow auger hole,Unknown 2.5 inch shallow auger hole,True,Unknown 2.5 inch shallow auger hole
238,tree tag 24,tree tag 24,tree tag 24,True,tree tag 24
239,tree tag 25 MD-1,tree tag 25 MD-1,tree tag 25 MD-1,True,tree tag 25 MD-1
240,sm200;,sm200;,sm200;,True,sm200;
241,tree throw root wad center,tree throw root wad center,tree throw root wad center,True,tree throw root wad center
242,trail,trail,trail,True,trail
243,sm200,sm200,sm200,True,sm200
244,sm200,sm200,sm200,True,sm200
245,trail,trail,trail,True,trail
246,base of ladder,base of ladder,base of ladder,True,base of ladder
247,Log,Log,Log,True,Log
248,log and platform,log and platform,log and platform,True,log and platform
249,orange flag R2 2011 ??,orange flag R2 2011 ??,orange flag R2 2011 ??,True,orange flag R2 2011 ??
250,on the log next to RH/Temp,on the log next to RH/Temp,on the log next to RH/Temp,True,on the log next to RH/Temp
251,Log ladder top,Log ladder top,Log ladder top,True,Log ladder top
252,Base of ladder,Base of ladder,Base of ladder,True,Base of ladder
253,Trail to top of ladder,Trail to top of ladder,Trail to top of ladder,True,Trail to top of ladder
254,Top of ladder,Top of ladder,Top of ladder,True,Top of ladder
255,Tree tag 15 Douglas fir,Tree tag 15 Douglas fir,Tree tag 15 Douglas fir,True,Tree tag 15 Douglas fir
256,Oak 1 tree tag 14,Oak 1 tree tag 14,Oak 1 tree tag 14,True,Oak 1 tree tag 14
257,Tree tag 13 LO-2,Tree tag 13 LO-2,Tree tag 13 LO-2,True,Tree tag 13 LO-2
258,Bay tree 2 tag 11,Bay tree 2 tag 11,Bay tree 2 tag 11,True,Bay tree 2 tag 11
259,Tree 12 LO-3 in sandstoneblock,Tree 12 LO-3 in sandstoneblock,Tree 12 LO-3 in sandstoneblock,True,Tree 12 LO-3 in sandstoneblock
260,Ladder trail fallen log,Ladder trail fallen log,Ladder trail fallen log,True,Ladder trail fallen log
261,Tree tag 9 sap flow old 3 prong,Tree tag 9 sap flow old 3 prong,Tree tag 9 sap flow old 3 prong,True,Tree tag 9 sap flow old 3 prong
262,Ladder near top of bottom mostladder and near two tagged trees,Ladder near top of bottom mostladder and near two tagged trees,Ladder near top of bottom mostladder and near two tagged trees,True,Ladder near top of bottom mostladder and near two tagged trees
263,Fir 2 tree along trail,Fir 2 tree along trail,Fir 2 tree along trail,True,Fir 2 tree along trail
264,Tree 1 huge dfir sap flow box Charlie,Tree 1 huge dfir sap flow box Charlie,Tree 1 huge dfir sap flow box Charlie,True,Tree 1 huge dfir sap flow box Charlie
265,Between 2 ladders tree 8 hole augered w PVC is 0.9 cm to doutheast,Between 2 ladders tree 8 hole augered w PVC is 0.9 cm to doutheast,Between 2 ladders tree 8 hole augered w PVC is 0.9 cm to doutheast,True,Between 2 ladders tree 8 hole augered w PVC is 0.9 cm to doutheast
266,Ladder trail turn,Ladder trail turn,Ladder trail turn,True,Ladder trail turn
267,Well 11,Well 11,Well 11,True,Well 11
268,Well 12,Well 12,Well 12,True,Well 12
269,Tree 6,Tree 6,Tree 6,True,Tree 6
270,Sm 200,Sm 200,Sm 200,True,Sm 200
271,Level 1 ERP,Level 1 ERP,Level 1 ERP,True,Level 1 ERP
272,Well 1,Well 1,Well 1,True,Well 1
273,Tree tag 4 oak-3,Tree tag 4 oak-3,Tree tag 4 oak-3,True,Tree tag 4 oak-3
274,Old rain gauge level 1,Old rain gauge level 1,Old rain gauge level 1,True,Old rain gauge level 1
275,TempRH sensro,TempRH sensro,TempRH sensro,True,TempRH sensro
276,Edge of data logger box,Edge of data logger box,Edge of data logger box,True,Edge of data logger box
277,Edge of elder 0.6 m downstream of ISCO intake,Edge of elder 0.6 m downstream of ISCO intake,Edge of elder 0.6 m downstream of ISCO intake,True,Edge of elder 0.6 m downstream of ISCO intake
278,N edge of elder,N edge of elder,N edge of elder,True,N edge of elder
279,Tree 5 oak,Tree 5 oak,Tree 5 oak,True,Tree 5 oak
280,Bay 3 tag tree 2,Bay 3 tag tree 2,Bay 3 tag tree 2,True,Bay 3 tag tree 2
281,Trail bend,Trail bend,Trail bend,True,Trail bend
282,Well 14 again,Well 14 again,Well 14 again,True,Well 14 again
283,Well 13 and 14 datalogger and antenna,Well 13 and 14 datalogger and antenna,Well 13 and 14 datalogger and antenna,True,Well 13 and 14 datalogger and antenna
1,Level 5 rain gauge,Level 5 rain gauge,Level 5 rain gauge,True,Level 5 rain gauge
2,tree tag 45 madrone,tree tag 45 madrone,tree tag 45 madrone,True,tree tag 45 madrone
3,N04_Ridge soil sample,N04_Ridge soil sample,N04_Ridge soil sample,True,N04_Ridge soil sample
4,sap flow douglas fir with no tree tag,sap flow douglas fir with no tree tag,sap flow douglas fir with no tree tag,True,sap flow douglas fir with no tree tag
5,yellow flag labeled R1 Dralle 3/28/17,yellow flag labeled R1 Dralle 3/28/17,yellow flag labeled R1 Dralle 3/28/17,True,yellow flag labeled R1 Dralle 3/28/17
6,ERT flag 67,ERT flag 67,ERT flag 67,True,ERT flag 67
7,"N05_SW_VV, 2 m south of surveyed point","N05_SW_VV, 2 m south of surveyed point","N05_SW_VV, 2 m south of surveyed point",True,"N05_SW_VV, 2 m south of surveyed point"
8,Romeo sap flow tree,Romeo sap flow tree,Romeo sap flow tree,True,Romeo sap flow tree
9,madrone tree tag 87 yellow flagging,madrone tree tag 87 yellow flagging,madrone tree tag 87 yellow flagging,True,madrone tree tag 87 yellow flagging
10,madrone tree tag 289 pink flagging,madrone tree tag 289 pink flagging,madrone tree tag 289 pink flagging,True,madrone tree tag 289 pink flagging
11,"bay laurel tree tag 288, note that trees 65 and 64 are approximately 8 m east, but were out of view of total station","bay laurel tree tag 288, note that trees 65 and 64 are approximately 8 m east, but were out of view of total station","bay laurel tree tag 288, note that trees 65 and 64 are approximately 8 m east, but were out of view of total station",True,"bay laurel tree tag 288, note that trees 65 and 64 are approximately 8 m east, but were out of view of total station"
12,sierra sap flow tree,sierra sap flow tree,sierra sap flow tree,True,sierra sap flow tree
13,PSME tree tag 76,PSME tree tag 76,PSME tree tag 76,True,PSME tree tag 76
14,Uniform sap flow tree tag 42,Uniform sap flow tree tag 42,Uniform sap flow tree tag 42,True,Uniform sap flow tree tag 42
15,tree tag 43 with yellow and blue flagging,tree tag 43 with yellow and blue flagging,tree tag 43 with yellow and blue flagging,True,tree tag 43 with yellow and blue flagging
16,level 3 rain gauge,level 3 rain gauge,level 3 rain gauge,True,level 3 rain gauge
17,old rain gauge level 3,old rain gauge level 3,old rain gauge level 3,True,old rain gauge level 3
18,"unknown soil sensors, likely soil temperature or psychrometer","unknown soil sensors, likely soil temperature or psychrometer","unknown soil sensors, likely soil temperature or psychrometer",True,"unknown soil sensors, likely soil temperature or psychrometer"
19,Level 3 TDR,Level 3 TDR,Level 3 TDR,True,Level 3 TDR
20,"tree tag 44 madrone, offset by 20 cm to the S","tree tag 44 madrone, offset by 20 cm to the S","tree tag 44 madrone, offset by 20 cm to the S",True,"tree tag 44 madrone, offset by 20 cm to the S"
21,"Tango sap flow, tree tag covered","Tango sap flow, tree tag covered","Tango sap flow, tree tag covered",True,"Tango sap flow, tree tag covered"
22,tree tag 93,tree tag 93,tree tag 93,True,tree tag 93
23,data logger hut level 3,data logger hut level 3,data logger hut level 3,True,data logger hut level 3
24,Well 10,Well 10,Well 10,True,Well 10
25,tree tag 94 douglas fir,tree tag 94 douglas fir,tree tag 94 douglas fir,True,tree tag 94 douglas fir
26,tree tag 32 live oak,tree tag 32 live oak,tree tag 32 live oak,True,tree tag 32 live oak
27,N02_WV soil sample,N02_WV soil sample,N02_WV soil sample,True,N02_WV soil sample
28,soil cores (2 of them),soil cores (2 of them),soil cores (2 of them),True,soil cores (2 of them)
29,tree tag 296 dendrometer,tree tag 296 dendrometer,tree tag 296 dendrometer,True,tree tag 296 dendrometer
30,tree tag 34,tree tag 34,tree tag 34,True,tree tag 34
31,whiskey sap flow madrone tree 36,whiskey sap flow madrone tree 36,whiskey sap flow madrone tree 36,True,whiskey sap flow madrone tree 36
32,tree tag 37 dendrometer,tree tag 37 dendrometer,tree tag 37 dendrometer,True,tree tag 37 dendrometer
33,tree tag 38,tree tag 38,tree tag 38,True,tree tag 38
34,ERP level 3,ERP level 3,ERP level 3,True,ERP level 3
35,T-series TDR (?),T-series TDR (?),T-series TDR (?),True,T-series TDR (?)
36,tree tag 39,tree tag 39,tree tag 39,True,tree tag 39
37,victor sap flow,victor sap flow,victor sap flow,True,victor sap flow
38,Tree tag 40 sapflow,Tree tag 40 sapflow,Tree tag 40 sapflow,True,Tree tag 40 sapflow
39,tree tag 41 ursula,tree tag 41 ursula,tree tag 41 ursula,True,tree tag 41 ursula
40,CO2 soil flux,CO2 soil flux,CO2 soil flux,True,CO2 soil flux
41,VMS VSP 9 Sleeve A,VMS VSP 9 Sleeve A,VMS VSP 9 Sleeve A,True,VMS VSP 9 Sleeve A
42,VMS VSP 7 Sleeve A,VMS VSP 7 Sleeve A,VMS VSP 7 Sleeve A,True,VMS VSP 7 Sleeve A
43,VMS VSP 6 Sleeve A,VMS VSP 6 Sleeve A,VMS VSP 6 Sleeve A,True,VMS VSP 6 Sleeve A
44,VMS VSP 4 Sleeve A,VMS VSP 4 Sleeve A,VMS VSP 4 Sleeve A,True,VMS VSP 4 Sleeve A
45,VMS VSP 2 Sleeve A,VMS VSP 2 Sleeve A,VMS VSP 2 Sleeve A,True,VMS VSP 2 Sleeve A
46,VMS VSP 1 Sleeve A,VMS VSP 1 Sleeve A,VMS VSP 1 Sleeve A,True,VMS VSP 1 Sleeve A
47,CO2 soil flux,CO2 soil flux,CO2 soil flux,True,CO2 soil flux
48,SW corner of VMS sampling hut,SW corner of VMS sampling hut,SW corner of VMS sampling hut,True,SW corner of VMS sampling hut
49,VMS FS1 Sleeve B,VMS FS1 Sleeve B,VMS FS1 Sleeve B,True,VMS FS1 Sleeve B
50,VMS FS2 Sleeve B,VMS FS2 Sleeve B,VMS FS2 Sleeve B,True,VMS FS2 Sleeve B
51,VMS FS4 Sleeve B,VMS FS4 Sleeve B,VMS FS4 Sleeve B,True,VMS FS4 Sleeve B
52,VMS FS6 Sleeve B,VMS FS6 Sleeve B,VMS FS6 Sleeve B,True,VMS FS6 Sleeve B
53,Xray sap flow,Xray sap flow,Xray sap flow,True,Xray sap flow
54,CO2 soil flux,CO2 soil flux,CO2 soil flux,True,CO2 soil flux
55,tree live oak sampled no number,tree live oak sampled no number,tree live oak sampled no number,True,tree live oak sampled no number
56,betwen Zulu and Yankee sap flow trees,betwen Zulu and Yankee sap flow trees,betwen Zulu and Yankee sap flow trees,True,betwen Zulu and Yankee sap flow trees
57,VMS soil lysimeter 30 cm,VMS soil lysimeter 30 cm,VMS soil lysimeter 30 cm,True,VMS soil lysimeter 30 cm
58,VMS soil lysimeter 15 cm,VMS soil lysimeter 15 cm,VMS soil lysimeter 15 cm,True,VMS soil lysimeter 15 cm
59,Hyprop sample N1,Hyprop sample N1,Hyprop sample N1,True,Hyprop sample N1
60,Hyprop sample N2,Hyprop sample N2,Hyprop sample N2,True,Hyprop sample N2
61,Flux Hole 1,Flux Hole 1,Flux Hole 1,True,Flux Hole 1
62,Hyprop sample N3,Hyprop sample N3,Hyprop sample N3,True,Hyprop sample N3
63,Hyprop sample N4,Hyprop sample N4,Hyprop sample N4,True,Hyprop sample N4
64,yellow flag labeled C16 12/19/06,yellow flag labeled C16 12/19/06,yellow flag labeled C16 12/19/06,True,yellow flag labeled C16 12/19/06
65,Tree tag 636,Tree tag 636,Tree tag 636,True,Tree tag 636
66,tree tag 637,tree tag 637,tree tag 637,True,tree tag 637
67,tree tag 638,tree tag 638,tree tag 638,True,tree tag 638
68,tree tag 639,tree tag 639,tree tag 639,True,tree tag 639
69,tree tag 640,tree tag 640,tree tag 640,True,tree tag 640
70,tracer hole,tracer hole,tracer hole,True,tracer hole
71,tracer hole,tracer hole,tracer hole,True,tracer hole
72,tracer hole,tracer hole,tracer hole,True,tracer hole
73,tracer hole,tracer hole,tracer hole,True,tracer hole
74,tracer hole,tracer hole,tracer hole,True,tracer hole
75,well 15 resurveyed,well 15 resurveyed,well 15 resurveyed,True,well 15 resurveyed
76,stake #122,stake #122,stake #122,True,stake #122
77,tree tag 630,tree tag 630,tree tag 630,True,tree tag 630
78,auger hole near huge douglas fir,auger hole near huge douglas fir,auger hole near huge douglas fir,True,auger hole near huge douglas fir
79,tree tag 631,tree tag 631,tree tag 631,True,tree tag 631
80,tree tag 629,tree tag 629,tree tag 629,True,tree tag 629
81,"well 7, offset to the west by 49 cm, same elevation","well 7, offset to the west by 49 cm, same elevation","well 7, offset to the west by 49 cm, same elevation",True,"well 7, offset to the west by 49 cm, same elevation"
82,trail,trail,trail,True,trail
83,trail,trail,trail,True,trail
84,trail,trail,trail,True,trail
85,trail,trail,trail,True,trail
86,trail,trail,trail,True,trail
87,trail,trail,trail,True,trail
88,trail,trail,trail,True,trail
89,trail,trail,trail,True,trail
90,trail,trail,trail,True,trail
91,trail,trail,trail,True,trail
92,trail,trail,trail,True,trail
93,trail,trail,trail,True,trail
94,trail,trail,trail,True,trail
95,trail,trail,trail,True,trail
96,oshun tdr level 5,oshun tdr level 5,oshun tdr level 5,True,oshun tdr level 5
97,"oshun lysimeter, they’re broken","oshun lysimeter, they’re broken","oshun lysimeter, they?re broken",False,"oshun lysimeter, they’re broken"
98,tree tag 47 yellow and pink flag,tree tag 47 yellow and pink flag,tree tag 47 yellow and pink flag,True,tree tag 47 yellow and pink flag
99,TDR T1 plot,TDR T1 plot,TDR T1 plot,True,TDR T1 plot
100,TDR T2 plot,TDR T2 plot,TDR T2 plot,True,TDR T2 plot
101,TDR T3 plot,TDR T3 plot,TDR T3 plot,True,TDR T3 plot
102,TDR T4 plot,TDR T4 plot,TDR T4 plot,True,TDR T4 plot
103,TDR T5 plot,TDR T5 plot,TDR T5 plot,True,TDR T5 plot
104,TDR T6 plot,TDR T6 plot,TDR T6 plot,True,TDR T6 plot
105,"sapflow moss foot, box november","sapflow moss foot, box november","sapflow moss foot, box november",True,"sapflow moss foot, box november"
106,tracer hole,tracer hole,tracer hole,True,tracer hole
107,tree tag 83 small douglas fir sampled,tree tag 83 small douglas fir sampled,tree tag 83 small douglas fir sampled,True,tree tag 83 small douglas fir sampled
108,tree 79 madrone,tree 79 madrone,tree 79 madrone,True,tree 79 madrone
109,tree tag 80 madrone,tree tag 80 madrone,tree tag 80 madrone,True,tree tag 80 madrone
110,tree tag 81 oak,tree tag 81 oak,tree tag 81 oak,True,tree tag 81 oak
111,tracer hole,tracer hole,tracer hole,True,tracer hole
112,tracer hole,tracer hole,tracer hole,True,tracer hole
113,sapflow spdf box oscar,sapflow spdf box oscar,sapflow spdf box oscar,True,sapflow spdf box oscar
114,tree tag 71 dendrometer old sapflow,tree tag 71 dendrometer old sapflow,tree tag 71 dendrometer old sapflow,True,tree tag 71 dendrometer old sapflow
115,tracer hole,tracer hole,tracer hole,True,tracer hole
116,tracer hole,tracer hole,tracer hole,True,tracer hole
117,tree tag 78 tan oak,tree tag 78 tan oak,tree tag 78 tan oak,True,tree tag 78 tan oak
118,tracer hole,tracer hole,tracer hole,True,tracer hole
119,tree tag 77 live oak,tree tag 77 live oak,tree tag 77 live oak,True,tree tag 77 live oak
120,tree tag 73 live oak box quebec,tree tag 73 live oak box quebec,tree tag 73 live oak box quebec,True,tree tag 73 live oak box quebec
121,"tree tag 99, live oak, dendrometer and old sapflow","tree tag 99, live oak, dendrometer and old sapflow","tree tag 99, live oak, dendrometer and old sapflow",True,"tree tag 99, live oak, dendrometer and old sapflow"
122,"solar panel control box, Todd and Lydia differntial GPS surveey point","solar panel control box, Todd and Lydia differntial GPS surveey point","solar panel control box, Todd and Lydia differntial GPS surveey point",True,"solar panel control box, Todd and Lydia differntial GPS surveey point"
123,"tree tag 50, tan oak","tree tag 50, tan oak","tree tag 50, tan oak",True,"tree tag 50, tan oak"
124,"tree tag 70, madrone, old sap flow and dendrometer","tree tag 70, madrone, old sap flow and dendrometer","tree tag 70, madrone, old sap flow and dendrometer",True,"tree tag 70, madrone, old sap flow and dendrometer"
125,"tree tag 51, madrone, (#15 or 1S?)","tree tag 51, madrone, (#15 or 1S?)","tree tag 51, madrone, (#15 or 1S?)",True,"tree tag 51, madrone, (#15 or 1S?)"
126,Well 16,Well 16,Well 16,True,Well 16
127,"repeat of #122, solar panel control box","repeat of #122, solar panel control box","repeat of #122, solar panel control box",True,"repeat of #122, solar panel control box"
128,"sapflow wye, box papa","sapflow wye, box papa","sapflow wye, box papa",True,"sapflow wye, box papa"
129,"tree tag 53, nearly dead","tree tag 53, nearly dead","tree tag 53, nearly dead",True,"tree tag 53, nearly dead"
130,vertical hobo upper south side,vertical hobo upper south side,vertical hobo upper south side,True,vertical hobo upper south side
131,tree tag 52,tree tag 52,tree tag 52,True,tree tag 52
132,"tree tag 621, oak","tree tag 621, oak","tree tag 621, oak",True,"tree tag 621, oak"
133,tree tag 95 oak,tree tag 95 oak,tree tag 95 oak,True,tree tag 95 oak
134,tree tag 300 dendrometer and old sap flow,tree tag 300 dendrometer and old sap flow,tree tag 300 dendrometer and old sap flow,True,tree tag 300 dendrometer and old sap flow
135,tree tag 61,tree tag 61,tree tag 61,True,tree tag 61
136,tree tag 60 small madrone,tree tag 60 small madrone,tree tag 60 small madrone,True,tree tag 60 small madrone
137,tree tag 62 big oak,tree tag 62 big oak,tree tag 62 big oak,True,tree tag 62 big oak
138,tree tag huge double oak,tree tag huge double oak,tree tag huge double oak,True,tree tag huge double oak
139,peripheral stake #113,peripheral stake #113,peripheral stake #113,True,peripheral stake #113
140,tree tag 55 madrone,tree tag 55 madrone,tree tag 55 madrone,True,tree tag 55 madrone
141,tree tag 56 small bay,tree tag 56 small bay,tree tag 56 small bay,True,tree tag 56 small bay
142,TDR WCRD,TDR WCRD,TDR WCRD,True,TDR WCRD
143,TDR 57 (did you mean tree tag) madrone,TDR 57 (did you mean tree tag) madrone,TDR 57 (did you mean tree tag) madrone,True,TDR 57 (did you mean tree tag) madrone
144,top of ladder below well 16,top of ladder below well 16,top of ladder below well 16,True,top of ladder below well 16
145,sap flow tree white beard box mike,sap flow tree white beard box mike,sap flow tree white beard box mike,True,sap flow tree white beard box mike
146,TDR WCR 3,TDR WCR 3,TDR WCR 3,True,TDR WCR 3
147,TDR WCR EF2,TDR WCR EF2,TDR WCR EF2,True,TDR WCR EF2
148,Banana slug sap flow kilo box,Banana slug sap flow kilo box,Banana slug sap flow kilo box,True,Banana slug sap flow kilo box
149,bottom of first ladder on south side,bottom of first ladder on south side,bottom of first ladder on south side,True,bottom of first ladder on south side
150,top of second ladder,top of second ladder,top of second ladder,True,top of second ladder
151,bottom of second ladder,bottom of second ladder,bottom of second ladder,True,bottom of second ladder
152,"sap flow ""another""","sap flow another""""""ap flow ""","sap flow another""""""ap flow """,False,"sap flow ""another"""
153,TDR WCR 9,TDR WCR 9,TDR WCR 9,True,TDR WCR 9
154,"TDR WCR 1, 2, 3","TDR WCR 1, 2, 3","TDR WCR 1, 2, 3",True,"TDR WCR 1, 2, 3"
155,weather station south side,weather station south side,weather station south side,True,weather station south side
156,TDR WCR0,TDR WCR0,TDR WCR0,True,TDR WCR0
157,TDR WCR1,TDR WCR1,TDR WCR1,True,TDR WCR1
158,"sap flow fary fir, juliet box","sap flow fary fir, juliet box","sap flow fary fir, juliet box",True,"sap flow fary fir, juliet box"
159,TDR WCR5,TDR WCR5,TDR WCR5,True,TDR WCR5
160,"sapflow left, box india","sapflow left, box india","sapflow left, box india",True,"sapflow left, box india"
161,"sapflow lumpy, box golf","sapflow lumpy, box golf","sapflow lumpy, box golf",True,"sapflow lumpy, box golf"
162,TDR WCR 8,TDR WCR 8,TDR WCR 8,True,TDR WCR 8
163,TDR WCR 7,TDR WCR 7,TDR WCR 7,True,TDR WCR 7
164,TDR WCR A/B/C,TDR WCR A/B/C,TDR WCR A/B/C,True,TDR WCR A/B/C
165,"Sapflow, hotel box, differential gps box with Todd and Kelly, vertical profile","Sapflow, hotel box, differential gps box with Todd and Kelly, vertical profile","Sapflow, hotel box, differential gps box with Todd and Kelly, vertical profile",True,"Sapflow, hotel box, differential gps box with Todd and Kelly, vertical profile"
166,TDR WCR 6,TDR WCR 6,TDR WCR 6,True,TDR WCR 6
167,trail,trail,trail,True,trail
168,trail,trail,trail,True,trail
169,trail bend,trail bend,trail bend,True,trail bend
170,trail bend,trail bend,trail bend,True,trail bend
171,trail junction,trail junction,trail junction,True,trail junction
172,trail to Lydia,trail to Lydia,trail to Lydia,True,trail to Lydia
173,Tree tag Ridge #84,Tree tag Ridge #84,Tree tag Ridge #84,True,Tree tag Ridge #84
174,hyprop sample S1,hyprop sample S1,hyprop sample S1,True,hyprop sample S1
175,hyprop samples S2,hyprop samples S2,hyprop samples S2,True,hyprop samples S2
176,hyprop sample S4,hyprop sample S4,hyprop sample S4,True,hyprop sample S4
177,core sample for bulk density,core sample for bulk density,core sample for bulk density,True,core sample for bulk density
178,hyprop sample S3,hyprop sample S3,hyprop sample S3,True,hyprop sample S3
