time,johnsons_stage_ft,hacienda_cfs
2019-02-24T00:00:00.000-08:00,12.42,7380.0
2019-02-24T00:15:00.000-08:00,12.43,7330.0
2019-02-24T00:30:00.000-08:00,12.41,7370.0
2019-02-24T00:45:00.000-08:00,12.42,7380.0
2019-02-24T01:00:00.000-08:00,12.41,7380.0
2019-02-24T01:15:00.000-08:00,12.41,7360.0
2019-02-24T01:30:00.000-08:00,12.41,7370.0
2019-02-24T01:45:00.000-08:00,12.38,7340.0
2019-02-24T02:00:00.000-08:00,12.39,7360.0
2019-02-24T02:15:00.000-08:00,12.39,7400.0
2019-02-24T02:30:00.000-08:00,12.39,7310.0
2019-02-24T02:45:00.000-08:00,12.39,7300.0
2019-02-24T03:00:00.000-08:00,12.38,7300.0
2019-02-24T03:15:00.000-08:00,12.38,7380.0
2019-02-24T03:30:00.000-08:00,12.37,7280.0
2019-02-24T03:45:00.000-08:00,12.37,7310.0
2019-02-24T04:00:00.000-08:00,12.37,7280.0
2019-02-24T04:15:00.000-08:00,12.37,7220.0
2019-02-24T04:30:00.000-08:00,12.36,7260.0
2019-02-24T04:45:00.000-08:00,12.35,7330.0
2019-02-24T05:00:00.000-08:00,12.33,7260.0
2019-02-24T05:15:00.000-08:00,12.34,7260.0
2019-02-24T05:30:00.000-08:00,12.34,7330.0
2019-02-24T05:45:00.000-08:00,12.34,7280.0
2019-02-24T06:00:00.000-08:00,12.33,7310.0
2019-02-24T06:15:00.000-08:00,12.33,7230.0
2019-02-24T06:30:00.000-08:00,12.33,7270.0
2019-02-24T06:45:00.000-08:00,12.31,7260.0
2019-02-24T07:00:00.000-08:00,12.32,7200.0
2019-02-24T07:15:00.000-08:00,12.32,7230.0
2019-02-24T07:30:00.000-08:00,12.31,7200.0
2019-02-24T07:45:00.000-08:00,12.30,7220.0
2019-02-24T08:00:00.000-08:00,12.32,7200.0
2019-02-24T08:15:00.000-08:00,12.29,7240.0
2019-02-24T08:30:00.000-08:00,12.30,7220.0
2019-02-24T08:45:00.000-08:00,12.30,7190.0
2019-02-24T09:00:00.000-08:00,12.29,7200.0
2019-02-24T09:15:00.000-08:00,12.29,7230.0
2019-02-24T09:30:00.000-08:00,12.29,7210.0
2019-02-24T09:45:00.000-08:00,12.29,7210.0
2019-02-24T10:00:00.000-08:00,12.29,7230.0
2019-02-24T10:15:00.000-08:00,12.27,7170.0
2019-02-24T10:30:00.000-08:00,12.28,7170.0
2019-02-24T10:45:00.000-08:00,12.28,7180.0
2019-02-24T11:00:00.000-08:00,12.26,7210.0
2019-02-24T11:15:00.000-08:00,12.27,7130.0
2019-02-24T11:30:00.000-08:00,12.27,7150.0
2019-02-24T11:45:00.000-08:00,12.27,7170.0
2019-02-24T12:00:00.000-08:00,12.26,7170.0
2019-02-24T12:15:00.000-08:00,12.25,7200.0
2019-02-24T12:30:00.000-08:00,12.26,7110.0
2019-02-24T12:45:00.000-08:00,12.25,7150.0
2019-02-24T13:00:00.000-08:00,12.24,7160.0
2019-02-24T13:15:00.000-08:00,12.24,7210.0
2019-02-24T13:30:00.000-08:00,12.23,7180.0
2019-02-24T13:45:00.000-08:00,12.23,7110.0
2019-02-24T14:00:00.000-08:00,12.23,7080.0
2019-02-24T14:15:00.000-08:00,12.23,7170.0
2019-02-24T14:30:00.000-08:00,12.22,7070.0
2019-02-24T14:45:00.000-08:00,12.23,7160.0
2019-02-24T15:00:00.000-08:00,12.21,7100.0
2019-02-24T15:15:00.000-08:00,12.21,7110.0
2019-02-24T15:30:00.000-08:00,12.21,7120.0
2019-02-24T15:45:00.000-08:00,12.22,7150.0
2019-02-24T16:00:00.000-08:00,12.20,7060.0
2019-02-24T16:15:00.000-08:00,12.19,7060.0
2019-02-24T16:30:00.000-08:00,12.18,7060.0
2019-02-24T16:45:00.000-08:00,12.18,7080.0
2019-02-24T17:00:00.000-08:00,12.17,7040.0
2019-02-24T17:15:00.000-08:00,12.18,7020.0
2019-02-24T17:30:00.000-08:00,12.16,7010.0
2019-02-24T17:45:00.000-08:00,12.15,6950.0
2019-02-24T18:00:00.000-08:00,12.15,7010.0
2019-02-24T18:15:00.000-08:00,12.14,6910.0
2019-02-24T18:30:00.000-08:00,12.12,6930.0
2019-02-24T18:45:00.000-08:00,12.11,6890.0
2019-02-24T19:00:00.000-08:00,12.08,6840.0
2019-02-24T19:15:00.000-08:00,12.07,6810.0
2019-02-24T19:30:00.000-08:00,12.06,6850.0
2019-02-24T19:45:00.000-08:00,12.04,6700.0
2019-02-24T20:00:00.000-08:00,12.00,6730.0
2019-02-24T20:15:00.000-08:00,12.00,6730.0
2019-02-24T20:30:00.000-08:00,11.97,6700.0
2019-02-24T20:45:00.000-08:00,11.94,6590.0
2019-02-24T21:00:00.000-08:00,11.91,6600.0
2019-02-24T21:15:00.000-08:00,11.91,6490.0
2019-02-24T21:30:00.000-08:00,11.86,6470.0
2019-02-24T21:45:00.000-08:00,11.83,6490.0
2019-02-24T22:00:00.000-08:00,11.80,6380.0
2019-02-24T22:15:00.000-08:00,11.78,6330.0
2019-02-24T22:30:00.000-08:00,11.74,6300.0
2019-02-24T22:45:00.000-08:00,11.69,6270.0
2019-02-24T23:00:00.000-08:00,11.66,6240.0
2019-02-24T23:15:00.000-08:00,11.62,6150.0
2019-02-24T23:30:00.000-08:00,11.59,6070.0
2019-02-24T23:45:00.000-08:00,11.55,6010.0
2019-02-25T00:00:00.000-08:00,11.51,6030.0
2019-02-25T00:15:00.000-08:00,11.48,5950.0
2019-02-25T00:30:00.000-08:00,11.41,5890.0
2019-02-25T00:45:00.000-08:00,11.38,5850.0
2019-02-25T01:00:00.000-08:00,11.34,5850.0
2019-02-25T01:15:00.000-08:00,11.31,5790.0
2019-02-25T01:30:00.000-08:00,11.27,5770.0
2019-02-25T01:45:00.000-08:00,11.21,5660.0
2019-02-25T02:00:00.000-08:00,11.19,5690.0
2019-02-25T02:15:00.000-08:00,11.15,5620.0
2019-02-25T02:30:00.000-08:00,11.10,5590.0
2019-02-25T02:45:00.000-08:00,11.08,5580.0
2019-02-25T03:00:00.000-08:00,11.04,5510.0
2019-02-25T03:15:00.000-08:00,10.99,5500.0
2019-02-25T03:30:00.000-08:00,10.96,5500.0
2019-02-25T03:45:00.000-08:00,10.93,5480.0
2019-02-25T04:00:00.000-08:00,10.91,5430.0
2019-02-25T04:15:00.000-08:00,10.88,5420.0
2019-02-25T04:30:00.000-08:00,10.85,5380.0
2019-02-25T04:45:00.000-08:00,10.81,5330.0
2019-02-25T05:00:00.000-08:00,10.79,5310.0
2019-02-25T05:15:00.000-08:00,10.76,5290.0
2019-02-25T05:30:00.000-08:00,10.73,5270.0
2019-02-25T05:45:00.000-08:00,10.70,5240.0
2019-02-25T06:00:00.000-08:00,10.70,5230.0
2019-02-25T06:15:00.000-08:00,10.66,5220.0
2019-02-25T06:30:00.000-08:00,10.65,5220.0
2019-02-25T06:45:00.000-08:00,10.63,5160.0
2019-02-25T07:00:00.000-08:00,10.60,5160.0
2019-02-25T07:15:00.000-08:00,10.59,5080.0
2019-02-25T07:30:00.000-08:00,10.57,5100.0
2019-02-25T07:45:00.000-08:00,10.55,5070.0
2019-02-25T08:00:00.000-08:00,10.54,5070.0
2019-02-25T08:15:00.000-08:00,10.52,5020.0
2019-02-25T08:30:00.000-08:00,10.49,4980.0
2019-02-25T08:45:00.000-08:00,10.46,5000.0
2019-02-25T09:00:00.000-08:00,10.43,4940.0
2019-02-25T09:15:00.000-08:00,10.41,4930.0
2019-02-25T09:30:00.000-08:00,10.39,4910.0
2019-02-25T09:45:00.000-08:00,10.39,4880.0
2019-02-25T10:00:00.000-08:00,10.36,4850.0
2019-02-25T10:15:00.000-08:00,10.34,4840.0
2019-02-25T10:30:00.000-08:00,10.32,4810.0
2019-02-25T10:45:00.000-08:00,10.32,4800.0
2019-02-25T11:00:00.000-08:00,10.27,4780.0
2019-02-25T11:15:00.000-08:00,10.27,4760.0
2019-02-25T11:30:00.000-08:00,10.25,4750.0
2019-02-25T11:45:00.000-08:00,10.24,4720.0
2019-02-25T12:00:00.000-08:00,10.22,4730.0
2019-02-25T12:15:00.000-08:00,10.18,4680.0
2019-02-25T12:30:00.000-08:00,10.18,4680.0
2019-02-25T12:45:00.000-08:00,10.16,4650.0
2019-02-25T13:00:00.000-08:00,10.17,4650.0
2019-02-25T13:15:00.000-08:00,10.15,4640.0
2019-02-25T13:30:00.000-08:00,10.14,4640.0
2019-02-25T13:45:00.000-08:00,10.13,4610.0
2019-02-25T14:00:00.000-08:00,10.10,4620.0
2019-02-25T14:15:00.000-08:00,10.10,4620.0
2019-02-25T14:30:00.000-08:00,10.11,4590.0
2019-02-25T14:45:00.000-08:00,10.09,4640.0
2019-02-25T15:00:00.000-08:00,10.11,4650.0
2019-02-25T15:15:00.000-08:00,10.11,4640.0
2019-02-25T15:30:00.000-08:00,10.12,4680.0
2019-02-25T15:45:00.000-08:00,10.14,4710.0
2019-02-25T16:00:00.000-08:00,10.18,4730.0
2019-02-25T16:15:00.000-08:00,10.19,4810.0
2019-02-25T16:30:00.000-08:00,10.23,4890.0
2019-02-25T16:45:00.000-08:00,10.26,4950.0
2019-02-25T17:00:00.000-08:00,10.31,5030.0
2019-02-25T17:15:00.000-08:00,10.39,5190.0
2019-02-25T17:30:00.000-08:00,10.47,5300.0
2019-02-25T17:45:00.000-08:00,10.56,5410.0
2019-02-25T18:00:00.000-08:00,10.65,5540.0
2019-02-25T18:15:00.000-08:00,10.75,5700.0
2019-02-25T18:30:00.000-08:00,10.86,5850.0
2019-02-25T18:45:00.000-08:00,11.01,6100.0
2019-02-25T19:00:00.000-08:00,11.14,6270.0
2019-02-25T19:15:00.000-08:00,11.31,6410.0
2019-02-25T19:30:00.000-08:00,11.48,6720.0
2019-02-25T19:45:00.000-08:00,11.68,6960.0
2019-02-25T20:00:00.000-08:00,11.87,7140.0
2019-02-25T20:15:00.000-08:00,12.08,7420.0
2019-02-25T20:30:00.000-08:00,12.29,7600.0
2019-02-25T20:45:00.000-08:00,12.53,7910.0
2019-02-25T21:00:00.000-08:00,12.77,8180.0
2019-02-25T21:15:00.000-08:00,13.03,8360.0
2019-02-25T21:30:00.000-08:00,13.28,8670.0
2019-02-25T21:45:00.000-08:00,13.55,8850.0
2019-02-25T22:00:00.000-08:00,13.81,9220.0
2019-02-25T22:15:00.000-08:00,14.08,9490.0
2019-02-25T22:30:00.000-08:00,14.34,9880.0
2019-02-25T22:45:00.000-08:00,14.60,10100.0
2019-02-25T23:00:00.000-08:00,14.89,10400.0
2019-02-25T23:15:00.000-08:00,15.19,10800.0
2019-02-25T23:30:00.000-08:00,15.47,11100.0
2019-02-25T23:45:00.000-08:00,15.76,11300.0
2019-02-26T00:00:00.000-08:00,16.08,11800.0
2019-02-26T00:15:00.000-08:00,16.36,12300.0
2019-02-26T00:30:00.000-08:00,16.69,12600.0
2019-02-26T00:45:00.000-08:00,16.99,13100.0
2019-02-26T01:00:00.000-08:00,17.30,13400.0
2019-02-26T01:15:00.000-08:00,17.64,13900.0
2019-02-26T01:30:00.000-08:00,17.96,14300.0
2019-02-26T01:45:00.000-08:00,18.29,14700.0
2019-02-26T02:00:00.000-08:00,18.57,15100.0
2019-02-26T02:15:00.000-08:00,18.91,15800.0
2019-02-26T02:30:00.000-08:00,19.24,16200.0
2019-02-26T02:45:00.000-08:00,19.56,16800.0
2019-02-26T03:00:00.000-08:00,19.88,17300.0
2019-02-26T03:15:00.000-08:00,20.21,17800.0
2019-02-26T03:30:00.000-08:00,20.51,18300.0
2019-02-26T03:45:00.000-08:00,20.84,19000.0
2019-02-26T04:00:00.000-08:00,21.17,19300.0
2019-02-26T04:15:00.000-08:00,21.60,19800.0
2019-02-26T04:30:00.000-08:00,21.91,20400.0
2019-02-26T04:45:00.000-08:00,22.23,21100.0
2019-02-26T05:00:00.000-08:00,22.54,21500.0
2019-02-26T05:15:00.000-08:00,22.87,22100.0
2019-02-26T05:30:00.000-08:00,23.15,22400.0
2019-02-26T05:45:00.000-08:00,23.44,22900.0
2019-02-26T06:00:00.000-08:00,23.73,23500.0
2019-02-26T06:15:00.000-08:00,24.02,23800.0
2019-02-26T06:30:00.000-08:00,24.29,24400.0
2019-02-26T06:45:00.000-08:00,24.54,24600.0
2019-02-26T07:00:00.000-08:00,24.78,25100.0
2019-02-26T07:15:00.000-08:00,25.02,25400.0
2019-02-26T07:30:00.000-08:00,25.25,25800.0
2019-02-26T07:45:00.000-08:00,25.46,26200.0
2019-02-26T08:00:00.000-08:00,25.69,26600.0
2019-02-26T08:15:00.000-08:00,25.91,27100.0
2019-02-26T08:30:00.000-08:00,26.11,27400.0
2019-02-26T08:45:00.000-08:00,26.30,27800.0
2019-02-26T09:00:00.000-08:00,26.50,27900.0
2019-02-26T09:15:00.000-08:00,26.69,28400.0
2019-02-26T09:30:00.000-08:00,26.88,28700.0
2019-02-26T09:45:00.000-08:00,27.07,29100.0
2019-02-26T10:00:00.000-08:00,27.29,29600.0
2019-02-26T10:15:00.000-08:00,27.51,30000.0
2019-02-26T10:30:00.000-08:00,27.68,30300.0
2019-02-26T10:45:00.000-08:00,27.90,30700.0
2019-02-26T11:00:00.000-08:00,28.12,31100.0
2019-02-26T11:15:00.000-08:00,28.32,31600.0
2019-02-26T11:30:00.000-08:00,28.50,32100.0
2019-02-26T11:45:00.000-08:00,28.72,32500.0
2019-02-26T12:00:00.000-08:00,28.96,32900.0
2019-02-26T12:15:00.000-08:00,29.19,33300.0
2019-02-26T12:30:00.000-08:00,29.35,33700.0
2019-02-26T12:45:00.000-08:00,29.57,34200.0
2019-02-26T13:00:00.000-08:00,29.76,34400.0
2019-02-26T13:15:00.000-08:00,30.00,34900.0
2019-02-26T13:30:00.000-08:00,30.16,35400.0
2019-02-26T13:45:00.000-08:00,30.33,35900.0
2019-02-26T14:00:00.000-08:00,30.53,36200.0
2019-02-26T14:15:00.000-08:00,30.74,36600.0
2019-02-26T14:30:00.000-08:00,30.89,37100.0
2019-02-26T14:45:00.000-08:00,31.09,37500.0
2019-02-26T15:00:00.000-08:00,31.28,38000.0
2019-02-26T15:15:00.000-08:00,31.47,38400.0
2019-02-26T15:30:00.000-08:00,31.65,38700.0
2019-02-26T15:45:00.000-08:00,31.87,39300.0
2019-02-26T16:00:00.000-08:00,32.04,39700.0
2019-02-26T16:15:00.000-08:00,32.25,40200.0
2019-02-26T16:30:00.000-08:00,32.44,40600.0
2019-02-26T16:45:00.000-08:00,32.58,41000.0
2019-02-26T17:00:00.000-08:00,32.77,41300.0
2019-02-26T17:15:00.000-08:00,32.95,41800.0
2019-02-26T17:30:00.000-08:00,33.16,42400.0
2019-02-26T17:45:00.000-08:00,33.36,42700.0
2019-02-26T18:00:00.000-08:00,33.52,43200.0
2019-02-26T18:15:00.000-08:00,33.75,43600.0
2019-02-26T18:30:00.000-08:00,33.95,44000.0
2019-02-26T18:45:00.000-08:00,34.13,44600.0
2019-02-26T19:00:00.000-08:00,34.32,45000.0
2019-02-26T19:15:00.000-08:00,34.49,45400.0
2019-02-26T19:30:00.000-08:00,34.67,45700.0
2019-02-26T19:45:00.000-08:00,34.86,46300.0
2019-02-26T20:00:00.000-08:00,35.10,46700.0
2019-02-26T20:15:00.000-08:00,35.27,47300.0
2019-02-26T20:30:00.000-08:00,35.47,47700.0
2019-02-26T20:45:00.000-08:00,35.65,48300.0
2019-02-26T21:00:00.000-08:00,35.88,48700.0
2019-02-26T21:15:00.000-08:00,36.03,49300.0
2019-02-26T21:30:00.000-08:00,36.31,49600.0
2019-02-26T21:45:00.000-08:00,36.43,49800.0
2019-02-26T22:00:00.000-08:00,36.72,50400.0
2019-02-26T22:15:00.000-08:00,36.84,50900.0
2019-02-26T22:30:00.000-08:00,37.05,51200.0
2019-02-26T22:45:00.000-08:00,37.23,51700.0
2019-02-26T23:00:00.000-08:00,37.37,51900.0
2019-02-26T23:15:00.000-08:00,37.65,52300.0
2019-02-26T23:30:00.000-08:00,37.77,52300.0
2019-02-26T23:45:00.000-08:00,37.96,52800.0
2019-02-27T00:00:00.000-08:00,38.17,53200.0
2019-02-27T00:15:00.000-08:00,38.22,53100.0
2019-02-27T00:30:00.000-08:00,38.31,53500.0
2019-02-27T00:45:00.000-08:00,38.47,53600.0
2019-02-27T01:00:00.000-08:00,38.59,53800.0
2019-02-27T01:15:00.000-08:00,38.74,54600.0
2019-02-27T01:30:00.000-08:00,38.79,55200.0
2019-02-27T01:45:00.000-08:00,39.02,55800.0
2019-02-27T02:00:00.000-08:00,39.16,56100.0
2019-02-27T02:15:00.000-08:00,39.29,56600.0
2019-02-27T02:30:00.000-08:00,39.50,57100.0
2019-02-27T02:45:00.000-08:00,39.49,58000.0
2019-02-27T03:00:00.000-08:00,39.79,58700.0
2019-02-27T03:15:00.000-08:00,39.92,59300.0
2019-02-27T03:30:00.000-08:00,39.97,59600.0
2019-02-27T03:45:00.000-08:00,40.24,60100.0
2019-02-27T04:00:00.000-08:00,40.40,60900.0
2019-02-27T04:15:00.000-08:00,40.57,61300.0
2019-02-27T04:30:00.000-08:00,40.71,61400.0
2019-02-27T04:45:00.000-08:00,40.98,62200.0
2019-02-27T05:00:00.000-08:00,41.00,62500.0
2019-02-27T05:15:00.000-08:00,41.09,62700.0
2019-02-27T05:30:00.000-08:00,41.23,63200.0
2019-02-27T05:45:00.000-08:00,41.48,63500.0
2019-02-27T06:00:00.000-08:00,41.44,63500.0
2019-02-27T06:15:00.000-08:00,41.73,64300.0
2019-02-27T06:30:00.000-08:00,41.94,65200.0
2019-02-27T06:45:00.000-08:00,41.88,64800.0
2019-02-27T07:00:00.000-08:00,42.01,65500.0
2019-02-27T07:15:00.000-08:00,42.05,65500.0
2019-02-27T07:30:00.000-08:00,42.33,66000.0
2019-02-27T07:45:00.000-08:00,42.43,66200.0
2019-02-27T08:00:00.000-08:00,42.52,66100.0
2019-02-27T08:15:00.000-08:00,42.65,67000.0
2019-02-27T08:30:00.000-08:00,42.77,67100.0
2019-02-27T08:45:00.000-08:00,42.71,67200.0
2019-02-27T09:00:00.000-08:00,42.90,67600.0
2019-02-27T09:15:00.000-08:00,42.99,67600.0
2019-02-27T09:30:00.000-08:00,43.05,67800.0
2019-02-27T09:45:00.000-08:00,43.18,68400.0
2019-02-27T10:00:00.000-08:00,43.25,68000.0
2019-02-27T10:15:00.000-08:00,43.54,68600.0
2019-02-27T10:30:00.000-08:00,43.57,69400.0
2019-02-27T10:45:00.000-08:00,43.69,69300.0
2019-02-27T11:00:00.000-08:00,43.64,68500.0
2019-02-27T11:15:00.000-08:00,43.68,68800.0
2019-02-27T11:30:00.000-08:00,43.75,68500.0
2019-02-27T11:45:00.000-08:00,43.96,70100.0
2019-02-27T12:00:00.000-08:00,43.97,69600.0
2019-02-27T12:15:00.000-08:00,44.02,69600.0
2019-02-27T12:30:00.000-08:00,44.20,69400.0
2019-02-27T12:45:00.000-08:00,44.16,69600.0
2019-02-27T13:00:00.000-08:00,44.29,71400.0
2019-02-27T13:15:00.000-08:00,44.40,69900.0
2019-02-27T13:30:00.000-08:00,44.45,70500.0
2019-02-27T13:45:00.000-08:00,44.49,70500.0
2019-02-27T14:00:00.000-08:00,44.48,69700.0
2019-02-27T14:15:00.000-08:00,44.63,70400.0
2019-02-27T14:30:00.000-08:00,44.67,70300.0
2019-02-27T14:45:00.000-08:00,44.64,70900.0
2019-02-27T15:00:00.000-08:00,44.54,70900.0
2019-02-27T15:15:00.000-08:00,44.76,71000.0
2019-02-27T15:30:00.000-08:00,44.73,70600.0
2019-02-27T15:45:00.000-08:00,44.80,71100.0
2019-02-27T16:00:00.000-08:00,44.83,70900.0
2019-02-27T16:15:00.000-08:00,44.78,70900.0
2019-02-27T16:30:00.000-08:00,44.90,71200.0
2019-02-27T16:45:00.000-08:00,45.03,70600.0
2019-02-27T17:00:00.000-08:00,45.00,71500.0
2019-02-27T17:15:00.000-08:00,45.09,71000.0
2019-02-27T17:30:00.000-08:00,45.18,71200.0
2019-02-27T17:45:00.000-08:00,45.21,71300.0
2019-02-27T18:00:00.000-08:00,45.15,71000.0
2019-02-27T18:15:00.000-08:00,45.27,71300.0
2019-02-27T18:30:00.000-08:00,45.19,71100.0
2019-02-27T18:45:00.000-08:00,45.07,71500.0
2019-02-27T19:00:00.000-08:00,45.27,71500.0
2019-02-27T19:15:00.000-08:00,45.13,72000.0
2019-02-27T19:30:00.000-08:00,45.25,71000.0
2019-02-27T19:45:00.000-08:00,45.21,71100.0
2019-02-27T20:00:00.000-08:00,45.22,70500.0
2019-02-27T20:15:00.000-08:00,45.19,71200.0
2019-02-27T20:30:00.000-08:00,45.21,71300.0
2019-02-27T20:45:00.000-08:00,45.17,71700.0
2019-02-27T21:00:00.000-08:00,45.38,71200.0
2019-02-27T21:15:00.000-08:00,45.31,70900.0
2019-02-27T21:30:00.000-08:00,45.34,71300.0
2019-02-27T21:45:00.000-08:00,45.31,70900.0
2019-02-27T22:00:00.000-08:00,45.31,71100.0
2019-02-27T22:15:00.000-08:00,45.19,71700.0
2019-02-27T22:30:00.000-08:00,45.38,71100.0
2019-02-27T22:45:00.000-08:00,45.38,70900.0
2019-02-27T23:00:00.000-08:00,45.32,70400.0
2019-02-27T23:15:00.000-08:00,45.27,70600.0
2019-02-27T23:30:00.000-08:00,45.18,70900.0
2019-02-27T23:45:00.000-08:00,45.28,70400.0
2019-02-28T00:00:00.000-08:00,45.11,70300.0
2019-02-28T00:15:00.000-08:00,45.21,70000.0
2019-02-28T00:30:00.000-08:00,45.20,70800.0
2019-02-28T00:45:00.000-08:00,45.18,70000.0
2019-02-28T01:00:00.000-08:00,45.11,70400.0
2019-02-28T01:15:00.000-08:00,45.14,70100.0
2019-02-28T01:30:00.000-08:00,45.14,70200.0
2019-02-28T01:45:00.000-08:00,45.02,70000.0
2019-02-28T02:00:00.000-08:00,45.11,69800.0
2019-02-28T02:15:00.000-08:00,45.00,69600.0
2019-02-28T02:30:00.000-08:00,44.99,70100.0
2019-02-28T02:45:00.000-08:00,44.87,69200.0
2019-02-28T03:00:00.000-08:00,44.95,69500.0
2019-02-28T03:15:00.000-08:00,44.95,69300.0
2019-02-28T03:30:00.000-08:00,44.83,70300.0
2019-02-28T03:45:00.000-08:00,44.74,68700.0
2019-02-28T04:00:00.000-08:00,44.80,68900.0
2019-02-28T04:15:00.000-08:00,44.77,68400.0
2019-02-28T04:30:00.000-08:00,44.71,68600.0
2019-02-28T04:45:00.000-08:00,44.69,68500.0
2019-02-28T05:00:00.000-08:00,44.61,68500.0
2019-02-28T05:15:00.000-08:00,44.55,68500.0
2019-02-28T05:30:00.000-08:00,44.43,68200.0
2019-02-28T05:45:00.000-08:00,44.45,68700.0
2019-02-28T06:00:00.000-08:00,44.47,67900.0
2019-02-28T06:15:00.000-08:00,44.37,67300.0
2019-02-28T06:30:00.000-08:00,44.31,67100.0
2019-02-28T06:45:00.000-08:00,44.27,67000.0
2019-02-28T07:00:00.000-08:00,44.18,67700.0
2019-02-28T07:15:00.000-08:00,44.15,66400.0
2019-02-28T07:30:00.000-08:00,44.11,67000.0
2019-02-28T07:45:00.000-08:00,44.06,66400.0
2019-02-28T08:00:00.000-08:00,43.93,66500.0
2019-02-28T08:15:00.000-08:00,43.90,66100.0
2019-02-28T08:30:00.000-08:00,43.88,66000.0
2019-02-28T08:45:00.000-08:00,43.88,66400.0
2019-02-28T09:00:00.000-08:00,43.78,65500.0
2019-02-28T09:15:00.000-08:00,43.62,65600.0
2019-02-28T09:30:00.000-08:00,43.59,65300.0
2019-02-28T09:45:00.000-08:00,43.49,64700.0
2019-02-28T10:00:00.000-08:00,43.50,64500.0
2019-02-28T10:15:00.000-08:00,43.42,64700.0
2019-02-28T10:30:00.000-08:00,43.26,64600.0
2019-02-28T10:45:00.000-08:00,43.25,64500.0
2019-02-28T11:00:00.000-08:00,43.26,64100.0
2019-02-28T11:15:00.000-08:00,43.13,63400.0
2019-02-28T11:30:00.000-08:00,43.08,63600.0
2019-02-28T11:45:00.000-08:00,42.94,63300.0
2019-02-28T12:00:00.000-08:00,42.93,63300.0
2019-02-28T12:15:00.000-08:00,42.86,63100.0
2019-02-28T12:30:00.000-08:00,42.81,62200.0
2019-02-28T12:45:00.000-08:00,42.64,62000.0
2019-02-28T13:00:00.000-08:00,42.65,62500.0
2019-02-28T13:15:00.000-08:00,42.50,62100.0
2019-02-28T13:30:00.000-08:00,42.39,61500.0
2019-02-28T13:45:00.000-08:00,42.30,61600.0
2019-02-28T14:00:00.000-08:00,42.22,61300.0
2019-02-28T14:15:00.000-08:00,42.14,60700.0
2019-02-28T14:30:00.000-08:00,42.06,60600.0
2019-02-28T14:45:00.000-08:00,41.90,60300.0
2019-02-28T15:00:00.000-08:00,41.91,60100.0
2019-02-28T15:15:00.000-08:00,41.83,59600.0
2019-02-28T15:30:00.000-08:00,41.66,59700.0
2019-02-28T15:45:00.000-08:00,41.56,58700.0
2019-02-28T16:00:00.000-08:00,41.47,58900.0
2019-02-28T16:15:00.000-08:00,41.39,58500.0
2019-02-28T16:30:00.000-08:00,41.29,58100.0
2019-02-28T16:45:00.000-08:00,41.20,58000.0
2019-02-28T17:00:00.000-08:00,41.06,58000.0
2019-02-28T17:15:00.000-08:00,40.95,57700.0
2019-02-28T17:30:00.000-08:00,40.86,57200.0
2019-02-28T17:45:00.000-08:00,40.73,57100.0
2019-02-28T18:00:00.000-08:00,40.67,56500.0
2019-02-28T18:15:00.000-08:00,40.56,56100.0
2019-02-28T18:30:00.000-08:00,40.43,55600.0
2019-02-28T18:45:00.000-08:00,40.32,55800.0
2019-02-28T19:00:00.000-08:00,40.19,55000.0
2019-02-28T19:15:00.000-08:00,40.01,54700.0
2019-02-28T19:30:00.000-08:00,39.93,54700.0
2019-02-28T19:45:00.000-08:00,39.84,53700.0
2019-02-28T20:00:00.000-08:00,39.75,54100.0
2019-02-28T20:15:00.000-08:00,39.54,53700.0
2019-02-28T20:30:00.000-08:00,39.46,53200.0
2019-02-28T20:45:00.000-08:00,39.34,52800.0
2019-02-28T21:00:00.000-08:00,39.24,52800.0
2019-02-28T21:15:00.000-08:00,39.11,52400.0
2019-02-28T21:30:00.000-08:00,38.98,52000.0
2019-02-28T21:45:00.000-08:00,38.86,51700.0
2019-02-28T22:00:00.000-08:00,38.76,51400.0
2019-02-28T22:15:00.000-08:00,38.62,51000.0
2019-02-28T22:30:00.000-08:00,38.43,50700.0
2019-02-28T22:45:00.000-08:00,38.35,50600.0
2019-02-28T23:00:00.000-08:00,38.21,50100.0
2019-02-28T23:15:00.000-08:00,38.07,49900.0
2019-02-28T23:30:00.000-08:00,37.96,49500.0
2019-02-28T23:45:00.000-08:00,37.80,49300.0
2019-03-01T00:00:00.000-08:00,37.68,49000.0
2019-03-01T00:15:00.000-08:00,37.57,48900.0
2019-03-01T00:30:00.000-08:00,37.43,48300.0
2019-03-01T00:45:00.000-08:00,37.28,48300.0
2019-03-01T01:00:00.000-08:00,37.18,47800.0
2019-03-01T01:15:00.000-08:00,36.97,47400.0
2019-03-01T01:30:00.000-08:00,36.92,47200.0
2019-03-01T01:45:00.000-08:00,36.80,46900.0
2019-03-01T02:00:00.000-08:00,36.66,46400.0
2019-03-01T02:15:00.000-08:00,36.50,46100.0
2019-03-01T02:30:00.000-08:00,36.42,46100.0
2019-03-01T02:45:00.000-08:00,36.27,45700.0
2019-03-01T03:00:00.000-08:00,36.13,45400.0
2019-03-01T03:15:00.000-08:00,36.01,45000.0
2019-03-01T03:30:00.000-08:00,35.87,44900.0
2019-03-01T03:45:00.000-08:00,35.74,44700.0
2019-03-01T04:00:00.000-08:00,35.64,44300.0
2019-03-01T04:15:00.000-08:00,35.50,44200.0
2019-03-01T04:30:00.000-08:00,35.41,43600.0
2019-03-01T04:45:00.000-08:00,35.26,43500.0
2019-03-01T05:00:00.000-08:00,35.12,43100.0
2019-03-01T05:15:00.000-08:00,34.98,42800.0
2019-03-01T05:30:00.000-08:00,34.87,42600.0
2019-03-01T05:45:00.000-08:00,34.71,42200.0
2019-03-01T06:00:00.000-08:00,34.60,42000.0
2019-03-01T06:15:00.000-08:00,34.44,41600.0
2019-03-01T06:30:00.000-08:00,34.36,41400.0
2019-03-01T06:45:00.000-08:00,34.26,41100.0
2019-03-01T07:00:00.000-08:00,34.08,40800.0
2019-03-01T07:15:00.000-08:00,33.99,40600.0
2019-03-01T07:30:00.000-08:00,33.83,40100.0
2019-03-01T07:45:00.000-08:00,33.71,39800.0
2019-03-01T08:00:00.000-08:00,33.57,39800.0
2019-03-01T08:15:00.000-08:00,33.45,39300.0
2019-03-01T08:30:00.000-08:00,33.35,39000.0
2019-03-01T08:45:00.000-08:00,33.19,38800.0
2019-03-01T09:00:00.000-08:00,33.07,38600.0
2019-03-01T09:15:00.000-08:00,32.93,38400.0
2019-03-01T09:30:00.000-08:00,32.81,38100.0
2019-03-01T09:45:00.000-08:00,32.68,37800.0
2019-03-01T10:00:00.000-08:00,32.53,37500.0
2019-03-01T10:15:00.000-08:00,32.38,37100.0
2019-03-01T10:30:00.000-08:00,32.25,36900.0
2019-03-01T10:45:00.000-08:00,32.15,36600.0
2019-03-01T11:00:00.000-08:00,32.00,36400.0
2019-03-01T11:15:00.000-08:00,31.87,36100.0
2019-03-01T11:30:00.000-08:00,31.73,35800.0
2019-03-01T11:45:00.000-08:00,31.60,35500.0
2019-03-01T12:00:00.000-08:00,31.47,35100.0
2019-03-01T12:15:00.000-08:00,31.33,35000.0
2019-03-01T12:30:00.000-08:00,31.18,34800.0
2019-03-01T12:45:00.000-08:00,31.10,34500.0
2019-03-01T13:00:00.000-08:00,30.94,34000.0
2019-03-01T13:15:00.000-08:00,30.82,33900.0
2019-03-01T13:30:00.000-08:00,30.69,33800.0
2019-03-01T13:45:00.000-08:00,30.57,33300.0
2019-03-01T14:00:00.000-08:00,30.43,33100.0
2019-03-01T14:15:00.000-08:00,30.31,33000.0
2019-03-01T14:30:00.000-08:00,30.20,32600.0
2019-03-01T14:45:00.000-08:00,30.06,32400.0
2019-03-01T15:00:00.000-08:00,29.93,32200.0
2019-03-01T15:15:00.000-08:00,29.77,31900.0
2019-03-01T15:30:00.000-08:00,29.66,31600.0
2019-03-01T15:45:00.000-08:00,29.51,31500.0
2019-03-01T16:00:00.000-08:00,29.37,31200.0
2019-03-01T16:15:00.000-08:00,29.23,31000.0
2019-03-01T16:30:00.000-08:00,29.13,30700.0
2019-03-01T16:45:00.000-08:00,28.99,30500.0
2019-03-01T17:00:00.000-08:00,28.86,30300.0
2019-03-01T17:15:00.000-08:00,28.73,30000.0
2019-03-01T17:30:00.000-08:00,28.62,29800.0
2019-03-01T17:45:00.000-08:00,28.50,29500.0
2019-03-01T18:00:00.000-08:00,28.36,29300.0
2019-03-01T18:15:00.000-08:00,28.25,29000.0
2019-03-01T18:30:00.000-08:00,28.12,28800.0
2019-03-01T18:45:00.000-08:00,27.99,28600.0
2019-03-01T19:00:00.000-08:00,27.86,28500.0
2019-03-01T19:15:00.000-08:00,27.76,28300.0
2019-03-01T19:30:00.000-08:00,27.62,28000.0
2019-03-01T19:45:00.000-08:00,27.52,27800.0
2019-03-01T20:00:00.000-08:00,27.38,27600.0
2019-03-01T20:15:00.000-08:00,27.25,27400.0
2019-03-01T20:30:00.000-08:00,27.15,27200.0
2019-03-01T20:45:00.000-08:00,27.02,26900.0
2019-03-01T21:00:00.000-08:00,26.91,26800.0
2019-03-01T21:15:00.000-08:00,26.78,26600.0
2019-03-01T21:30:00.000-08:00,26.66,26400.0
2019-03-01T21:45:00.000-08:00,26.54,26200.0
2019-03-01T22:00:00.000-08:00,26.45,26000.0
2019-03-01T22:15:00.000-08:00,26.32,25800.0
2019-03-01T22:30:00.000-08:00,26.20,25600.0
2019-03-01T22:45:00.000-08:00,26.10,25500.0
2019-03-01T23:00:00.000-08:00,26.00,25200.0
2019-03-01T23:15:00.000-08:00,25.88,25000.0
2019-03-01T23:30:00.000-08:00,25.78,24900.0
2019-03-01T23:45:00.000-08:00,25.66,24700.0
2019-03-02T00:00:00.000-08:00,25.54,24500.0
2019-03-02T00:15:00.000-08:00,25.45,24300.0
2019-03-02T00:30:00.000-08:00,25.32,24200.0
2019-03-02T00:45:00.000-08:00,25.23,23900.0
2019-03-02T01:00:00.000-08:00,25.15,23800.0
2019-03-02T01:15:00.000-08:00,25.03,23700.0
2019-03-02T01:30:00.000-08:00,24.90,23500.0
2019-03-02T01:45:00.000-08:00,24.82,23400.0
2019-03-02T02:00:00.000-08:00,24.74,23300.0
2019-03-02T02:15:00.000-08:00,24.63,23100.0
2019-03-02T02:30:00.000-08:00,24.55,23000.0
2019-03-02T02:45:00.000-08:00,24.45,23000.0
2019-03-02T03:00:00.000-08:00,24.35,22800.0
2019-03-02T03:15:00.000-08:00,24.28,22700.0
2019-03-02T03:30:00.000-08:00,24.19,22500.0
2019-03-02T03:45:00.000-08:00,24.11,22400.0
2019-03-02T04:00:00.000-08:00,24.05,22300.0
2019-03-02T04:15:00.000-08:00,23.96,22200.0
2019-03-02T04:30:00.000-08:00,23.89,22100.0
2019-03-02T04:45:00.000-08:00,23.81,22100.0
2019-03-02T05:00:00.000-08:00,23.75,21900.0
2019-03-02T05:15:00.000-08:00,23.65,21900.0
2019-03-02T05:30:00.000-08:00,23.62,21800.0
2019-03-02T05:45:00.000-08:00,23.55,21700.0
2019-03-02T06:00:00.000-08:00,23.49,21700.0
2019-03-02T06:15:00.000-08:00,23.44,21600.0
2019-03-02T06:30:00.000-08:00,23.39,21500.0
2019-03-02T06:45:00.000-08:00,23.33,21500.0
2019-03-02T07:00:00.000-08:00,23.28,21500.0
2019-03-02T07:15:00.000-08:00,23.23,21300.0
2019-03-02T07:30:00.000-08:00,23.18,21300.0
2019-03-02T07:45:00.000-08:00,23.13,21300.0
2019-03-02T08:00:00.000-08:00,23.09,21100.0
2019-03-02T08:15:00.000-08:00,23.06,21200.0
2019-03-02T08:30:00.000-08:00,23.01,21100.0
2019-03-02T08:45:00.000-08:00,22.97,21100.0
2019-03-02T09:00:00.000-08:00,22.91,21000.0
2019-03-02T09:15:00.000-08:00,22.90,21000.0
2019-03-02T09:30:00.000-08:00,22.86,21000.0
2019-03-02T09:45:00.000-08:00,22.82,20900.0
2019-03-02T10:00:00.000-08:00,22.78,20900.0
2019-03-02T10:15:00.000-08:00,22.75,20800.0
2019-03-02T10:30:00.000-08:00,22.72,20800.0
2019-03-02T10:45:00.000-08:00,22.70,20800.0
2019-03-02T11:00:00.000-08:00,22.68,20800.0
2019-03-02T11:15:00.000-08:00,22.65,20700.0
2019-03-02T11:30:00.000-08:00,22.61,20700.0
2019-03-02T11:45:00.000-08:00,22.58,20700.0
2019-03-02T12:00:00.000-08:00,22.55,20700.0
2019-03-02T12:15:00.000-08:00,22.54,20700.0
2019-03-02T12:30:00.000-08:00,22.50,20600.0
2019-03-02T12:45:00.000-08:00,22.49,20600.0
2019-03-02T13:00:00.000-08:00,22.46,20500.0
2019-03-02T13:15:00.000-08:00,22.44,20500.0
2019-03-02T13:30:00.000-08:00,22.43,20500.0
2019-03-02T13:45:00.000-08:00,22.40,20500.0
2019-03-02T14:00:00.000-08:00,22.39,20500.0
2019-03-02T14:15:00.000-08:00,22.37,20500.0
2019-03-02T14:30:00.000-08:00,22.35,20400.0
2019-03-02T14:45:00.000-08:00,22.33,20500.0
2019-03-02T15:00:00.000-08:00,22.31,20500.0
2019-03-02T15:15:00.000-08:00,22.32,20500.0
2019-03-02T15:30:00.000-08:00,22.29,20400.0
2019-03-02T15:45:00.000-08:00,22.29,20400.0
2019-03-02T16:00:00.000-08:00,22.26,20400.0
2019-03-02T16:15:00.000-08:00,22.27,20300.0
2019-03-02T16:30:00.000-08:00,22.27,20400.0
2019-03-02T16:45:00.000-08:00,22.24,20400.0
2019-03-02T17:00:00.000-08:00,22.24,20400.0
2019-03-02T17:15:00.000-08:00,22.23,20300.0
2019-03-02T17:30:00.000-08:00,22.22,20300.0
2019-03-02T17:45:00.000-08:00,22.20,20300.0
2019-03-02T18:00:00.000-08:00,22.19,20200.0
2019-03-02T18:15:00.000-08:00,22.18,20300.0
2019-03-02T18:30:00.000-08:00,22.17,20300.0
2019-03-02T18:45:00.000-08:00,22.16,20300.0
2019-03-02T19:00:00.000-08:00,22.15,20300.0
2019-03-02T19:15:00.000-08:00,22.14,20200.0
2019-03-02T19:30:00.000-08:00,22.15,20200.0
2019-03-02T19:45:00.000-08:00,22.11,20200.0
2019-03-02T20:00:00.000-08:00,22.11,20200.0
2019-03-02T20:15:00.000-08:00,22.11,20100.0
2019-03-02T20:30:00.000-08:00,22.08,20100.0
2019-03-02T20:45:00.000-08:00,22.08,20000.0
2019-03-02T21:00:00.000-08:00,22.05,20100.0
2019-03-02T21:15:00.000-08:00,22.04,20000.0
2019-03-02T21:30:00.000-08:00,22.04,20000.0
2019-03-02T21:45:00.000-08:00,22.01,20000.0
2019-03-02T22:00:00.000-08:00,21.98,19900.0
2019-03-02T22:15:00.000-08:00,22.00,20000.0
2019-03-02T22:30:00.000-08:00,21.97,20000.0
2019-03-02T22:45:00.000-08:00,21.97,19900.0
2019-03-02T23:00:00.000-08:00,21.95,19800.0
2019-03-02T23:15:00.000-08:00,21.93,19900.0
2019-03-02T23:30:00.000-08:00,21.92,19900.0
2019-03-02T23:45:00.000-08:00,21.92,19900.0
