,beliefself1_100,beliefself2_100,beliefself3_100,beliefself4_100,beliefself5_100,beliefself6_100,beliefself7_100,beliefself8_100,beliefself9_100,beliefothers1_100,beliefothers2_100,beliefothers3_100,beliefothers4_100,beliefothers5_100,beliefothers6_100,beliefothers7_100,beliefothers8_100,beliefothers9_100,emocomp1_100,emocomp2_100,emocomp3_100,emocomp4_100,emocomp5_100,emocomp6_100,emocomp7_100,emocomp8_100,emocomp9_100,engaged1_100,engaged2_100,engaged3_100,engaged4_100,engaged5_100,engaged6_100,engaged7_100,engaged8_100,engaged9_100,psydis1_100,psydis2_100,psydis3_100,psydis4_100,psydis5_100,psydis6_100,psydis7_100,psydis8_100,psydis9_100,psydis10_100,suicidal,homobully,transbully,ethnic,grade,a3,sch_id,formnum
327,,,,,,,,,,0.0,0.0,0.0,,,,0.0,0.0,0.0,,,,,,,,,,,,,,,,0.0,0.0,0.0,100.0,100.0,100.0,100.0,100.0,100.0,100.0,100.0,100.0,,,1.0,1.0,Asian,11th,,69.0,64370912
337,66.666664,66.666664,66.666664,100.0,100.0,100.0,66.666664,66.666664,66.666664,100.0,100.0,100.0,100.0,100.0,100.0,66.666664,33.333332,66.666664,66.666664,66.666664,66.666664,33.333332,100.0,100.0,100.0,100.0,100.0,100.0,100.0,100.0,100.0,100.0,100.0,100.0,33.333332,100.0,0.0,0.0,0.0,33.333332,0.0,0.0,0.0,0.0,33.333332,0.0,0.0,0.0,0.0,Asian,9th,,69.0,64424882
340,66.666664,66.666664,66.666664,66.666664,66.666664,66.666664,66.666664,66.666664,66.666664,66.666664,66.666664,66.666664,100.0,100.0,100.0,100.0,100.0,100.0,66.666664,66.666664,66.666664,66.666664,66.666664,66.666664,66.666664,66.666664,66.666664,66.666664,66.666664,66.666664,33.333332,33.333332,33.333332,33.333332,33.333332,33.333332,0.0,0.0,0.0,0.0,0.0,0.0,0.0,0.0,0.0,0.0,,0.0,0.0,Hispanic,7th,Male,70.0,63773632
374,,,,,,,,,,66.666664,33.333332,66.666664,,,,,,,,,,,,,,,,,,,,,,,,,,,,,,,,,,,0.0,0.0,0.0,Native American,10th,Male,76.0,67853953
375,0.0,33.333332,0.0,0.0,0.0,0.0,0.0,0.0,0.0,0.0,0.0,33.333332,0.0,0.0,0.0,100.0,66.666664,100.0,100.0,66.666664,66.666664,100.0,100.0,100.0,66.666664,33.333332,33.333332,0.0,0.0,0.0,0.0,33.333332,66.666664,66.666664,33.333332,33.333332,66.666664,33.333332,100.0,100.0,100.0,66.666664,100.0,100.0,100.0,66.666664,1.0,2.0,2.0,Mixed,10th,Male,76.0,67898004
378,33.333332,0.0,0.0,0.0,0.0,0.0,0.0,0.0,0.0,33.333332,33.333332,33.333332,0.0,0.0,0.0,33.333332,33.333332,33.333332,66.666664,66.666664,66.666664,100.0,100.0,33.333332,33.333332,100.0,33.333332,33.333332,33.333332,0.0,66.666664,33.333332,66.666664,0.0,0.0,0.0,100.0,100.0,100.0,66.666664,100.0,100.0,66.666664,66.666664,100.0,100.0,1.0,0.0,0.0,White,9th,Female,76.0,67897783
379,100.0,100.0,100.0,100.0,100.0,100.0,100.0,100.0,100.0,100.0,100.0,100.0,100.0,100.0,100.0,100.0,100.0,,100.0,100.0,100.0,100.0,100.0,100.0,100.0,100.0,100.0,100.0,100.0,100.0,100.0,100.0,100.0,,100.0,100.0,0.0,0.0,0.0,0.0,0.0,0.0,0.0,0.0,0.0,0.0,0.0,0.0,0.0,Asian,,Male,76.0,67906625
380,66.666664,66.666664,66.666664,0.0,0.0,100.0,33.333332,0.0,0.0,66.666664,66.666664,0.0,0.0,0.0,0.0,33.333332,0.0,0.0,100.0,66.666664,66.666664,0.0,66.666664,100.0,33.333332,33.333332,33.333332,0.0,0.0,100.0,0.0,0.0,0.0,100.0,100.0,0.0,66.666664,100.0,100.0,100.0,100.0,100.0,100.0,33.333332,66.666664,66.666664,1.0,0.0,0.0,White,10th,Male,76.0,67914291
418,66.666664,33.333332,33.333332,0.0,0.0,0.0,0.0,33.333332,33.333332,33.333332,66.666664,100.0,0.0,0.0,0.0,66.666664,66.666664,33.333332,66.666664,66.666664,100.0,0.0,66.666664,33.333332,100.0,33.333332,33.333332,33.333332,33.333332,0.0,33.333332,33.333332,0.0,33.333332,66.666664,33.333332,33.333332,100.0,100.0,100.0,100.0,100.0,66.666664,33.333332,100.0,100.0,1.0,2.0,2.0,Hispanic,10th,Male,88.0,67754845
437,66.666664,66.666664,66.666664,66.666664,100.0,100.0,0.0,66.666664,0.0,100.0,100.0,100.0,0.0,0.0,0.0,100.0,100.0,100.0,66.666664,0.0,33.333332,100.0,100.0,100.0,100.0,66.666664,66.666664,66.666664,33.333332,33.333332,66.666664,33.333332,33.333332,66.666664,0.0,66.666664,100.0,100.0,100.0,100.0,100.0,33.333332,100.0,66.666664,33.333332,100.0,1.0,2.0,0.0,White,12th,Female,94.0,62202719
439,66.666664,33.333332,33.333332,33.333332,33.333332,66.666664,0.0,33.333332,66.666664,33.333332,66.666664,33.333332,33.333332,33.333332,33.333332,66.666664,66.666664,100.0,66.666664,66.666664,100.0,66.666664,100.0,33.333332,66.666664,33.333332,66.666664,33.333332,33.333332,33.333332,33.333332,33.333332,66.666664,0.0,33.333332,33.333332,100.0,66.666664,33.333332,66.666664,66.666664,33.333332,66.666664,66.666664,33.333332,33.333332,1.0,1.0,1.0,White,12th,Female,94.0,62203573
487,33.333332,33.333332,0.0,0.0,33.333332,0.0,33.333332,0.0,100.0,100.0,100.0,100.0,66.666664,66.666664,66.666664,100.0,33.333332,33.333332,66.666664,33.333332,66.666664,66.666664,33.333332,33.333332,66.666664,33.333332,0.0,0.0,33.333332,0.0,66.666664,33.333332,33.333332,100.0,0.0,33.333332,66.666664,100.0,100.0,33.333332,100.0,100.0,66.666664,66.666664,100.0,0.0,0.0,1.0,2.0,White,9th,Female,108.0,1158299
491,,,,,,,,,,33.333332,33.333332,100.0,,,,,,,,,,,,,,,,,,,,,,,,,,,,,,,,,,,0.0,0.0,0.0,White,9th,Male,108.0,1171230
496,100.0,100.0,100.0,100.0,100.0,100.0,100.0,100.0,100.0,66.666664,66.666664,66.666664,100.0,100.0,100.0,100.0,100.0,100.0,100.0,100.0,100.0,100.0,100.0,100.0,100.0,100.0,100.0,100.0,100.0,100.0,0.0,0.0,0.0,0.0,0.0,0.0,0.0,0.0,0.0,0.0,0.0,0.0,0.0,0.0,0.0,0.0,,0.0,0.0,Mixed,7th,Female,112.0,62518657
498,33.333332,66.666664,33.333332,33.333332,66.666664,66.666664,66.666664,33.333332,66.666664,66.666664,100.0,66.666664,,,,,,,66.666664,100.0,0.0,33.333332,33.333332,33.333332,33.333332,66.666664,33.333332,66.666664,66.666664,66.666664,66.666664,66.666664,66.666664,100.0,100.0,100.0,66.666664,66.666664,66.666664,66.666664,66.666664,66.666664,66.666664,66.666664,66.666664,66.666664,,0.0,1.0,Hispanic,7th,Female,112.0,62516722
499,100.0,33.333332,100.0,100.0,100.0,100.0,,,,100.0,100.0,100.0,,,,,,,,,,,,,,,,,,,,,,,,,,,,,,,,,,,,0.0,0.0,Black,7th,Male,112.0,62514369
501,0.0,66.666664,0.0,0.0,0.0,66.666664,0.0,0.0,0.0,33.333332,33.333332,33.333332,66.666664,33.333332,33.333332,0.0,66.666664,0.0,33.333332,66.666664,100.0,100.0,100.0,66.666664,33.333332,66.666664,66.666664,0.0,0.0,0.0,0.0,0.0,0.0,0.0,0.0,0.0,100.0,100.0,100.0,100.0,100.0,100.0,66.666664,100.0,100.0,100.0,,0.0,0.0,Black,7th,Female,113.0,62465451
694,0.0,0.0,0.0,0.0,0.0,0.0,0.0,0.0,0.0,33.333332,33.333332,33.333332,0.0,0.0,0.0,0.0,0.0,0.0,0.0,0.0,0.0,0.0,0.0,0.0,0.0,0.0,0.0,0.0,0.0,0.0,0.0,0.0,0.0,0.0,0.0,0.0,0.0,0.0,0.0,0.0,0.0,0.0,0.0,0.0,0.0,0.0,0.0,1.0,1.0,Native American,9th,Male,161.0,69268073
695,66.666664,33.333332,66.666664,33.333332,66.666664,33.333332,0.0,0.0,0.0,33.333332,0.0,0.0,0.0,0.0,0.0,100.0,100.0,100.0,66.666664,66.666664,66.666664,66.666664,100.0,100.0,33.333332,33.333332,66.666664,0.0,0.0,33.333332,66.666664,66.666664,33.333332,0.0,0.0,0.0,66.666664,100.0,100.0,100.0,100.0,100.0,100.0,66.666664,100.0,100.0,1.0,1.0,2.0,Mixed,9th,,161.0,69194259
696,,,,,,,,,,66.666664,66.666664,66.666664,66.666664,66.666664,66.666664,,66.666664,66.666664,,,,,,,,,,,,,,,,,,,,,,,,,,,,,1.0,1.0,1.0,Native American,9th,Male,161.0,69268137
706,66.666664,66.666664,66.666664,66.666664,66.666664,66.666664,66.666664,66.666664,66.666664,33.333332,0.0,33.333332,66.666664,66.666664,66.666664,66.666664,66.666664,66.666664,66.666664,66.666664,66.666664,66.666664,66.666664,66.666664,66.666664,66.666664,66.666664,66.666664,66.666664,66.666664,33.333332,33.333332,33.333332,33.333332,33.333332,33.333332,100.0,100.0,100.0,100.0,100.0,100.0,100.0,100.0,100.0,0.0,0.0,2.0,2.0,White,11th,Male,166.0,61714467
717,0.0,0.0,0.0,0.0,0.0,0.0,0.0,0.0,0.0,33.333332,33.333332,33.333332,0.0,0.0,0.0,0.0,0.0,0.0,0.0,0.0,0.0,0.0,0.0,0.0,0.0,0.0,0.0,0.0,0.0,0.0,0.0,0.0,0.0,0.0,0.0,0.0,0.0,0.0,0.0,0.0,0.0,0.0,0.0,0.0,0.0,0.0,1.0,0.0,0.0,White,9th,Male,169.0,61554122
722,33.333332,66.666664,66.666664,33.333332,100.0,66.666664,33.333332,33.333332,33.333332,100.0,66.666664,66.666664,100.0,100.0,100.0,100.0,100.0,100.0,100.0,100.0,66.666664,100.0,100.0,100.0,66.666664,66.666664,33.333332,0.0,33.333332,66.666664,33.333332,66.666664,0.0,33.333332,0.0,0.0,33.333332,33.333332,66.666664,0.0,66.666664,33.333332,0.0,100.0,66.666664,33.333332,0.0,2.0,0.0,White,11th,Male,169.0,61562382
730,0.0,0.0,0.0,0.0,0.0,0.0,0.0,0.0,0.0,0.0,0.0,0.0,0.0,0.0,0.0,0.0,0.0,0.0,0.0,0.0,0.0,0.0,0.0,0.0,0.0,0.0,0.0,0.0,,0.0,,66.666664,0.0,0.0,0.0,0.0,0.0,0.0,0.0,0.0,0.0,0.0,0.0,0.0,0.0,0.0,0.0,0.0,0.0,Native American,11th,Female,170.0,61876280
732,33.333332,66.666664,100.0,66.666664,100.0,100.0,33.333332,100.0,66.666664,66.666664,33.333332,66.666664,66.666664,33.333332,33.333332,100.0,100.0,100.0,100.0,100.0,100.0,100.0,66.666664,100.0,0.0,66.666664,100.0,33.333332,33.333332,33.333332,100.0,100.0,100.0,0.0,0.0,0.0,100.0,33.333332,100.0,100.0,100.0,100.0,100.0,100.0,33.333332,66.666664,1.0,0.0,0.0,White,11th,Female,170.0,61836805
939,33.333332,100.0,66.666664,33.333332,100.0,66.666664,33.333332,100.0,66.666664,66.666664,66.666664,100.0,100.0,100.0,100.0,100.0,100.0,100.0,100.0,33.333332,33.333332,66.666664,66.666664,66.666664,100.0,33.333332,100.0,100.0,33.333332,100.0,100.0,100.0,100.0,100.0,100.0,66.666664,0.0,33.333332,0.0,0.0,0.0,0.0,0.0,0.0,0.0,0.0,,0.0,0.0,Mixed,7th,Female,229.0,61761969
1161,,,66.666664,,0.0,100.0,,,,33.333332,66.666664,66.666664,,33.333332,33.333332,,,100.0,0.0,,,100.0,,100.0,,100.0,,,66.666664,0.0,100.0,0.0,0.0,0.0,,,,,,,,,,,,,0.0,0.0,0.0,Hispanic,11th,Male,292.0,64916805
1164,100.0,66.666664,100.0,0.0,66.666664,66.666664,66.666664,33.333332,66.666664,33.333332,66.666664,33.333332,66.666664,0.0,0.0,33.333332,33.333332,33.333332,100.0,66.666664,100.0,100.0,66.666664,100.0,100.0,66.666664,66.666664,66.666664,66.666664,33.333332,100.0,100.0,100.0,33.333332,33.333332,33.333332,33.333332,66.666664,66.666664,0.0,66.666664,66.666664,0.0,66.666664,33.333332,0.0,0.0,0.0,0.0,Mixed,10th,Male,292.0,64924282
1166,33.333332,66.666664,66.666664,66.666664,66.666664,33.333332,100.0,66.666664,100.0,66.666664,100.0,100.0,100.0,100.0,100.0,33.333332,66.666664,100.0,66.666664,66.666664,100.0,66.666664,66.666664,66.666664,66.666664,100.0,66.666664,66.666664,66.666664,33.333332,100.0,66.666664,100.0,100.0,66.666664,66.666664,100.0,33.333332,100.0,33.333332,33.333332,66.666664,66.666664,66.666664,33.333332,66.666664,1.0,1.0,1.0,Hispanic,12th,Male,292.0,65222361
1168,33.333332,33.333332,0.0,33.333332,33.333332,66.666664,0.0,0.0,0.0,66.666664,33.333332,100.0,100.0,100.0,100.0,100.0,100.0,66.666664,33.333332,66.666664,66.666664,100.0,100.0,66.666664,66.666664,33.333332,33.333332,66.666664,66.666664,33.333332,66.666664,66.666664,66.666664,66.666664,66.666664,66.666664,33.333332,100.0,33.333332,100.0,33.333332,33.333332,0.0,0.0,33.333332,0.0,0.0,0.0,0.0,Hispanic,9th,Female,292.0,64927717
1421,,,,,,,,,,33.333332,66.666664,66.666664,,,,,,,,,,,,,,,,,,,,,,,,,,,,,,,,,,,0.0,0.0,0.0,Hispanic,12th,Male,336.0,61085229
1425,33.333332,66.666664,66.666664,66.666664,33.333332,33.333332,0.0,0.0,33.333332,33.333332,33.333332,66.666664,33.333332,33.333332,33.333332,66.666664,0.0,0.0,100.0,33.333332,100.0,100.0,100.0,100.0,33.333332,66.666664,33.333332,100.0,66.666664,33.333332,33.333332,66.666664,66.666664,33.333332,33.333332,66.666664,33.333332,100.0,100.0,33.333332,100.0,100.0,66.666664,33.333332,66.666664,100.0,0.0,2.0,2.0,White,9th,Female,336.0,61186884
1427,66.666664,66.666664,100.0,100.0,100.0,66.666664,0.0,0.0,0.0,33.333332,100.0,100.0,66.666664,33.333332,66.666664,100.0,100.0,100.0,100.0,100.0,100.0,66.666664,66.666664,66.666664,66.666664,66.666664,66.666664,66.666664,100.0,100.0,100.0,33.333332,100.0,66.666664,100.0,66.666664,100.0,0.0,66.666664,33.333332,0.0,,33.333332,0.0,,0.0,0.0,0.0,0.0,Hispanic,9th,Male,336.0,61115491
1430,66.666664,100.0,100.0,33.333332,66.666664,66.666664,0.0,66.666664,33.333332,33.333332,66.666664,100.0,66.666664,100.0,100.0,33.333332,66.666664,100.0,100.0,66.666664,66.666664,100.0,,100.0,33.333332,33.333332,66.666664,66.666664,66.666664,66.666664,66.666664,66.666664,33.333332,66.666664,66.666664,66.666664,33.333332,33.333332,0.0,33.333332,66.666664,0.0,0.0,0.0,0.0,33.333332,0.0,0.0,0.0,Mixed,12th,Male,336.0,61183268
1434,,,,,0.0,100.0,,,,0.0,0.0,0.0,,,,,,66.666664,0.0,,,100.0,,,,0.0,,,33.333332,66.666664,,33.333332,0.0,100.0,,,,,,,,,,,,,0.0,1.0,1.0,Native American,11th,Male,336.0,61498845
1436,0.0,0.0,0.0,33.333332,0.0,33.333332,33.333332,66.666664,100.0,33.333332,66.666664,66.666664,33.333332,0.0,0.0,0.0,66.666664,0.0,66.666664,66.666664,100.0,0.0,0.0,0.0,100.0,0.0,0.0,0.0,0.0,100.0,0.0,0.0,33.333332,0.0,66.666664,100.0,0.0,66.666664,33.333332,33.333332,33.333332,66.666664,66.666664,0.0,66.666664,0.0,0.0,0.0,0.0,Hispanic,11th,Male,336.0,61162350
1437,33.333332,0.0,0.0,0.0,0.0,0.0,0.0,0.0,0.0,0.0,33.333332,0.0,0.0,0.0,0.0,33.333332,0.0,0.0,100.0,100.0,100.0,100.0,100.0,66.666664,100.0,100.0,100.0,0.0,0.0,0.0,0.0,0.0,0.0,0.0,0.0,0.0,100.0,100.0,100.0,100.0,100.0,100.0,100.0,100.0,66.666664,100.0,1.0,1.0,1.0,White,10th,Male,336.0,61116303
1519,33.333332,33.333332,33.333332,0.0,0.0,0.0,0.0,0.0,33.333332,66.666664,33.333332,100.0,66.666664,33.333332,100.0,0.0,0.0,0.0,33.333332,66.666664,0.0,100.0,66.666664,66.666664,66.666664,66.666664,33.333332,100.0,66.666664,0.0,66.666664,66.666664,66.666664,33.333332,33.333332,33.333332,100.0,100.0,100.0,100.0,100.0,100.0,100.0,100.0,100.0,100.0,,0.0,0.0,Hispanic,8th,Female,361.0,60693617
1547,100.0,100.0,100.0,100.0,100.0,100.0,100.0,100.0,66.666664,66.666664,33.333332,33.333332,100.0,100.0,66.666664,100.0,33.333332,100.0,66.666664,100.0,100.0,100.0,66.666664,100.0,100.0,66.666664,100.0,100.0,100.0,100.0,100.0,100.0,100.0,100.0,100.0,100.0,0.0,0.0,0.0,0.0,0.0,0.0,0.0,0.0,0.0,0.0,0.0,0.0,0.0,White,9th,Male,372.0,65572118
1551,33.333332,100.0,100.0,66.666664,0.0,0.0,66.666664,33.333332,33.333332,66.666664,100.0,66.666664,33.333332,33.333332,66.666664,100.0,100.0,100.0,66.666664,33.333332,100.0,100.0,66.666664,100.0,100.0,100.0,66.666664,33.333332,33.333332,33.333332,33.333332,33.333332,33.333332,0.0,33.333332,33.333332,66.666664,66.666664,66.666664,66.666664,100.0,100.0,33.333332,33.333332,33.333332,33.333332,0.0,0.0,0.0,Hispanic,9th,Male,372.0,65571781
1556,66.666664,33.333332,,0.0,100.0,100.0,0.0,66.666664,0.0,66.666664,100.0,0.0,33.333332,0.0,33.333332,100.0,100.0,100.0,100.0,100.0,66.666664,100.0,100.0,100.0,100.0,100.0,100.0,0.0,33.333332,0.0,33.333332,0.0,0.0,0.0,0.0,0.0,100.0,33.333332,100.0,100.0,100.0,100.0,100.0,100.0,100.0,100.0,1.0,0.0,2.0,White,12th,Male,373.0,65220579
1563,0.0,33.333332,66.666664,100.0,33.333332,0.0,66.666664,100.0,66.666664,0.0,66.666664,33.333332,0.0,33.333332,66.666664,100.0,66.666664,33.333332,33.333332,33.333332,66.666664,100.0,33.333332,33.333332,66.666664,66.666664,33.333332,0.0,66.666664,100.0,0.0,33.333332,66.666664,100.0,66.666664,33.333332,0.0,33.333332,66.666664,100.0,66.666664,33.333332,0.0,33.333332,66.666664,100.0,1.0,2.0,1.0,White,12th,Male,373.0,65215218
1564,0.0,0.0,0.0,0.0,0.0,0.0,0.0,0.0,0.0,0.0,0.0,0.0,33.333332,0.0,,33.333332,33.333332,33.333332,0.0,0.0,0.0,0.0,0.0,0.0,0.0,0.0,0.0,33.333332,33.333332,33.333332,0.0,0.0,0.0,0.0,0.0,0.0,0.0,33.333332,33.333332,33.333332,33.333332,33.333332,33.333332,33.333332,33.333332,33.333332,0.0,0.0,0.0,White,11th,Male,373.0,65214803
1566,33.333332,66.666664,66.666664,33.333332,0.0,0.0,0.0,100.0,66.666664,66.666664,33.333332,33.333332,66.666664,33.333332,0.0,100.0,66.666664,66.666664,66.666664,66.666664,66.666664,100.0,100.0,100.0,100.0,66.666664,66.666664,0.0,0.0,0.0,66.666664,66.666664,66.666664,0.0,0.0,0.0,100.0,100.0,100.0,100.0,100.0,66.666664,100.0,100.0,100.0,0.0,1.0,2.0,2.0,Asian,9th,Female,373.0,65221441
1568,100.0,100.0,33.333332,0.0,100.0,100.0,33.333332,100.0,100.0,66.666664,100.0,33.333332,100.0,66.666664,33.333332,100.0,66.666664,100.0,100.0,100.0,100.0,0.0,33.333332,33.333332,66.666664,100.0,66.666664,0.0,33.333332,66.666664,33.333332,0.0,0.0,0.0,0.0,0.0,0.0,0.0,0.0,0.0,0.0,0.0,0.0,66.666664,0.0,0.0,0.0,0.0,0.0,White,9th,Female,373.0,65215526
1576,0.0,0.0,0.0,0.0,0.0,0.0,0.0,0.0,0.0,0.0,100.0,100.0,66.666664,66.666664,66.666664,66.666664,66.666664,66.666664,0.0,0.0,0.0,0.0,0.0,0.0,0.0,0.0,0.0,0.0,0.0,0.0,0.0,0.0,0.0,0.0,0.0,0.0,100.0,100.0,100.0,100.0,100.0,100.0,100.0,100.0,100.0,100.0,,2.0,2.0,White,7th,Female,375.0,65759561
1577,0.0,0.0,0.0,0.0,0.0,0.0,0.0,0.0,0.0,66.666664,66.666664,66.666664,0.0,0.0,0.0,0.0,0.0,0.0,0.0,0.0,0.0,0.0,0.0,0.0,0.0,0.0,0.0,0.0,0.0,0.0,0.0,0.0,0.0,0.0,0.0,0.0,100.0,100.0,100.0,100.0,100.0,100.0,100.0,100.0,100.0,100.0,,0.0,0.0,White,7th,Male,375.0,65759558
1650,100.0,100.0,100.0,100.0,,100.0,100.0,100.0,66.666664,66.666664,66.666664,100.0,100.0,100.0,100.0,100.0,100.0,100.0,66.666664,66.666664,66.666664,100.0,100.0,100.0,66.666664,66.666664,100.0,100.0,66.666664,66.666664,66.666664,66.666664,66.666664,66.666664,66.666664,66.666664,0.0,33.333332,66.666664,66.666664,33.333332,66.666664,66.666664,66.666664,66.666664,66.666664,0.0,0.0,0.0,Hispanic,11th,Female,403.0,67851827
1652,100.0,,33.333332,,,0.0,66.666664,,,0.0,33.333332,,66.666664,,0.0,,33.333332,,66.666664,,,,,,,,,33.333332,,,33.333332,,66.666664,,66.666664,,33.333332,0.0,66.666664,,0.0,66.666664,66.666664,100.0,33.333332,66.666664,1.0,,1.0,Hispanic,12th,Male,403.0,67863205
1653,100.0,100.0,100.0,100.0,100.0,100.0,100.0,100.0,100.0,66.666664,100.0,100.0,33.333332,33.333332,33.333332,66.666664,66.666664,66.666664,100.0,100.0,100.0,100.0,100.0,100.0,100.0,100.0,33.333332,100.0,100.0,100.0,100.0,100.0,100.0,100.0,100.0,100.0,33.333332,33.333332,0.0,0.0,33.333332,0.0,0.0,33.333332,33.333332,0.0,0.0,0.0,0.0,Hispanic,10th,Female,403.0,67897684
1758,33.333332,33.333332,0.0,100.0,100.0,100.0,100.0,66.666664,100.0,100.0,100.0,100.0,100.0,0.0,100.0,0.0,0.0,0.0,33.333332,33.333332,0.0,66.666664,100.0,66.666664,100.0,100.0,0.0,100.0,100.0,0.0,100.0,100.0,33.333332,100.0,66.666664,0.0,100.0,33.333332,0.0,0.0,33.333332,66.666664,33.333332,0.0,33.333332,100.0,,0.0,0.0,White,7th,Male,431.0,66244200
1759,66.666664,100.0,100.0,66.666664,100.0,66.666664,33.333332,66.666664,33.333332,100.0,100.0,66.666664,66.666664,100.0,33.333332,66.666664,66.666664,66.666664,66.666664,66.666664,66.666664,66.666664,33.333332,33.333332,66.666664,66.666664,66.666664,0.0,66.666664,66.666664,66.666664,66.666664,66.666664,66.666664,33.333332,33.333332,0.0,100.0,33.333332,33.333332,0.0,100.0,100.0,0.0,100.0,0.0,,0.0,0.0,Hispanic,7th,Male,431.0,66244304
1760,33.333332,0.0,33.333332,33.333332,66.666664,66.666664,33.333332,0.0,100.0,66.666664,66.666664,66.666664,100.0,100.0,100.0,100.0,100.0,100.0,33.333332,100.0,66.666664,100.0,66.666664,100.0,66.666664,66.666664,100.0,100.0,100.0,100.0,100.0,100.0,66.666664,33.333332,33.333332,33.333332,0.0,0.0,0.0,0.0,0.0,0.0,0.0,0.0,0.0,0.0,,0.0,0.0,Hispanic,7th,Male,431.0,66244339
1761,33.333332,33.333332,,,,,,,0.0,,,,100.0,,100.0,100.0,0.0,0.0,0.0,0.0,,,,,66.666664,100.0,100.0,100.0,100.0,0.0,,33.333332,,,,,0.0,0.0,0.0,0.0,0.0,0.0,0.0,0.0,0.0,0.0,,0.0,0.0,White,7th,Male,431.0,66244100
1831,33.333332,66.666664,0.0,33.333332,66.666664,66.666664,66.666664,33.333332,33.333332,0.0,0.0,0.0,66.666664,33.333332,33.333332,33.333332,66.666664,66.666664,66.666664,33.333332,33.333332,66.666664,66.666664,66.666664,66.666664,33.333332,33.333332,66.666664,66.666664,66.666664,33.333332,66.666664,66.666664,66.666664,66.666664,33.333332,66.666664,33.333332,66.666664,66.666664,0.0,66.666664,33.333332,33.333332,66.666664,66.666664,0.0,0.0,0.0,Hispanic,10th,Male,445.0,67081394
1832,0.0,,0.0,,0.0,0.0,,,,,,,,0.0,0.0,,,0.0,0.0,,,33.333332,0.0,0.0,,0.0,0.0,,0.0,0.0,0.0,0.0,0.0,0.0,,,,,,,,,,,,,1.0,0.0,0.0,Hispanic,9th,Male,445.0,66749866
1833,33.333332,66.666664,0.0,0.0,0.0,0.0,33.333332,33.333332,0.0,0.0,33.333332,33.333332,0.0,0.0,100.0,0.0,100.0,66.666664,66.666664,100.0,100.0,33.333332,66.666664,66.666664,33.333332,66.666664,100.0,66.666664,100.0,100.0,33.333332,66.666664,0.0,33.333332,66.666664,33.333332,66.666664,100.0,100.0,0.0,33.333332,66.666664,0.0,66.666664,66.666664,66.666664,0.0,1.0,1.0,Pacific Islander,10th,Male,445.0,66751532
1834,33.333332,0.0,0.0,0.0,66.666664,100.0,66.666664,33.333332,33.333332,33.333332,100.0,100.0,66.666664,66.666664,66.666664,66.666664,100.0,100.0,66.666664,66.666664,100.0,100.0,100.0,100.0,100.0,100.0,66.666664,0.0,0.0,0.0,66.666664,66.666664,33.333332,33.333332,33.333332,33.333332,100.0,100.0,100.0,100.0,100.0,100.0,100.0,100.0,100.0,100.0,1.0,1.0,0.0,Hispanic,9th,Male,445.0,66748674
1837,66.666664,0.0,100.0,0.0,100.0,0.0,66.666664,0.0,33.333332,0.0,100.0,66.666664,66.666664,100.0,0.0,33.333332,0.0,66.666664,100.0,66.666664,,66.666664,0.0,66.666664,33.333332,33.333332,33.333332,66.666664,33.333332,33.333332,33.333332,66.666664,0.0,33.333332,66.666664,100.0,100.0,100.0,0.0,100.0,66.666664,33.333332,0.0,66.666664,66.666664,33.333332,1.0,1.0,1.0,Hispanic,12th,Male,445.0,66636681
1843,100.0,33.333332,100.0,33.333332,33.333332,100.0,66.666664,0.0,100.0,100.0,100.0,100.0,33.333332,66.666664,0.0,100.0,66.666664,100.0,66.666664,33.333332,33.333332,100.0,33.333332,0.0,66.666664,66.666664,100.0,100.0,0.0,0.0,100.0,33.333332,33.333332,33.333332,66.666664,100.0,66.666664,100.0,100.0,100.0,0.0,100.0,0.0,0.0,100.0,33.333332,0.0,0.0,0.0,Hispanic,12th,Male,446.0,1182044
1844,66.666664,66.666664,66.666664,66.666664,66.666664,66.666664,66.666664,66.666664,66.666664,33.333332,33.333332,33.333332,66.666664,66.666664,66.666664,66.666664,66.666664,66.666664,33.333332,66.666664,66.666664,66.666664,66.666664,66.666664,66.666664,66.666664,33.333332,33.333332,66.666664,33.333332,66.666664,66.666664,33.333332,66.666664,66.666664,66.666664,33.333332,33.333332,33.333332,33.333332,33.333332,33.333332,33.333332,33.333332,33.333332,33.333332,1.0,0.0,0.0,White,9th,Male,446.0,1183319
1847,66.666664,0.0,66.666664,0.0,33.333332,33.333332,33.333332,100.0,100.0,0.0,0.0,33.333332,66.666664,66.666664,0.0,0.0,33.333332,33.333332,33.333332,0.0,33.333332,0.0,33.333332,100.0,66.666664,66.666664,66.666664,33.333332,0.0,33.333332,0.0,0.0,66.666664,33.333332,33.333332,0.0,33.333332,33.333332,0.0,33.333332,0.0,33.333332,0.0,33.333332,33.333332,0.0,0.0,1.0,1.0,Hispanic,12th,Female,446.0,1183596
1848,66.666664,66.666664,0.0,0.0,100.0,100.0,66.666664,0.0,66.666664,100.0,,66.666664,0.0,33.333332,66.666664,66.666664,66.666664,0.0,33.333332,0.0,0.0,0.0,0.0,0.0,0.0,66.666664,0.0,33.333332,66.666664,33.333332,0.0,33.333332,66.666664,100.0,33.333332,66.666664,33.333332,33.333332,66.666664,0.0,66.666664,0.0,0.0,66.666664,0.0,0.0,,1.0,0.0,Hispanic,9th,,446.0,1183471
1849,33.333332,33.333332,33.333332,100.0,33.333332,33.333332,33.333332,33.333332,33.333332,33.333332,33.333332,33.333332,100.0,33.333332,33.333332,33.333332,100.0,33.333332,33.333332,33.333332,33.333332,33.333332,33.333332,33.333332,33.333332,33.333332,33.333332,33.333332,33.333332,33.333332,33.333332,33.333332,33.333332,33.333332,33.333332,33.333332,0.0,0.0,0.0,0.0,0.0,0.0,0.0,0.0,0.0,0.0,1.0,0.0,0.0,Hispanic,11th,Male,446.0,1183793
1852,33.333332,0.0,66.666664,100.0,100.0,0.0,66.666664,33.333332,66.666664,33.333332,66.666664,100.0,0.0,100.0,100.0,33.333332,66.666664,100.0,100.0,100.0,100.0,66.666664,100.0,100.0,33.333332,0.0,66.666664,33.333332,100.0,100.0,100.0,,0.0,100.0,66.666664,0.0,,,,,,,,,,,1.0,0.0,0.0,Hispanic,9th,Female,446.0,1183558
2015,,,,,,,,,,33.333332,33.333332,0.0,,,,,,,,,,,,,,,,,,,,,,,,,,,,,,,,,,,1.0,0.0,0.0,White,11th,Male,493.0,61736856
2020,0.0,33.333332,0.0,0.0,0.0,0.0,0.0,0.0,0.0,66.666664,33.333332,66.666664,66.666664,33.333332,33.333332,66.666664,33.333332,100.0,33.333332,0.0,66.666664,100.0,66.666664,66.666664,66.666664,100.0,33.333332,0.0,0.0,0.0,33.333332,33.333332,66.666664,33.333332,66.666664,0.0,100.0,100.0,100.0,100.0,100.0,66.666664,66.666664,100.0,100.0,66.666664,1.0,1.0,1.0,Mixed,11th,Male,493.0,61817408
2395,66.666664,100.0,33.333332,66.666664,66.666664,33.333332,66.666664,,100.0,100.0,100.0,100.0,100.0,100.0,100.0,100.0,0.0,0.0,33.333332,66.666664,66.666664,66.666664,66.666664,66.666664,66.666664,33.333332,,33.333332,33.333332,33.333332,0.0,0.0,0.0,0.0,0.0,0.0,0.0,0.0,0.0,0.0,0.0,0.0,0.0,0.0,0.0,0.0,0.0,0.0,0.0,Hispanic,11th,Male,599.0,66978025
2398,0.0,0.0,0.0,33.333332,33.333332,0.0,0.0,0.0,0.0,33.333332,33.333332,33.333332,33.333332,33.333332,0.0,33.333332,33.333332,33.333332,0.0,0.0,0.0,33.333332,33.333332,66.666664,33.333332,0.0,0.0,33.333332,33.333332,0.0,0.0,0.0,0.0,66.666664,66.666664,33.333332,33.333332,33.333332,33.333332,33.333332,33.333332,33.333332,33.333332,33.333332,33.333332,33.333332,0.0,0.0,0.0,Mixed,9th,Male,599.0,66962839
2401,0.0,0.0,0.0,0.0,0.0,0.0,0.0,0.0,0.0,66.666664,66.666664,66.666664,0.0,0.0,0.0,0.0,0.0,0.0,0.0,0.0,0.0,0.0,0.0,0.0,0.0,0.0,0.0,0.0,0.0,0.0,0.0,0.0,0.0,0.0,0.0,0.0,0.0,0.0,0.0,0.0,0.0,0.0,0.0,0.0,0.0,0.0,0.0,,,Hispanic,11th,Male,599.0,66982387
2403,33.333332,33.333332,,66.666664,100.0,66.666664,33.333332,0.0,33.333332,0.0,66.666664,66.666664,100.0,100.0,100.0,100.0,66.666664,100.0,100.0,66.666664,100.0,100.0,100.0,100.0,66.666664,66.666664,100.0,0.0,66.666664,66.666664,33.333332,66.666664,0.0,33.333332,66.666664,33.333332,100.0,100.0,100.0,100.0,100.0,100.0,66.666664,66.666664,100.0,33.333332,0.0,0.0,,Hispanic,9th,Female,600.0,66867224
2406,33.333332,100.0,66.666664,100.0,33.333332,100.0,0.0,33.333332,0.0,100.0,100.0,33.333332,33.333332,66.666664,0.0,66.666664,0.0,33.333332,100.0,100.0,66.666664,100.0,66.666664,100.0,100.0,100.0,33.333332,100.0,100.0,100.0,100.0,100.0,0.0,0.0,0.0,0.0,0.0,100.0,0.0,33.333332,0.0,0.0,0.0,0.0,0.0,0.0,0.0,0.0,0.0,Hispanic,9th,Male,600.0,66862853
2408,,,,,,,,,,33.333332,33.333332,33.333332,,,,,,,,,,,,,,,,,,,,,,,,,,,,,,,,,,,,,,Hispanic,9th,Male,600.0,66980956
2422,0.0,0.0,0.0,0.0,0.0,0.0,0.0,0.0,0.0,33.333332,33.333332,66.666664,0.0,0.0,0.0,0.0,0.0,0.0,0.0,0.0,0.0,0.0,0.0,0.0,0.0,0.0,0.0,0.0,0.0,0.0,0.0,0.0,0.0,0.0,0.0,0.0,0.0,0.0,0.0,0.0,0.0,0.0,0.0,0.0,0.0,0.0,0.0,0.0,0.0,Mixed,11th,Female,602.0,66980359
2542,33.333332,33.333332,33.333332,33.333332,33.333332,33.333332,33.333332,33.333332,33.333332,100.0,100.0,100.0,33.333332,33.333332,33.333332,33.333332,33.333332,33.333332,33.333332,33.333332,33.333332,33.333332,33.333332,33.333332,33.333332,33.333332,33.333332,33.333332,33.333332,33.333332,33.333332,33.333332,33.333332,33.333332,33.333332,33.333332,33.333332,33.333332,33.333332,33.333332,33.333332,33.333332,33.333332,33.333332,33.333332,33.333332,0.0,2.0,2.0,White,9th,Male,621.0,65479220
2543,33.333332,33.333332,33.333332,33.333332,33.333332,33.333332,33.333332,33.333332,33.333332,100.0,100.0,100.0,,,,,,,33.333332,33.333332,33.333332,33.333332,33.333332,33.333332,33.333332,33.333332,33.333332,33.333332,33.333332,33.333332,,,,,,,,,,,,,,,,,,0.0,0.0,,7th,,621.0,65531810
2550,66.666664,66.666664,66.666664,66.666664,66.666664,66.666664,66.666664,66.666664,0.0,33.333332,33.333332,33.333332,66.666664,66.666664,33.333332,66.666664,66.666664,66.666664,66.666664,66.666664,66.666664,66.666664,66.666664,66.666664,66.666664,66.666664,66.666664,66.666664,66.666664,66.666664,100.0,100.0,100.0,33.333332,33.333332,33.333332,0.0,66.666664,0.0,0.0,0.0,33.333332,0.0,66.666664,33.333332,0.0,0.0,0.0,0.0,Hispanic,11th,Female,622.0,65245330
2560,,,,,,,,,,100.0,100.0,100.0,,,,,,,,,,,,,,,,,,,,,,,,,,,,,,,,,,,,1.0,0.0,Mixed,7th,Male,626.0,65249095
2561,0.0,66.666664,66.666664,0.0,0.0,66.666664,0.0,66.666664,33.333332,66.666664,33.333332,33.333332,33.333332,0.0,33.333332,66.666664,66.666664,66.666664,33.333332,33.333332,66.666664,66.666664,66.666664,66.666664,33.333332,33.333332,33.333332,0.0,0.0,0.0,66.666664,66.666664,66.666664,0.0,0.0,33.333332,100.0,100.0,66.666664,66.666664,100.0,33.333332,100.0,100.0,100.0,100.0,,1.0,0.0,Hispanic,7th,Female,626.0,65254794
2587,100.0,100.0,100.0,100.0,66.666664,100.0,100.0,100.0,100.0,100.0,100.0,100.0,100.0,100.0,100.0,100.0,100.0,100.0,100.0,100.0,66.666664,100.0,100.0,100.0,100.0,100.0,100.0,100.0,100.0,0.0,,100.0,,100.0,100.0,66.666664,100.0,100.0,100.0,100.0,100.0,100.0,100.0,100.0,100.0,100.0,1.0,0.0,1.0,Native American,11th,,636.0,65910121
2588,33.333332,33.333332,100.0,100.0,33.333332,33.333332,100.0,100.0,100.0,100.0,,,100.0,,100.0,100.0,100.0,33.333332,66.666664,33.333332,33.333332,100.0,100.0,33.333332,33.333332,100.0,0.0,33.333332,100.0,66.666664,33.333332,66.666664,33.333332,33.333332,33.333332,100.0,100.0,33.333332,66.666664,33.333332,0.0,100.0,0.0,33.333332,100.0,100.0,1.0,,,Native American,10th,,636.0,65875051
2589,33.333332,100.0,0.0,100.0,100.0,33.333332,33.333332,33.333332,33.333332,33.333332,66.666664,66.666664,33.333332,33.333332,33.333332,100.0,100.0,33.333332,100.0,100.0,66.666664,100.0,33.333332,33.333332,33.333332,100.0,33.333332,100.0,33.333332,100.0,33.333332,33.333332,33.333332,0.0,33.333332,0.0,33.333332,33.333332,33.333332,33.333332,100.0,33.333332,100.0,33.333332,100.0,100.0,0.0,0.0,0.0,Hispanic,9th,,636.0,65913262
3176,100.0,100.0,100.0,100.0,0.0,100.0,0.0,0.0,33.333332,66.666664,66.666664,66.666664,66.666664,100.0,66.666664,100.0,100.0,100.0,33.333332,66.666664,66.666664,33.333332,100.0,100.0,0.0,0.0,0.0,0.0,66.666664,66.666664,66.666664,66.666664,66.666664,33.333332,66.666664,66.666664,0.0,33.333332,0.0,0.0,0.0,0.0,0.0,0.0,0.0,0.0,,0.0,0.0,Hispanic,9th,Male,754.0,62508290
3177,,,,,,0.0,,,,33.333332,100.0,100.0,,,,,,,0.0,,,0.0,,,,0.0,,,,100.0,,,66.666664,,,,,,,,,,,,,,0.0,0.0,0.0,Black,11th,Male,754.0,62519438
3267,66.666664,66.666664,66.666664,100.0,100.0,66.666664,0.0,0.0,0.0,0.0,66.666664,100.0,66.666664,66.666664,33.333332,66.666664,66.666664,66.666664,33.333332,33.333332,33.333332,100.0,100.0,100.0,33.333332,66.666664,33.333332,66.666664,66.666664,100.0,66.666664,66.666664,66.666664,66.666664,66.666664,66.666664,0.0,0.0,0.0,0.0,0.0,0.0,0.0,0.0,,0.0,0.0,0.0,0.0,Hispanic,9th,Male,781.0,61374383
3270,,,,,,,,,,33.333332,33.333332,0.0,,,,,,,,,,,,,,,,,,,,,,,,,,,,,,,,,,,0.0,0.0,0.0,Hispanic,11th,Male,781.0,61409298
3272,66.666664,100.0,33.333332,33.333332,100.0,66.666664,33.333332,0.0,33.333332,100.0,66.666664,100.0,0.0,0.0,0.0,100.0,66.666664,100.0,100.0,100.0,100.0,100.0,100.0,66.666664,100.0,66.666664,66.666664,100.0,33.333332,66.666664,66.666664,66.666664,66.666664,100.0,100.0,100.0,0.0,100.0,33.333332,100.0,100.0,33.333332,66.666664,33.333332,0.0,0.0,1.0,0.0,2.0,Hispanic,9th,Female,781.0,61383510
3273,,,,,,,,,,0.0,100.0,100.0,,,,,,,,,,,,,,,,,,,,,,,,,,,,,,,,,,,,,,Hispanic,9th,Male,781.0,61384580
3274,0.0,33.333332,66.666664,0.0,100.0,100.0,0.0,0.0,66.666664,33.333332,33.333332,33.333332,33.333332,33.333332,33.333332,100.0,100.0,100.0,66.666664,66.666664,66.666664,66.666664,100.0,66.666664,33.333332,66.666664,66.666664,0.0,0.0,0.0,0.0,0.0,0.0,0.0,0.0,0.0,66.666664,100.0,66.666664,66.666664,100.0,66.666664,100.0,100.0,66.666664,0.0,1.0,0.0,1.0,White,9th,Male,781.0,61362897
3277,0.0,0.0,0.0,0.0,0.0,0.0,0.0,0.0,0.0,66.666664,66.666664,66.666664,0.0,0.0,0.0,0.0,0.0,0.0,0.0,0.0,0.0,0.0,0.0,0.0,0.0,0.0,0.0,0.0,0.0,0.0,0.0,0.0,0.0,0.0,,0.0,0.0,0.0,0.0,0.0,0.0,0.0,0.0,0.0,0.0,0.0,0.0,0.0,0.0,,9th,,782.0,61448410
3284,100.0,100.0,100.0,100.0,100.0,100.0,100.0,100.0,100.0,0.0,0.0,0.0,66.666664,66.666664,66.666664,66.666664,66.666664,66.666664,100.0,100.0,100.0,100.0,100.0,100.0,100.0,100.0,100.0,100.0,100.0,100.0,33.333332,33.333332,33.333332,33.333332,33.333332,33.333332,66.666664,66.666664,66.666664,66.666664,66.666664,66.666664,66.666664,66.666664,66.666664,66.666664,1.0,0.0,0.0,,9th,,782.0,61409806
3285,0.0,0.0,0.0,0.0,,0.0,0.0,0.0,0.0,,,,,,,,,,0.0,0.0,0.0,0.0,0.0,0.0,0.0,0.0,0.0,33.333332,33.333332,100.0,,,,,,,,,,,,,,,,,0.0,0.0,0.0,Mixed,9th,,782.0,61448358
3289,100.0,100.0,100.0,100.0,100.0,100.0,100.0,100.0,100.0,100.0,100.0,100.0,100.0,100.0,100.0,100.0,100.0,100.0,100.0,100.0,100.0,100.0,100.0,100.0,100.0,100.0,100.0,100.0,100.0,100.0,100.0,100.0,100.0,100.0,100.0,100.0,0.0,0.0,0.0,0.0,0.0,0.0,0.0,0.0,0.0,0.0,0.0,0.0,0.0,White,11th,Male,782.0,61363746
3291,0.0,0.0,0.0,0.0,0.0,0.0,0.0,0.0,0.0,33.333332,33.333332,33.333332,0.0,0.0,0.0,0.0,0.0,0.0,0.0,0.0,0.0,0.0,0.0,0.0,0.0,0.0,0.0,0.0,0.0,0.0,0.0,0.0,0.0,0.0,0.0,0.0,0.0,0.0,0.0,0.0,0.0,0.0,0.0,0.0,0.0,0.0,1.0,0.0,0.0,White,9th,Male,782.0,61453557
3292,33.333332,66.666664,33.333332,33.333332,0.0,0.0,66.666664,33.333332,33.333332,33.333332,66.666664,0.0,33.333332,33.333332,33.333332,66.666664,33.333332,33.333332,33.333332,100.0,33.333332,100.0,66.666664,66.666664,100.0,100.0,66.666664,0.0,33.333332,0.0,33.333332,33.333332,33.333332,33.333332,0.0,0.0,100.0,33.333332,0.0,33.333332,100.0,100.0,66.666664,66.666664,100.0,66.666664,1.0,1.0,1.0,Hispanic,11th,Male,782.0,61664438
3293,100.0,100.0,100.0,100.0,100.0,100.0,100.0,100.0,100.0,66.666664,66.666664,33.333332,100.0,100.0,100.0,100.0,100.0,100.0,100.0,100.0,100.0,100.0,100.0,100.0,100.0,100.0,100.0,100.0,100.0,100.0,100.0,100.0,100.0,100.0,100.0,100.0,100.0,100.0,100.0,100.0,100.0,100.0,100.0,100.0,100.0,100.0,1.0,2.0,2.0,Mixed,9th,Male,783.0,61423181
3295,100.0,100.0,100.0,100.0,100.0,100.0,33.333332,66.666664,100.0,100.0,100.0,100.0,100.0,100.0,100.0,100.0,100.0,100.0,100.0,100.0,100.0,66.666664,100.0,100.0,100.0,100.0,100.0,100.0,100.0,100.0,66.666664,66.666664,66.666664,66.666664,66.666664,66.666664,0.0,0.0,0.0,0.0,0.0,0.0,0.0,0.0,0.0,0.0,0.0,0.0,0.0,Hispanic,11th,Male,783.0,61447339
3298,0.0,33.333332,33.333332,0.0,0.0,66.666664,33.333332,33.333332,100.0,0.0,0.0,0.0,0.0,100.0,0.0,66.666664,33.333332,100.0,33.333332,33.333332,100.0,0.0,66.666664,100.0,0.0,66.666664,100.0,0.0,33.333332,66.666664,66.666664,0.0,66.666664,100.0,66.666664,33.333332,0.0,66.666664,0.0,66.666664,100.0,100.0,100.0,0.0,100.0,0.0,0.0,0.0,0.0,Hispanic,9th,Female,783.0,61457284
3302,33.333332,33.333332,66.666664,66.666664,66.666664,66.666664,33.333332,33.333332,33.333332,33.333332,33.333332,33.333332,,,,,,,33.333332,100.0,66.666664,33.333332,33.333332,,,,,,,,,,,,,,,,,,,,,,,,,,,,7th,Male,785.0,61543898
3303,33.333332,100.0,66.666664,0.0,100.0,33.333332,100.0,100.0,0.0,0.0,0.0,0.0,33.333332,66.666664,33.333332,0.0,0.0,0.0,33.333332,66.666664,33.333332,33.333332,100.0,100.0,0.0,33.333332,33.333332,100.0,100.0,66.666664,100.0,100.0,100.0,100.0,100.0,100.0,0.0,33.333332,66.666664,33.333332,33.333332,100.0,33.333332,33.333332,100.0,33.333332,,0.0,0.0,Hispanic,7th,Male,785.0,61544561
3309,33.333332,33.333332,0.0,0.0,0.0,0.0,0.0,0.0,0.0,33.333332,33.333332,33.333332,0.0,0.0,0.0,0.0,0.0,0.0,0.0,0.0,0.0,0.0,0.0,0.0,33.333332,33.333332,0.0,0.0,0.0,0.0,0.0,0.0,0.0,0.0,0.0,0.0,0.0,0.0,0.0,66.666664,0.0,0.0,0.0,0.0,0.0,0.0,,2.0,0.0,Black,7th,Male,785.0,61412668
3671,33.333332,66.666664,33.333332,0.0,33.333332,33.333332,33.333332,33.333332,33.333332,66.666664,33.333332,33.333332,66.666664,33.333332,0.0,100.0,100.0,100.0,33.333332,33.333332,33.333332,100.0,100.0,66.666664,33.333332,33.333332,33.333332,66.666664,0.0,33.333332,33.333332,33.333332,33.333332,100.0,100.0,66.666664,0.0,66.666664,33.333332,66.666664,33.333332,,0.0,33.333332,33.333332,66.666664,,0.0,0.0,,7th,Male,853.0,66409836
3685,33.333332,33.333332,33.333332,33.333332,0.0,0.0,0.0,0.0,0.0,33.333332,66.666664,33.333332,33.333332,0.0,66.666664,100.0,100.0,100.0,66.666664,33.333332,66.666664,33.333332,66.666664,100.0,66.666664,100.0,33.333332,0.0,0.0,33.333332,0.0,0.0,0.0,0.0,0.0,0.0,0.0,66.666664,66.666664,66.666664,33.333332,33.333332,0.0,100.0,33.333332,66.666664,0.0,0.0,1.0,White,9th,Male,858.0,62189867
3686,0.0,0.0,0.0,0.0,0.0,0.0,0.0,0.0,0.0,100.0,100.0,66.666664,0.0,0.0,0.0,0.0,0.0,0.0,0.0,0.0,0.0,0.0,0.0,0.0,0.0,0.0,0.0,0.0,0.0,0.0,0.0,0.0,0.0,0.0,0.0,0.0,0.0,0.0,0.0,0.0,0.0,0.0,0.0,0.0,0.0,0.0,0.0,0.0,0.0,Hispanic,9th,Male,858.0,62136786
3708,33.333332,33.333332,66.666664,33.333332,66.666664,33.333332,33.333332,33.333332,33.333332,33.333332,33.333332,66.666664,33.333332,100.0,,100.0,33.333332,66.666664,33.333332,66.666664,66.666664,33.333332,66.666664,33.333332,33.333332,33.333332,33.333332,66.666664,66.666664,66.666664,66.666664,33.333332,,66.666664,33.333332,66.666664,33.333332,33.333332,66.666664,33.333332,33.333332,100.0,66.666664,33.333332,33.333332,66.666664,0.0,1.0,1.0,Hispanic,9th,Male,862.0,61004177
3712,33.333332,33.333332,66.666664,100.0,100.0,33.333332,0.0,0.0,100.0,0.0,66.666664,33.333332,100.0,66.666664,100.0,100.0,100.0,66.666664,33.333332,66.666664,100.0,33.333332,33.333332,66.666664,100.0,66.666664,33.333332,100.0,66.666664,66.666664,100.0,66.666664,100.0,100.0,100.0,100.0,0.0,0.0,0.0,0.0,0.0,0.0,0.0,0.0,0.0,0.0,0.0,0.0,0.0,Hispanic,9th,Male,862.0,61113520
3715,0.0,0.0,0.0,0.0,0.0,0.0,0.0,0.0,0.0,33.333332,100.0,100.0,0.0,0.0,0.0,0.0,0.0,0.0,0.0,0.0,0.0,0.0,0.0,0.0,0.0,0.0,0.0,0.0,0.0,0.0,0.0,0.0,0.0,0.0,0.0,0.0,0.0,0.0,0.0,0.0,0.0,0.0,0.0,0.0,0.0,0.0,0.0,0.0,0.0,Hispanic,9th,Male,862.0,61002863
3722,0.0,0.0,0.0,0.0,0.0,0.0,0.0,0.0,0.0,33.333332,33.333332,0.0,,,,,,,0.0,0.0,0.0,0.0,0.0,0.0,0.0,66.666664,66.666664,33.333332,33.333332,100.0,,,,,,,,,,,,,,,,,0.0,0.0,0.0,Hispanic,11th,Female,863.0,62505342
3724,100.0,100.0,100.0,100.0,100.0,100.0,100.0,100.0,100.0,33.333332,66.666664,66.666664,100.0,100.0,66.666664,100.0,100.0,100.0,100.0,100.0,100.0,100.0,100.0,100.0,100.0,100.0,100.0,100.0,100.0,100.0,100.0,100.0,100.0,66.666664,66.666664,66.666664,33.333332,0.0,33.333332,33.333332,0.0,66.666664,0.0,0.0,66.666664,0.0,0.0,0.0,0.0,White,9th,Male,863.0,62416479
3726,33.333332,66.666664,33.333332,33.333332,0.0,0.0,0.0,0.0,0.0,66.666664,66.666664,100.0,100.0,100.0,100.0,100.0,66.666664,66.666664,66.666664,100.0,100.0,33.333332,66.666664,33.333332,0.0,100.0,33.333332,0.0,0.0,0.0,33.333332,0.0,33.333332,0.0,0.0,0.0,33.333332,100.0,100.0,100.0,100.0,100.0,0.0,33.333332,100.0,0.0,0.0,0.0,1.0,Hispanic,11th,Male,864.0,62154039
3750,33.333332,33.333332,0.0,0.0,0.0,0.0,0.0,0.0,0.0,33.333332,100.0,66.666664,0.0,0.0,0.0,0.0,0.0,0.0,0.0,0.0,0.0,0.0,33.333332,33.333332,0.0,0.0,33.333332,0.0,0.0,33.333332,0.0,33.333332,66.666664,100.0,66.666664,33.333332,0.0,33.333332,33.333332,66.666664,33.333332,33.333332,33.333332,33.333332,33.333332,33.333332,,0.0,0.0,,7th,Male,868.0,62741689
3752,33.333332,100.0,100.0,66.666664,33.333332,100.0,100.0,100.0,33.333332,100.0,33.333332,100.0,66.666664,,66.666664,66.666664,66.666664,66.666664,100.0,0.0,66.666664,0.0,0.0,100.0,33.333332,33.333332,33.333332,100.0,33.333332,33.333332,100.0,33.333332,33.333332,33.333332,33.333332,33.333332,0.0,33.333332,33.333332,33.333332,33.333332,0.0,0.0,33.333332,0.0,0.0,,0.0,0.0,Hispanic,7th,Male,869.0,61711786
3753,100.0,100.0,100.0,100.0,100.0,100.0,100.0,100.0,33.333332,33.333332,33.333332,66.666664,100.0,100.0,100.0,33.333332,33.333332,33.333332,66.666664,66.666664,100.0,0.0,0.0,0.0,100.0,100.0,100.0,100.0,100.0,100.0,66.666664,66.666664,66.666664,66.666664,0.0,0.0,0.0,33.333332,33.333332,33.333332,0.0,33.333332,0.0,33.333332,33.333332,0.0,,0.0,0.0,Hispanic,7th,Female,869.0,61722955
3756,66.666664,66.666664,66.666664,66.666664,66.666664,66.666664,100.0,66.666664,66.666664,100.0,66.666664,100.0,100.0,33.333332,66.666664,66.666664,66.666664,66.666664,66.666664,66.666664,66.666664,100.0,66.666664,33.333332,66.666664,33.333332,33.333332,100.0,100.0,66.666664,66.666664,66.666664,66.666664,66.666664,66.666664,66.666664,0.0,0.0,0.0,33.333332,0.0,0.0,0.0,0.0,0.0,0.0,,0.0,0.0,,7th,Female,871.0,61288133
3878,66.666664,33.333332,33.333332,33.333332,100.0,66.666664,33.333332,0.0,33.333332,100.0,66.666664,66.666664,0.0,0.0,33.333332,66.666664,66.666664,33.333332,66.666664,66.666664,66.666664,33.333332,100.0,100.0,100.0,100.0,100.0,0.0,0.0,0.0,33.333332,33.333332,33.333332,0.0,0.0,0.0,100.0,100.0,33.333332,66.666664,66.666664,33.333332,0.0,66.666664,33.333332,33.333332,1.0,1.0,1.0,Mixed,11th,Female,897.0,60856869
3883,66.666664,66.666664,33.333332,33.333332,66.666664,66.666664,66.666664,33.333332,100.0,66.666664,66.666664,66.666664,33.333332,0.0,33.333332,66.666664,33.333332,33.333332,100.0,100.0,100.0,33.333332,66.666664,66.666664,66.666664,33.333332,66.666664,66.666664,66.666664,66.666664,33.333332,66.666664,33.333332,66.666664,33.333332,66.666664,33.333332,33.333332,33.333332,33.333332,66.666664,66.666664,66.666664,66.666664,66.666664,66.666664,1.0,0.0,0.0,Hispanic,12th,Male,897.0,60857257
3897,0.0,0.0,33.333332,0.0,0.0,0.0,0.0,0.0,0.0,0.0,0.0,0.0,0.0,0.0,0.0,0.0,0.0,0.0,100.0,0.0,0.0,0.0,0.0,0.0,0.0,0.0,0.0,100.0,0.0,0.0,0.0,0.0,0.0,0.0,0.0,0.0,66.666664,66.666664,0.0,0.0,100.0,100.0,0.0,66.666664,0.0,0.0,1.0,2.0,2.0,Hispanic,11th,Male,899.0,61176331
3900,66.666664,66.666664,100.0,0.0,0.0,0.0,100.0,66.666664,33.333332,66.666664,100.0,66.666664,100.0,100.0,100.0,100.0,100.0,100.0,66.666664,33.333332,66.666664,33.333332,66.666664,66.666664,66.666664,66.666664,0.0,0.0,0.0,0.0,33.333332,33.333332,33.333332,66.666664,100.0,66.666664,33.333332,0.0,66.666664,0.0,100.0,33.333332,100.0,33.333332,33.333332,100.0,0.0,0.0,0.0,Hispanic,10th,Female,899.0,61366010
3902,33.333332,66.666664,100.0,100.0,0.0,100.0,66.666664,66.666664,66.666664,0.0,0.0,0.0,100.0,33.333332,100.0,66.666664,66.666664,0.0,66.666664,66.666664,,100.0,33.333332,66.666664,33.333332,100.0,100.0,66.666664,33.333332,66.666664,100.0,100.0,66.666664,100.0,66.666664,66.666664,100.0,66.666664,0.0,66.666664,66.666664,0.0,0.0,66.666664,0.0,,0.0,0.0,0.0,Hispanic,12th,Male,899.0,61730372
3903,100.0,100.0,66.666664,66.666664,100.0,66.666664,66.666664,33.333332,33.333332,33.333332,100.0,66.666664,100.0,100.0,66.666664,100.0,66.666664,66.666664,66.666664,66.666664,66.666664,66.666664,,33.333332,33.333332,100.0,66.666664,0.0,66.666664,33.333332,66.666664,,0.0,33.333332,33.333332,0.0,0.0,0.0,0.0,0.0,0.0,0.0,0.0,0.0,100.0,0.0,0.0,0.0,0.0,Hispanic,9th,,899.0,61730446
3906,100.0,100.0,100.0,100.0,100.0,100.0,0.0,0.0,0.0,100.0,100.0,100.0,100.0,66.666664,100.0,100.0,100.0,100.0,0.0,0.0,100.0,0.0,0.0,0.0,0.0,0.0,0.0,100.0,100.0,100.0,100.0,100.0,100.0,100.0,100.0,100.0,0.0,0.0,0.0,0.0,0.0,0.0,0.0,0.0,0.0,0.0,0.0,0.0,0.0,White,9th,Male,899.0,61726417
3909,100.0,66.666664,0.0,0.0,33.333332,0.0,100.0,66.666664,66.666664,66.666664,0.0,66.666664,33.333332,0.0,0.0,66.666664,100.0,66.666664,0.0,100.0,33.333332,33.333332,100.0,33.333332,66.666664,33.333332,33.333332,100.0,0.0,66.666664,100.0,100.0,66.666664,66.666664,66.666664,33.333332,66.666664,66.666664,66.666664,33.333332,66.666664,66.666664,0.0,33.333332,33.333332,100.0,1.0,0.0,0.0,Mixed,11th,Male,899.0,61677457
3910,100.0,100.0,100.0,100.0,100.0,100.0,100.0,100.0,100.0,100.0,100.0,100.0,100.0,100.0,100.0,100.0,100.0,100.0,100.0,100.0,100.0,100.0,100.0,100.0,100.0,100.0,100.0,100.0,100.0,,100.0,100.0,100.0,66.666664,100.0,100.0,100.0,0.0,0.0,0.0,0.0,0.0,0.0,100.0,0.0,0.0,0.0,0.0,0.0,Hispanic,9th,Male,899.0,61717791
3911,33.333332,0.0,0.0,33.333332,0.0,33.333332,33.333332,33.333332,100.0,33.333332,33.333332,33.333332,0.0,0.0,0.0,33.333332,33.333332,66.666664,33.333332,0.0,0.0,66.666664,33.333332,33.333332,33.333332,33.333332,33.333332,33.333332,66.666664,33.333332,66.666664,33.333332,66.666664,0.0,33.333332,0.0,33.333332,66.666664,100.0,66.666664,66.666664,33.333332,0.0,33.333332,33.333332,66.666664,0.0,1.0,1.0,White,10th,Male,899.0,61272446
3971,66.666664,66.666664,33.333332,33.333332,66.666664,66.666664,66.666664,66.666664,0.0,33.333332,33.333332,66.666664,66.666664,66.666664,0.0,100.0,33.333332,33.333332,66.666664,66.666664,0.0,0.0,33.333332,0.0,0.0,66.666664,33.333332,33.333332,33.333332,33.333332,66.666664,66.666664,33.333332,66.666664,66.666664,0.0,100.0,66.666664,66.666664,66.666664,33.333332,0.0,66.666664,66.666664,66.666664,33.333332,0.0,1.0,1.0,Asian,9th,,917.0,66101081
3972,,,66.666664,,66.666664,33.333332,,,,33.333332,0.0,0.0,,66.666664,66.666664,,,66.666664,100.0,,,33.333332,,33.333332,,33.333332,,,66.666664,66.666664,100.0,100.0,66.666664,33.333332,,,,,,,,,,,,,0.0,0.0,0.0,Asian,11th,,917.0,67121320
3993,100.0,33.333332,66.666664,100.0,66.666664,,33.333332,33.333332,33.333332,66.666664,33.333332,66.666664,0.0,33.333332,66.666664,33.333332,100.0,0.0,66.666664,0.0,0.0,,0.0,33.333332,66.666664,,33.333332,66.666664,66.666664,,66.666664,,66.666664,,100.0,0.0,33.333332,,66.666664,,,0.0,33.333332,66.666664,,33.333332,0.0,0.0,0.0,,9th,,928.0,67550232
3995,,,,,,0.0,,,,0.0,0.0,0.0,,,,,,,0.0,,,0.0,,,,0.0,,,,0.0,,,0.0,,,,,,,,,,,,,,1.0,2.0,2.0,Mixed,9th,,928.0,68148076
3996,33.333332,66.666664,100.0,66.666664,100.0,66.666664,33.333332,66.666664,66.666664,100.0,100.0,100.0,66.666664,66.666664,33.333332,100.0,100.0,100.0,66.666664,66.666664,66.666664,100.0,100.0,100.0,33.333332,33.333332,33.333332,33.333332,33.333332,33.333332,100.0,66.666664,66.666664,0.0,,33.333332,33.333332,66.666664,66.666664,0.0,66.666664,100.0,33.333332,33.333332,100.0,66.666664,0.0,2.0,1.0,Asian,9th,,928.0,66420893
3997,33.333332,100.0,100.0,100.0,100.0,0.0,100.0,33.333332,0.0,66.666664,66.666664,66.666664,33.333332,100.0,66.666664,100.0,100.0,100.0,100.0,66.666664,66.666664,100.0,33.333332,33.333332,66.666664,33.333332,66.666664,100.0,100.0,100.0,66.666664,100.0,100.0,100.0,100.0,100.0,,,,,,,,,,,0.0,0.0,0.0,Mixed,9th,,928.0,67601861
3998,0.0,0.0,0.0,0.0,33.333332,0.0,0.0,33.333332,0.0,33.333332,33.333332,33.333332,0.0,0.0,0.0,100.0,100.0,100.0,33.333332,0.0,0.0,66.666664,33.333332,33.333332,33.333332,66.666664,33.333332,33.333332,0.0,0.0,0.0,0.0,0.0,0.0,0.0,0.0,100.0,100.0,100.0,100.0,100.0,100.0,100.0,100.0,100.0,100.0,1.0,2.0,2.0,Mixed,9th,,928.0,67071904
4004,66.666664,66.666664,100.0,0.0,66.666664,66.666664,33.333332,66.666664,33.333332,0.0,0.0,0.0,66.666664,66.666664,33.333332,0.0,66.666664,100.0,0.0,100.0,66.666664,66.666664,66.666664,66.666664,66.666664,66.666664,100.0,0.0,66.666664,66.666664,0.0,66.666664,66.666664,66.666664,33.333332,66.666664,100.0,0.0,33.333332,66.666664,66.666664,100.0,66.666664,66.666664,66.666664,33.333332,0.0,1.0,2.0,Hispanic,11th,,928.0,68116077
4034,66.666664,100.0,100.0,33.333332,100.0,66.666664,100.0,0.0,100.0,33.333332,0.0,33.333332,33.333332,33.333332,33.333332,0.0,0.0,33.333332,66.666664,66.666664,100.0,0.0,100.0,100.0,100.0,100.0,100.0,33.333332,33.333332,33.333332,33.333332,33.333332,0.0,33.333332,33.333332,33.333332,100.0,100.0,33.333332,33.333332,66.666664,66.666664,33.333332,66.666664,100.0,33.333332,1.0,1.0,1.0,White,9th,,935.0,67420169
4035,0.0,0.0,0.0,0.0,0.0,0.0,0.0,0.0,0.0,0.0,0.0,0.0,0.0,0.0,0.0,0.0,0.0,0.0,0.0,0.0,0.0,0.0,0.0,0.0,0.0,0.0,0.0,0.0,0.0,0.0,0.0,0.0,0.0,0.0,0.0,0.0,0.0,,100.0,0.0,0.0,66.666664,100.0,0.0,66.666664,0.0,1.0,2.0,2.0,Hispanic,9th,,935.0,67420257
4037,0.0,0.0,0.0,0.0,0.0,100.0,33.333332,0.0,0.0,33.333332,0.0,0.0,100.0,100.0,0.0,100.0,0.0,0.0,0.0,33.333332,0.0,0.0,0.0,0.0,0.0,0.0,0.0,33.333332,0.0,0.0,0.0,0.0,0.0,0.0,100.0,0.0,66.666664,100.0,66.666664,100.0,100.0,100.0,33.333332,66.666664,100.0,66.666664,1.0,2.0,2.0,,11th,,935.0,69278629
4452,33.333332,33.333332,33.333332,33.333332,33.333332,33.333332,33.333332,33.333332,33.333332,0.0,0.0,0.0,33.333332,33.333332,33.333332,33.333332,33.333332,33.333332,33.333332,33.333332,33.333332,33.333332,33.333332,33.333332,33.333332,33.333332,33.333332,33.333332,33.333332,33.333332,33.333332,33.333332,33.333332,33.333332,33.333332,33.333332,33.333332,33.333332,33.333332,33.333332,33.333332,33.333332,33.333332,33.333332,33.333332,33.333332,0.0,0.0,0.0,Asian,12th,Male,1081.0,62112448
4465,,,,,,,,,,100.0,100.0,66.666664,,,,,,,,,,,,,,,,,,,,,,,,,,,,,,,,,,,1.0,0.0,0.0,Mixed,11th,Male,1084.0,61674602
4466,,,,,,,,,,66.666664,66.666664,66.666664,,,,,,,,,,,,,,,,,,,,,,,,,,,,,,,,,,,1.0,2.0,2.0,Mixed,9th,Male,1084.0,61661227
4467,,,,,,,,,,100.0,66.666664,100.0,,,,,,,,,,,,,,,,,,,,,,,,,,,,,,,,,,,0.0,0.0,0.0,Hispanic,9th,Male,1084.0,61665533
4468,0.0,0.0,0.0,0.0,0.0,0.0,0.0,0.0,0.0,0.0,0.0,0.0,0.0,0.0,0.0,0.0,0.0,0.0,0.0,0.0,0.0,0.0,0.0,0.0,0.0,0.0,0.0,0.0,0.0,0.0,0.0,0.0,0.0,0.0,0.0,0.0,100.0,100.0,100.0,100.0,100.0,100.0,100.0,100.0,100.0,100.0,1.0,2.0,2.0,Hispanic,10th,Female,1084.0,61683977
4491,0.0,0.0,0.0,0.0,0.0,0.0,0.0,0.0,0.0,0.0,0.0,0.0,0.0,0.0,0.0,0.0,0.0,0.0,0.0,0.0,0.0,0.0,0.0,0.0,0.0,0.0,0.0,0.0,0.0,0.0,0.0,0.0,0.0,0.0,0.0,0.0,100.0,100.0,100.0,100.0,100.0,100.0,100.0,100.0,100.0,100.0,1.0,0.0,0.0,Asian,10th,Male,1088.0,61872779
4492,,,,,,,,,,,,,,,,,,,,,,,,,,,,,,,,,,,,,,,,,,,,,,,,,,,,,1088.0,61772980
4493,66.666664,66.666664,66.666664,100.0,0.0,33.333332,0.0,0.0,100.0,33.333332,33.333332,0.0,100.0,100.0,100.0,100.0,100.0,100.0,0.0,33.333332,33.333332,100.0,33.333332,33.333332,33.333332,0.0,33.333332,0.0,66.666664,0.0,100.0,100.0,100.0,100.0,100.0,100.0,100.0,100.0,100.0,100.0,100.0,100.0,100.0,100.0,100.0,100.0,0.0,2.0,2.0,White,10th,Male,1088.0,61872685
4494,0.0,33.333332,0.0,0.0,0.0,0.0,33.333332,0.0,33.333332,33.333332,33.333332,33.333332,66.666664,33.333332,33.333332,33.333332,33.333332,33.333332,66.666664,66.666664,66.666664,66.666664,66.666664,66.666664,66.666664,66.666664,33.333332,0.0,0.0,0.0,33.333332,33.333332,0.0,0.0,0.0,0.0,66.666664,33.333332,66.666664,66.666664,66.666664,66.666664,33.333332,66.666664,66.666664,66.666664,1.0,0.0,0.0,White,10th,Female,1088.0,61873683
4531,0.0,0.0,0.0,0.0,0.0,0.0,0.0,0.0,0.0,0.0,0.0,0.0,0.0,0.0,0.0,0.0,0.0,0.0,0.0,0.0,0.0,0.0,0.0,0.0,0.0,0.0,0.0,0.0,0.0,0.0,100.0,100.0,100.0,100.0,100.0,100.0,0.0,0.0,0.0,0.0,0.0,0.0,0.0,0.0,0.0,0.0,0.0,2.0,2.0,Hispanic,9th,Male,1097.0,62141680
4536,66.666664,66.666664,66.666664,66.666664,66.666664,,33.333332,33.333332,33.333332,100.0,66.666664,66.666664,33.333332,0.0,0.0,100.0,66.666664,66.666664,100.0,100.0,100.0,100.0,100.0,100.0,66.666664,33.333332,66.666664,33.333332,33.333332,33.333332,66.666664,33.333332,66.666664,33.333332,33.333332,33.333332,66.666664,100.0,33.333332,33.333332,100.0,100.0,66.666664,66.666664,66.666664,0.0,1.0,0.0,0.0,Hispanic,11th,Female,1097.0,62327247
4538,33.333332,33.333332,33.333332,66.666664,100.0,33.333332,0.0,33.333332,33.333332,100.0,33.333332,33.333332,0.0,0.0,0.0,100.0,100.0,100.0,33.333332,33.333332,66.666664,100.0,66.666664,100.0,66.666664,66.666664,66.666664,33.333332,0.0,33.333332,33.333332,33.333332,33.333332,66.666664,66.666664,33.333332,33.333332,33.333332,33.333332,33.333332,33.333332,33.333332,33.333332,33.333332,33.333332,33.333332,0.0,0.0,0.0,Hispanic,11th,Female,1098.0,62141294
4543,0.0,0.0,0.0,0.0,0.0,0.0,0.0,0.0,0.0,0.0,0.0,0.0,66.666664,66.666664,66.666664,33.333332,66.666664,33.333332,0.0,0.0,0.0,0.0,0.0,0.0,0.0,0.0,0.0,0.0,0.0,0.0,,0.0,0.0,0.0,0.0,0.0,100.0,100.0,100.0,100.0,100.0,100.0,100.0,100.0,100.0,100.0,0.0,2.0,2.0,Hispanic,9th,Male,1098.0,62230864
4545,0.0,33.333332,0.0,0.0,0.0,0.0,0.0,0.0,0.0,33.333332,33.333332,66.666664,33.333332,0.0,33.333332,100.0,0.0,33.333332,0.0,0.0,0.0,0.0,0.0,0.0,0.0,0.0,0.0,0.0,0.0,0.0,0.0,0.0,0.0,0.0,0.0,0.0,100.0,100.0,100.0,100.0,100.0,100.0,100.0,100.0,100.0,100.0,,1.0,2.0,Hispanic,9th,,1098.0,62236740
4546,0.0,33.333332,66.666664,33.333332,33.333332,66.666664,66.666664,33.333332,33.333332,33.333332,0.0,0.0,,,,,,,,,,33.333332,,33.333332,,,,100.0,,,,,33.333332,,,,66.666664,,,,,,,33.333332,66.666664,66.666664,1.0,1.0,1.0,Asian,11th,Male,1098.0,62146676
4549,0.0,33.333332,66.666664,100.0,33.333332,0.0,66.666664,100.0,100.0,66.666664,33.333332,33.333332,33.333332,100.0,66.666664,0.0,33.333332,0.0,66.666664,0.0,33.333332,66.666664,,0.0,0.0,100.0,66.666664,33.333332,0.0,33.333332,0.0,0.0,0.0,0.0,0.0,0.0,33.333332,0.0,,33.333332,0.0,66.666664,0.0,33.333332,66.666664,33.333332,0.0,0.0,0.0,Mixed,9th,Male,1098.0,62236624
4553,100.0,100.0,100.0,100.0,100.0,100.0,100.0,100.0,100.0,100.0,0.0,33.333332,33.333332,33.333332,33.333332,33.333332,33.333332,33.333332,100.0,100.0,100.0,100.0,100.0,100.0,100.0,100.0,100.0,100.0,100.0,100.0,100.0,100.0,100.0,100.0,100.0,100.0,0.0,0.0,0.0,0.0,0.0,0.0,0.0,0.0,0.0,0.0,0.0,0.0,0.0,Hispanic,9th,Male,1099.0,61559320
4554,0.0,0.0,0.0,0.0,0.0,0.0,0.0,0.0,0.0,0.0,0.0,0.0,0.0,0.0,0.0,0.0,0.0,0.0,0.0,0.0,0.0,0.0,0.0,0.0,0.0,0.0,0.0,0.0,0.0,0.0,0.0,0.0,0.0,0.0,0.0,0.0,0.0,0.0,0.0,0.0,0.0,0.0,0.0,0.0,0.0,0.0,0.0,0.0,0.0,Hispanic,9th,Male,1099.0,61572500
4557,100.0,100.0,100.0,100.0,100.0,100.0,100.0,100.0,0.0,0.0,0.0,0.0,100.0,100.0,100.0,100.0,100.0,100.0,0.0,0.0,0.0,0.0,0.0,0.0,0.0,0.0,0.0,0.0,0.0,0.0,33.333332,33.333332,33.333332,33.333332,33.333332,33.333332,0.0,0.0,0.0,0.0,0.0,0.0,0.0,0.0,0.0,0.0,0.0,0.0,0.0,Hispanic,9th,Male,1099.0,61569391
4579,66.666664,33.333332,100.0,33.333332,33.333332,66.666664,66.666664,33.333332,66.666664,100.0,66.666664,33.333332,66.666664,33.333332,66.666664,0.0,66.666664,0.0,33.333332,33.333332,66.666664,0.0,0.0,0.0,33.333332,0.0,66.666664,33.333332,33.333332,0.0,100.0,33.333332,66.666664,0.0,66.666664,100.0,0.0,66.666664,100.0,33.333332,100.0,33.333332,66.666664,33.333332,66.666664,0.0,1.0,1.0,1.0,Hispanic,12th,Female,1101.0,62197058
4584,100.0,66.666664,66.666664,66.666664,66.666664,66.666664,33.333332,33.333332,33.333332,66.666664,66.666664,66.666664,100.0,100.0,66.666664,66.666664,66.666664,66.666664,66.666664,66.666664,66.666664,66.666664,66.666664,66.666664,66.666664,33.333332,33.333332,66.666664,66.666664,66.666664,66.666664,66.666664,66.666664,66.666664,66.666664,66.666664,0.0,33.333332,0.0,0.0,0.0,0.0,0.0,0.0,0.0,0.0,0.0,0.0,0.0,Hispanic,11th,Female,1102.0,62334817
4586,,,,,,,,,,66.666664,66.666664,66.666664,,,,66.666664,,,66.666664,,,,,,,,,,,,,,66.666664,,,,,66.666664,,,,,,,,,0.0,,0.0,Hispanic,10th,Female,1102.0,63260056
4589,33.333332,33.333332,33.333332,33.333332,33.333332,33.333332,33.333332,33.333332,33.333332,33.333332,33.333332,33.333332,0.0,0.0,0.0,0.0,0.0,0.0,33.333332,33.333332,33.333332,33.333332,33.333332,33.333332,33.333332,33.333332,33.333332,33.333332,33.333332,33.333332,33.333332,33.333332,33.333332,33.333332,33.333332,33.333332,33.333332,33.333332,33.333332,33.333332,33.333332,33.333332,33.333332,33.333332,33.333332,33.333332,0.0,0.0,0.0,Hispanic,12th,Female,1102.0,63203577
4592,66.666664,66.666664,66.666664,66.666664,66.666664,66.666664,66.666664,66.666664,66.666664,66.666664,66.666664,66.666664,100.0,100.0,100.0,100.0,100.0,100.0,66.666664,66.666664,66.666664,66.666664,66.666664,66.666664,66.666664,66.666664,66.666664,66.666664,66.666664,66.666664,66.666664,66.666664,66.666664,66.666664,66.666664,66.666664,0.0,0.0,0.0,0.0,0.0,0.0,0.0,0.0,0.0,0.0,0.0,0.0,0.0,White,11th,Female,1102.0,63258619
4594,100.0,100.0,100.0,100.0,100.0,100.0,100.0,100.0,100.0,0.0,0.0,0.0,100.0,100.0,100.0,100.0,100.0,100.0,100.0,100.0,100.0,100.0,100.0,100.0,100.0,100.0,100.0,100.0,100.0,100.0,100.0,100.0,100.0,100.0,100.0,100.0,0.0,0.0,0.0,0.0,0.0,0.0,0.0,0.0,0.0,0.0,0.0,0.0,1.0,Hispanic,11th,Female,1102.0,63241919
4597,66.666664,66.666664,66.666664,66.666664,66.666664,66.666664,66.666664,66.666664,66.666664,66.666664,,66.666664,33.333332,33.333332,33.333332,33.333332,33.333332,33.333332,66.666664,66.666664,66.666664,66.666664,66.666664,66.666664,66.666664,66.666664,66.666664,66.666664,66.666664,66.666664,33.333332,33.333332,33.333332,33.333332,33.333332,,33.333332,33.333332,33.333332,33.333332,33.333332,33.333332,33.333332,33.333332,33.333332,33.333332,1.0,,0.0,Hispanic,12th,Male,1102.0,62150554
4599,66.666664,66.666664,66.666664,33.333332,66.666664,66.666664,66.666664,66.666664,66.666664,33.333332,66.666664,66.666664,,,,,,,66.666664,66.666664,66.666664,66.666664,66.666664,66.666664,66.666664,66.666664,66.666664,,66.666664,66.666664,66.666664,66.666664,66.666664,66.666664,66.666664,66.666664,,,,,,,,,,,1.0,0.0,0.0,Mixed,10th,Female,1102.0,63202126
4600,66.666664,66.666664,66.666664,66.666664,100.0,100.0,100.0,66.666664,66.666664,100.0,100.0,100.0,66.666664,66.666664,66.666664,66.666664,66.666664,66.666664,66.666664,66.666664,66.666664,66.666664,100.0,100.0,66.666664,66.666664,33.333332,33.333332,66.666664,66.666664,33.333332,33.333332,66.666664,33.333332,33.333332,33.333332,33.333332,66.666664,33.333332,33.333332,33.333332,0.0,33.333332,0.0,0.0,33.333332,1.0,0.0,0.0,Mixed,12th,Male,1102.0,63202426
4601,100.0,100.0,100.0,100.0,100.0,100.0,100.0,100.0,100.0,100.0,100.0,100.0,100.0,100.0,100.0,33.333332,100.0,100.0,33.333332,33.333332,100.0,100.0,100.0,100.0,100.0,33.333332,100.0,100.0,100.0,100.0,100.0,100.0,33.333332,33.333332,33.333332,100.0,100.0,33.333332,33.333332,100.0,100.0,33.333332,33.333332,100.0,33.333332,100.0,0.0,0.0,0.0,Hispanic,9th,Female,1102.0,61731130
4603,33.333332,33.333332,33.333332,0.0,66.666664,66.666664,66.666664,33.333332,33.333332,0.0,66.666664,66.666664,100.0,,66.666664,66.666664,33.333332,33.333332,33.333332,33.333332,100.0,33.333332,33.333332,66.666664,33.333332,66.666664,66.666664,33.333332,0.0,0.0,0.0,0.0,0.0,0.0,0.0,0.0,33.333332,33.333332,100.0,100.0,100.0,100.0,100.0,66.666664,66.666664,33.333332,0.0,0.0,0.0,Hispanic,,Female,1102.0,63260270
4605,100.0,0.0,0.0,100.0,100.0,100.0,100.0,100.0,100.0,100.0,33.333332,100.0,100.0,100.0,100.0,100.0,100.0,100.0,100.0,0.0,100.0,100.0,0.0,100.0,100.0,100.0,100.0,100.0,100.0,100.0,100.0,100.0,100.0,100.0,100.0,100.0,100.0,100.0,100.0,100.0,100.0,100.0,100.0,100.0,100.0,100.0,0.0,0.0,0.0,Hispanic,9th,Female,1103.0,62337762
4606,66.666664,66.666664,66.666664,66.666664,66.666664,66.666664,66.666664,66.666664,66.666664,66.666664,66.666664,66.666664,0.0,66.666664,33.333332,33.333332,66.666664,66.666664,66.666664,66.666664,66.666664,66.666664,66.666664,66.666664,66.666664,66.666664,66.666664,66.666664,66.666664,66.666664,33.333332,33.333332,33.333332,33.333332,33.333332,33.333332,0.0,0.0,0.0,0.0,0.0,33.333332,0.0,0.0,0.0,0.0,0.0,0.0,0.0,White,9th,Male,1103.0,62324030
4608,0.0,0.0,0.0,0.0,0.0,0.0,0.0,0.0,0.0,66.666664,66.666664,100.0,0.0,0.0,0.0,0.0,0.0,0.0,0.0,0.0,0.0,0.0,0.0,0.0,0.0,0.0,0.0,0.0,0.0,0.0,0.0,0.0,0.0,0.0,0.0,0.0,100.0,100.0,100.0,100.0,100.0,100.0,100.0,100.0,100.0,100.0,1.0,2.0,,Hispanic,10th,Male,1103.0,62144507
4611,100.0,0.0,0.0,0.0,0.0,0.0,0.0,0.0,0.0,0.0,0.0,0.0,100.0,100.0,100.0,0.0,0.0,0.0,100.0,100.0,0.0,100.0,0.0,0.0,0.0,0.0,0.0,0.0,0.0,0.0,0.0,0.0,0.0,0.0,0.0,0.0,33.333332,0.0,0.0,100.0,100.0,100.0,100.0,100.0,100.0,100.0,0.0,2.0,2.0,Hispanic,12th,Male,1103.0,62270362
4612,33.333332,33.333332,33.333332,33.333332,33.333332,33.333332,33.333332,33.333332,33.333332,66.666664,66.666664,66.666664,,,,,,,33.333332,33.333332,33.333332,33.333332,33.333332,33.333332,33.333332,33.333332,33.333332,33.333332,33.333332,33.333332,33.333332,33.333332,33.333332,33.333332,33.333332,33.333332,33.333332,33.333332,33.333332,33.333332,33.333332,33.333332,33.333332,33.333332,33.333332,33.333332,0.0,0.0,0.0,Hispanic,9th,Female,1103.0,62338059
4613,33.333332,33.333332,33.333332,33.333332,33.333332,66.666664,66.666664,33.333332,0.0,0.0,0.0,0.0,0.0,33.333332,33.333332,0.0,33.333332,66.666664,33.333332,66.666664,0.0,33.333332,33.333332,33.333332,66.666664,33.333332,66.666664,66.666664,33.333332,33.333332,33.333332,66.666664,0.0,33.333332,33.333332,0.0,0.0,33.333332,33.333332,66.666664,0.0,33.333332,0.0,33.333332,33.333332,66.666664,1.0,1.0,1.0,Hispanic,11th,Female,1103.0,61900505
4614,0.0,0.0,0.0,0.0,0.0,0.0,0.0,0.0,0.0,0.0,0.0,0.0,100.0,33.333332,100.0,0.0,100.0,100.0,0.0,0.0,0.0,0.0,0.0,0.0,0.0,0.0,0.0,0.0,0.0,0.0,0.0,0.0,0.0,0.0,0.0,0.0,0.0,0.0,0.0,0.0,0.0,0.0,0.0,0.0,0.0,0.0,1.0,0.0,0.0,Hispanic,9th,Male,1103.0,62327467
4617,66.666664,66.666664,66.666664,66.666664,33.333332,33.333332,66.666664,66.666664,66.666664,66.666664,66.666664,66.666664,66.666664,33.333332,33.333332,66.666664,33.333332,33.333332,66.666664,33.333332,100.0,33.333332,66.666664,66.666664,66.666664,33.333332,66.666664,66.666664,33.333332,33.333332,100.0,66.666664,33.333332,66.666664,100.0,33.333332,0.0,33.333332,33.333332,33.333332,66.666664,66.666664,0.0,0.0,66.666664,0.0,0.0,1.0,0.0,Mixed,11th,Male,1103.0,61880609
4624,100.0,100.0,100.0,100.0,100.0,100.0,100.0,100.0,0.0,66.666664,66.666664,66.666664,100.0,100.0,100.0,100.0,100.0,100.0,0.0,0.0,0.0,0.0,0.0,0.0,33.333332,33.333332,33.333332,33.333332,33.333332,33.333332,66.666664,66.666664,66.666664,66.666664,66.666664,66.666664,66.666664,66.666664,66.666664,66.666664,0.0,0.0,0.0,0.0,0.0,0.0,0.0,0.0,0.0,White,10th,Male,1103.0,63101947
4626,100.0,100.0,100.0,100.0,100.0,100.0,100.0,100.0,66.666664,100.0,100.0,100.0,100.0,100.0,100.0,100.0,100.0,66.666664,100.0,100.0,100.0,100.0,100.0,100.0,66.666664,66.666664,100.0,33.333332,66.666664,66.666664,100.0,100.0,100.0,100.0,100.0,100.0,33.333332,100.0,100.0,100.0,66.666664,100.0,33.333332,0.0,66.666664,33.333332,,0.0,0.0,White,8th,Male,1104.0,61668666
4630,0.0,0.0,0.0,0.0,0.0,0.0,0.0,0.0,0.0,0.0,0.0,0.0,0.0,0.0,0.0,0.0,0.0,0.0,0.0,0.0,0.0,0.0,0.0,0.0,0.0,0.0,0.0,0.0,0.0,0.0,0.0,0.0,0.0,0.0,0.0,0.0,0.0,0.0,0.0,0.0,0.0,0.0,0.0,0.0,0.0,0.0,,2.0,2.0,Hispanic,8th,Male,1104.0,61663743
4631,66.666664,66.666664,66.666664,66.666664,66.666664,66.666664,66.666664,66.666664,66.666664,0.0,0.0,0.0,33.333332,33.333332,33.333332,33.333332,33.333332,33.333332,66.666664,66.666664,66.666664,66.666664,66.666664,66.666664,66.666664,33.333332,0.0,33.333332,33.333332,33.333332,66.666664,66.666664,66.666664,66.666664,66.666664,66.666664,33.333332,33.333332,33.333332,33.333332,33.333332,33.333332,33.333332,33.333332,33.333332,33.333332,,0.0,0.0,Hispanic,8th,Male,1105.0,63170212
4634,0.0,33.333332,33.333332,33.333332,33.333332,33.333332,33.333332,33.333332,33.333332,33.333332,66.666664,66.666664,,,,,,,33.333332,33.333332,33.333332,33.333332,33.333332,33.333332,33.333332,33.333332,33.333332,33.333332,33.333332,33.333332,33.333332,33.333332,33.333332,33.333332,33.333332,33.333332,33.333332,33.333332,,33.333332,33.333332,33.333332,33.333332,33.333332,,,,1.0,1.0,Hispanic,8th,Male,1105.0,63261947
4636,33.333332,66.666664,66.666664,33.333332,33.333332,0.0,0.0,33.333332,33.333332,33.333332,66.666664,66.666664,66.666664,33.333332,33.333332,100.0,66.666664,33.333332,66.666664,66.666664,66.666664,66.666664,66.666664,66.666664,66.666664,33.333332,33.333332,0.0,33.333332,33.333332,33.333332,33.333332,33.333332,0.0,33.333332,0.0,66.666664,33.333332,100.0,100.0,66.666664,33.333332,33.333332,33.333332,66.666664,66.666664,,1.0,1.0,White,8th,,1106.0,62099161
4639,100.0,100.0,100.0,100.0,100.0,100.0,100.0,33.333332,0.0,66.666664,66.666664,66.666664,100.0,100.0,100.0,100.0,100.0,100.0,66.666664,66.666664,66.666664,66.666664,100.0,100.0,66.666664,66.666664,66.666664,66.666664,66.666664,66.666664,100.0,100.0,100.0,100.0,100.0,100.0,0.0,0.0,0.0,0.0,0.0,0.0,0.0,0.0,0.0,0.0,,0.0,0.0,White,8th,Male,1106.0,62099645
4641,100.0,100.0,100.0,100.0,100.0,100.0,100.0,100.0,66.666664,66.666664,33.333332,100.0,100.0,100.0,100.0,66.666664,66.666664,66.666664,100.0,100.0,100.0,100.0,100.0,100.0,33.333332,33.333332,66.666664,100.0,100.0,100.0,100.0,100.0,100.0,100.0,,100.0,0.0,100.0,0.0,0.0,0.0,66.666664,0.0,0.0,0.0,0.0,,2.0,0.0,White,8th,Male,1106.0,62105713
4643,66.666664,33.333332,66.666664,66.666664,100.0,66.666664,33.333332,33.333332,33.333332,100.0,66.666664,33.333332,,,,,,,66.666664,66.666664,100.0,66.666664,33.333332,33.333332,66.666664,100.0,0.0,33.333332,33.333332,33.333332,33.333332,33.333332,33.333332,100.0,66.666664,100.0,66.666664,66.666664,33.333332,33.333332,66.666664,66.666664,,33.333332,66.666664,0.0,,0.0,0.0,Hispanic,7th,Female,1107.0,62115349
4644,0.0,0.0,0.0,0.0,0.0,0.0,0.0,0.0,0.0,,,,0.0,0.0,0.0,0.0,0.0,0.0,0.0,0.0,0.0,0.0,0.0,0.0,0.0,0.0,0.0,0.0,0.0,0.0,,,,,,,0.0,0.0,0.0,0.0,0.0,0.0,0.0,0.0,0.0,0.0,,0.0,0.0,Hispanic,7th,Female,1107.0,63253766
4646,0.0,0.0,0.0,0.0,0.0,0.0,0.0,0.0,0.0,0.0,0.0,0.0,0.0,0.0,0.0,0.0,0.0,0.0,0.0,0.0,0.0,0.0,0.0,0.0,0.0,0.0,0.0,0.0,0.0,0.0,0.0,0.0,0.0,0.0,0.0,0.0,0.0,0.0,0.0,0.0,0.0,,0.0,0.0,0.0,0.0,,0.0,0.0,Hispanic,8th,Male,1107.0,63176963
4649,100.0,100.0,100.0,0.0,100.0,100.0,33.333332,0.0,33.333332,100.0,100.0,100.0,0.0,0.0,0.0,0.0,0.0,0.0,0.0,0.0,66.666664,0.0,0.0,33.333332,0.0,0.0,0.0,0.0,0.0,0.0,100.0,100.0,100.0,0.0,0.0,0.0,33.333332,0.0,100.0,100.0,100.0,100.0,100.0,100.0,100.0,100.0,,0.0,0.0,White,8th,Male,1107.0,63176535
4651,66.666664,66.666664,66.666664,66.666664,66.666664,66.666664,66.666664,66.666664,33.333332,66.666664,66.666664,66.666664,66.666664,66.666664,66.666664,66.666664,66.666664,66.666664,66.666664,66.666664,100.0,66.666664,66.666664,66.666664,66.666664,33.333332,66.666664,66.666664,66.666664,66.666664,66.666664,66.666664,66.666664,66.666664,66.666664,66.666664,0.0,66.666664,0.0,0.0,0.0,0.0,0.0,0.0,0.0,0.0,,0.0,0.0,Hispanic,7th,Male,1107.0,62100714
4735,66.666664,33.333332,0.0,0.0,0.0,0.0,0.0,33.333332,33.333332,66.666664,33.333332,33.333332,100.0,66.666664,66.666664,33.333332,66.666664,33.333332,66.666664,66.666664,33.333332,100.0,66.666664,100.0,66.666664,33.333332,33.333332,0.0,0.0,0.0,100.0,100.0,33.333332,0.0,0.0,0.0,100.0,100.0,100.0,100.0,100.0,100.0,100.0,100.0,100.0,100.0,,0.0,0.0,Asian,7th,Female,1123.0,65260292
4855,0.0,66.666664,66.666664,0.0,0.0,33.333332,33.333332,33.333332,66.666664,33.333332,33.333332,33.333332,0.0,0.0,0.0,100.0,100.0,100.0,100.0,66.666664,66.666664,66.666664,100.0,100.0,100.0,66.666664,33.333332,33.333332,0.0,33.333332,33.333332,33.333332,66.666664,0.0,0.0,0.0,100.0,100.0,100.0,66.666664,100.0,66.666664,100.0,100.0,66.666664,100.0,1.0,2.0,2.0,Mixed,10th,,1160.0,65757223
4857,0.0,0.0,0.0,0.0,0.0,66.666664,0.0,66.666664,33.333332,33.333332,66.666664,33.333332,33.333332,33.333332,33.333332,100.0,33.333332,33.333332,66.666664,66.666664,66.666664,100.0,100.0,66.666664,100.0,66.666664,66.666664,0.0,0.0,0.0,33.333332,33.333332,33.333332,0.0,0.0,0.0,33.333332,100.0,100.0,100.0,100.0,100.0,100.0,100.0,100.0,100.0,1.0,1.0,2.0,White,9th,Female,1160.0,65798143
4861,0.0,0.0,66.666664,0.0,33.333332,0.0,33.333332,66.666664,33.333332,0.0,0.0,0.0,0.0,0.0,0.0,0.0,0.0,0.0,0.0,0.0,66.666664,66.666664,100.0,0.0,0.0,33.333332,33.333332,100.0,0.0,0.0,0.0,33.333332,33.333332,33.333332,0.0,0.0,100.0,100.0,100.0,100.0,100.0,66.666664,66.666664,100.0,66.666664,66.666664,1.0,2.0,2.0,Hispanic,,Female,1160.0,65803823
4863,100.0,100.0,33.333332,100.0,33.333332,66.666664,100.0,100.0,100.0,66.666664,100.0,100.0,33.333332,33.333332,33.333332,66.666664,66.666664,33.333332,66.666664,66.666664,66.666664,100.0,100.0,100.0,66.666664,66.666664,66.666664,66.666664,66.666664,33.333332,66.666664,33.333332,66.666664,66.666664,33.333332,66.666664,100.0,33.333332,33.333332,66.666664,66.666664,66.666664,66.666664,33.333332,33.333332,0.0,0.0,2.0,1.0,White,10th,Female,1160.0,65740780
4864,66.666664,66.666664,100.0,100.0,66.666664,33.333332,0.0,66.666664,33.333332,100.0,66.666664,100.0,100.0,100.0,100.0,100.0,100.0,66.666664,100.0,66.666664,100.0,100.0,33.333332,100.0,100.0,66.666664,66.666664,100.0,66.666664,0.0,100.0,100.0,100.0,33.333332,33.333332,33.333332,100.0,33.333332,33.333332,66.666664,0.0,66.666664,33.333332,0.0,0.0,0.0,0.0,0.0,0.0,Hispanic,11th,Male,1160.0,65743446
4952,0.0,33.333332,66.666664,0.0,0.0,0.0,0.0,0.0,66.666664,66.666664,0.0,66.666664,33.333332,0.0,0.0,100.0,33.333332,66.666664,100.0,0.0,66.666664,33.333332,66.666664,66.666664,33.333332,100.0,33.333332,0.0,0.0,0.0,0.0,0.0,0.0,0.0,0.0,0.0,100.0,100.0,100.0,100.0,100.0,100.0,100.0,100.0,100.0,100.0,1.0,1.0,1.0,Hispanic,9th,Female,1189.0,62518612
4956,33.333332,33.333332,33.333332,66.666664,33.333332,0.0,0.0,0.0,0.0,0.0,100.0,33.333332,33.333332,0.0,33.333332,100.0,100.0,100.0,66.666664,33.333332,33.333332,100.0,100.0,100.0,0.0,66.666664,0.0,33.333332,66.666664,66.666664,100.0,100.0,100.0,0.0,0.0,33.333332,100.0,100.0,100.0,100.0,100.0,100.0,100.0,100.0,100.0,100.0,1.0,1.0,1.0,White,11th,Male,1189.0,62516478
4960,66.666664,100.0,100.0,100.0,100.0,100.0,33.333332,66.666664,0.0,66.666664,100.0,100.0,33.333332,66.666664,33.333332,100.0,100.0,100.0,100.0,100.0,33.333332,100.0,100.0,100.0,100.0,100.0,33.333332,100.0,100.0,100.0,100.0,100.0,100.0,100.0,100.0,100.0,100.0,100.0,100.0,100.0,100.0,100.0,100.0,33.333332,100.0,100.0,,0.0,0.0,White,11th,Female,1191.0,62441804
4964,66.666664,100.0,66.666664,66.666664,33.333332,33.333332,33.333332,33.333332,0.0,66.666664,100.0,100.0,66.666664,100.0,66.666664,100.0,100.0,100.0,66.666664,66.666664,33.333332,66.666664,66.666664,33.333332,33.333332,0.0,33.333332,66.666664,66.666664,66.666664,66.666664,33.333332,66.666664,66.666664,66.666664,66.666664,0.0,33.333332,33.333332,33.333332,66.666664,100.0,0.0,33.333332,100.0,0.0,0.0,0.0,0.0,White,11th,Female,1191.0,62423132
4968,33.333332,66.666664,66.666664,100.0,100.0,66.666664,33.333332,66.666664,33.333332,100.0,100.0,66.666664,66.666664,33.333332,33.333332,66.666664,66.666664,66.666664,66.666664,33.333332,0.0,100.0,66.666664,100.0,66.666664,33.333332,33.333332,66.666664,33.333332,0.0,66.666664,66.666664,66.666664,33.333332,33.333332,0.0,33.333332,100.0,33.333332,33.333332,33.333332,66.666664,0.0,33.333332,66.666664,0.0,,0.0,1.0,White,7th,Female,1192.0,62418330
5247,33.333332,33.333332,33.333332,33.333332,33.333332,33.333332,33.333332,33.333332,33.333332,33.333332,33.333332,33.333332,33.333332,33.333332,33.333332,33.333332,33.333332,33.333332,33.333332,33.333332,33.333332,33.333332,33.333332,33.333332,33.333332,33.333332,33.333332,33.333332,33.333332,33.333332,33.333332,33.333332,33.333332,33.333332,33.333332,33.333332,33.333332,33.333332,33.333332,33.333332,33.333332,33.333332,33.333332,33.333332,33.333332,33.333332,0.0,0.0,0.0,Hispanic,12th,Female,1281.0,65289698
5249,,,,,,,,,,,,,,,,,,,,,,,,,,,,,,,,,,,,,,,,,,,,,,,1.0,,,Pacific Islander,,Male,1282.0,64534683
5251,100.0,100.0,66.666664,100.0,100.0,100.0,100.0,33.333332,100.0,66.666664,66.666664,100.0,100.0,100.0,100.0,100.0,100.0,100.0,100.0,100.0,100.0,100.0,100.0,100.0,0.0,100.0,0.0,0.0,66.666664,66.666664,66.666664,66.666664,66.666664,0.0,66.666664,66.666664,0.0,0.0,0.0,0.0,33.333332,0.0,0.0,0.0,0.0,100.0,0.0,0.0,0.0,Asian,11th,Male,1282.0,64534263
5252,,,,,,,,,,33.333332,0.0,0.0,,,,,,,,,,,,,,,,,,,,,,,,,,,,,,,,,,,1.0,2.0,2.0,Mixed,9th,Male,1282.0,64534551
5253,33.333332,66.666664,66.666664,33.333332,66.666664,66.666664,33.333332,33.333332,66.666664,33.333332,33.333332,33.333332,33.333332,66.666664,33.333332,66.666664,66.666664,100.0,66.666664,33.333332,66.666664,66.666664,66.666664,33.333332,33.333332,66.666664,100.0,100.0,33.333332,66.666664,66.666664,66.666664,100.0,100.0,66.666664,66.666664,66.666664,66.666664,66.666664,33.333332,100.0,66.666664,66.666664,66.666664,66.666664,100.0,0.0,2.0,2.0,White,9th,Male,1282.0,64534258
5255,100.0,100.0,100.0,100.0,100.0,100.0,0.0,0.0,0.0,33.333332,33.333332,33.333332,66.666664,66.666664,66.666664,66.666664,66.666664,66.666664,0.0,0.0,0.0,0.0,0.0,,0.0,0.0,0.0,0.0,0.0,0.0,0.0,0.0,0.0,0.0,0.0,0.0,0.0,100.0,100.0,100.0,100.0,100.0,100.0,100.0,100.0,100.0,0.0,0.0,2.0,Hispanic,11th,Female,1283.0,64090722
5256,66.666664,66.666664,66.666664,66.666664,66.666664,66.666664,66.666664,66.666664,66.666664,66.666664,66.666664,66.666664,66.666664,66.666664,66.666664,66.666664,66.666664,66.666664,66.666664,66.666664,66.666664,66.666664,66.666664,66.666664,66.666664,66.666664,66.666664,66.666664,66.666664,66.666664,66.666664,66.666664,66.666664,66.666664,66.666664,66.666664,66.666664,66.666664,66.666664,66.666664,66.666664,66.666664,66.666664,66.666664,66.666664,66.666664,1.0,0.0,0.0,Hispanic,11th,Male,1283.0,63950279
5258,0.0,0.0,0.0,0.0,0.0,0.0,0.0,0.0,0.0,66.666664,66.666664,66.666664,0.0,0.0,0.0,0.0,33.333332,0.0,0.0,0.0,0.0,0.0,0.0,0.0,0.0,0.0,0.0,0.0,0.0,0.0,0.0,0.0,0.0,0.0,0.0,0.0,0.0,0.0,0.0,0.0,0.0,0.0,0.0,0.0,0.0,0.0,0.0,0.0,0.0,Hispanic,9th,Female,1283.0,64370502
5260,0.0,33.333332,66.666664,100.0,33.333332,0.0,66.666664,,66.666664,0.0,0.0,0.0,0.0,0.0,0.0,0.0,0.0,0.0,66.666664,66.666664,66.666664,66.666664,66.666664,66.666664,33.333332,66.666664,0.0,33.333332,100.0,66.666664,0.0,33.333332,66.666664,100.0,66.666664,33.333332,0.0,33.333332,66.666664,100.0,66.666664,33.333332,0.0,33.333332,66.666664,100.0,0.0,0.0,0.0,Hispanic,11th,Male,1283.0,64095953
5261,,,,,,,,,,33.333332,33.333332,66.666664,,,,,,,,,,,,,,,,,,,,,,,,,,,,,,,,,,,1.0,0.0,0.0,Hispanic,11th,Male,1283.0,64099780
5269,,,,,,,,,,33.333332,33.333332,33.333332,,,,,,,,,,,,,,,,,,,,,,,,,,,,,,,,,,,1.0,0.0,0.0,Hispanic,10th,Female,1285.0,64364885
5272,,,,,,,,,,100.0,100.0,100.0,,,,,,,,,,,,,,,,,,,,,,,,,,,,,,,,,,,0.0,0.0,0.0,Hispanic,9th,Male,1285.0,64317447
5274,,,,,,,,,,33.333332,33.333332,33.333332,,,,,,,,,,,,,,,,,,,,,,,,,,,,,,,,,,,0.0,0.0,0.0,Hispanic,11th,Male,1285.0,64185141
5276,33.333332,33.333332,33.333332,0.0,100.0,33.333332,0.0,66.666664,0.0,33.333332,33.333332,0.0,33.333332,33.333332,33.333332,33.333332,33.333332,33.333332,33.333332,33.333332,33.333332,33.333332,33.333332,33.333332,33.333332,33.333332,0.0,0.0,0.0,0.0,0.0,0.0,0.0,0.0,0.0,0.0,33.333332,66.666664,66.666664,33.333332,100.0,33.333332,33.333332,100.0,33.333332,66.666664,1.0,0.0,0.0,Pacific Islander,,Female,1285.0,64321020
5279,,,,,,,,,,,,,,,,,,,,,,,,,,,,,,,,,,,,,,,,,,,,,,,0.0,,,White,11th,Male,1285.0,64543043
5280,,,,,,,,,,33.333332,100.0,66.666664,,,,,,,,,,,,,,,,,,,,,,,,,,,,,,,,,,,1.0,1.0,1.0,Hispanic,9th,Male,1285.0,64437044
5281,100.0,100.0,100.0,100.0,100.0,100.0,100.0,100.0,100.0,66.666664,66.666664,66.666664,100.0,33.333332,66.666664,66.666664,66.666664,100.0,100.0,100.0,100.0,100.0,100.0,100.0,66.666664,66.666664,66.666664,66.666664,100.0,66.666664,100.0,66.666664,100.0,66.666664,100.0,66.666664,33.333332,33.333332,33.333332,33.333332,33.333332,33.333332,33.333332,33.333332,33.333332,33.333332,1.0,0.0,0.0,Native American,9th,Male,1286.0,64132471
5282,,,,,,,,,,66.666664,66.666664,66.666664,,,,,,,,,,,,,,,,,,,,,,,,,,,,,,,,,,,0.0,0.0,0.0,Hispanic,9th,Female,1286.0,64188164
5283,,100.0,100.0,100.0,66.666664,66.666664,100.0,100.0,33.333332,,,0.0,0.0,100.0,66.666664,66.666664,66.666664,0.0,0.0,33.333332,33.333332,33.333332,33.333332,33.333332,66.666664,66.666664,66.666664,66.666664,66.666664,66.666664,100.0,33.333332,100.0,33.333332,100.0,33.333332,0.0,0.0,0.0,0.0,0.0,0.0,0.0,0.0,0.0,0.0,0.0,1.0,1.0,Hispanic,12th,Male,1286.0,64934954
5284,66.666664,66.666664,66.666664,66.666664,66.666664,66.666664,66.666664,66.666664,33.333332,33.333332,33.333332,33.333332,66.666664,66.666664,66.666664,66.666664,66.666664,66.666664,33.333332,33.333332,33.333332,33.333332,33.333332,33.333332,33.333332,33.333332,33.333332,33.333332,33.333332,33.333332,33.333332,33.333332,33.333332,33.333332,33.333332,33.333332,100.0,100.0,100.0,100.0,100.0,,100.0,100.0,100.0,100.0,1.0,2.0,2.0,Hispanic,11th,Male,1287.0,64358462
5291,,,,,,,,,,33.333332,33.333332,33.333332,,,,,,,,,,,,,,,,,,,,,,,,,,,,,,,,,,,1.0,0.0,0.0,Hispanic,11th,Male,1287.0,64532544
5295,66.666664,66.666664,66.666664,66.666664,66.666664,66.666664,66.666664,66.666664,66.666664,66.666664,66.666664,66.666664,66.666664,66.666664,66.666664,66.666664,66.666664,66.666664,66.666664,66.666664,66.666664,66.666664,66.666664,66.666664,66.666664,66.666664,66.666664,66.666664,66.666664,66.666664,100.0,66.666664,100.0,66.666664,100.0,66.666664,33.333332,0.0,0.0,0.0,0.0,0.0,0.0,0.0,0.0,0.0,0.0,0.0,0.0,Hispanic,9th,Female,1288.0,64578543
5298,66.666664,66.666664,66.666664,66.666664,66.666664,66.666664,0.0,0.0,33.333332,33.333332,33.333332,33.333332,33.333332,33.333332,33.333332,100.0,100.0,100.0,66.666664,33.333332,100.0,33.333332,66.666664,33.333332,66.666664,66.666664,66.666664,33.333332,33.333332,33.333332,66.666664,66.666664,66.666664,33.333332,33.333332,66.666664,33.333332,66.666664,33.333332,33.333332,33.333332,33.333332,33.333332,33.333332,33.333332,66.666664,1.0,0.0,1.0,Hispanic,9th,Female,1288.0,64570900
5391,,,,,,,,,,100.0,100.0,100.0,,,,,,,,,,,,,,,,,,,,,,,,,,,,,,,,,,,0.0,0.0,0.0,Hispanic,9th,Male,1317.0,65473796
5393,66.666664,66.666664,66.666664,66.666664,66.666664,66.666664,66.666664,33.333332,66.666664,33.333332,66.666664,,66.666664,66.666664,66.666664,66.666664,66.666664,66.666664,33.333332,66.666664,100.0,66.666664,66.666664,66.666664,66.666664,33.333332,66.666664,33.333332,66.666664,66.666664,66.666664,66.666664,66.666664,66.666664,66.666664,66.666664,66.666664,66.666664,66.666664,66.666664,66.666664,66.666664,66.666664,33.333332,33.333332,66.666664,0.0,0.0,0.0,Hispanic,9th,Male,1317.0,65493151
5395,0.0,66.666664,66.666664,66.666664,33.333332,66.666664,33.333332,66.666664,66.666664,100.0,100.0,100.0,0.0,66.666664,100.0,100.0,100.0,100.0,33.333332,0.0,66.666664,66.666664,66.666664,33.333332,66.666664,100.0,100.0,0.0,100.0,100.0,66.666664,66.666664,66.666664,100.0,66.666664,0.0,66.666664,66.666664,,0.0,66.666664,100.0,0.0,0.0,100.0,66.666664,0.0,0.0,0.0,Hispanic,11th,Female,1317.0,65535808
