id,survey_area_ha,gauge_elevation_m,max_elevation_m,reference,group,role,gauge_start,lat,lon,history_page,treatment,disturbance,notes,name,gis_area_ha,source,dem_file
1,95.9,439,1027,2,1–2–3,Treatment,1952,44.207339,-122.258027,3,"Complete clearcut, 1962–1966; skyline yarding without roads. Broadcast burned October 1966; seeded 1967–1968 and planted 1969/1971.","Holiday Farm Fire, 2020: whole watershed burned, mainly low to moderate severity.",The web summary says burned 1967; the detailed history says October 1966. The detailed history also has a short 1963–1965 entry; its full narrative gives 1962–1966.,Watershed 1,97.23003886,https://andrewsforest.oregonstate.edu/sites/default/files/2026-02/HJA_HF004_GAGE_WS_DESCRIPTIONS_INSTRUMENTATION.pdf#page=3,1-dem-2008-1m.tif
2,60.3,545,1079,,1–2–3,Reference,1952,44.212015,-122.244876,5,Unharvested experimental reference for WS1 and WS3.,"Holiday Farm Fire, 2020: upper watershed burned at low to moderate severity; current web summary gives approximately 50% burned.",Reference denotes the assigned harvest treatment. The detailed history separately reports a GIS harvest estimate of 2.1%; do not substitute this for treatment assignment.,Watershed 2,60.97005954,https://andrewsforest.oregonstate.edu/sites/default/files/2026-02/HJA_HF004_GAGE_WS_DESCRIPTIONS_INSTRUMENTATION.pdf#page=5,2-dem-2008-1m.tif
3,101.1,471,1080,2,1–2–3,Treatment,1952,44.21944,-122.243,7,Roads built in 1959 (6% of area); 25% patch clearcut in winter 1962–1963; slash burned September 1963; planted 1964.,Debris flows in December 1964 and February 1996 destroyed the gauge. Recent wildfire extent is not quantified here.,Gauge elevation is 471 m in the detailed history and 476 m in the web table. Interrupted or estimated discharge periods follow the debris flows.,Watershed 3,96.86911447,https://andrewsforest.oregonstate.edu/sites/default/files/2026-02/HJA_HF004_GAGE_WS_DESCRIPTIONS_INSTRUMENTATION.pdf#page=7,3-dem-2008-1m.tif
6,13,878,1029,8,6–7–8,Treatment,1963,44.261508,-122.180707,9,Complete clearcut in 1974; roaded area reported as 9%. Broadcast burned spring 1975; planted 1976.,Recent wildfire extent is not quantified in the sources used for this summary.,Historical low-flow leakage is documented; review instrument and rating history before analyzing discharge.,Watershed 6,12.54995418,https://andrewsforest.oregonstate.edu/sites/default/files/2026-02/HJA_HF004_GAGE_WS_DESCRIPTIONS_INSTRUMENTATION.pdf#page=9,6-dem-2008-1m.tif
7,15.4,918,1102,8,6–7–8,Treatment,1963–1987; resumed 1995,44.264637,-122.175265,11,Shelterwood cut in 1974 removed about 60% of basal area. Burned below the road in 1975; planted 1976. Remaining overstory removed 1984; young stand thinned in 2001.,Recent wildfire extent is not quantified in the sources used for this summary.,"60% refers to basal area removed, not 60% of catchment area clearcut. The web table calls the 2001 event a 12% noncommercial thin; the detailed narrative describes thinning to about 220 trees/acre.",Watershed 7,14.53630341,https://andrewsforest.oregonstate.edu/sites/default/files/2026-02/HJA_HF004_GAGE_WS_DESCRIPTIONS_INSTRUMENTATION.pdf#page=11,7-dem-2008-1m.tif
8,21.4,962,1182,,6–7–8,Reference,1963,44.26629426,-122.170793,13,Unharvested experimental reference for WS6 and WS7.,Recent wildfire extent is not quantified in the sources used for this summary.,The reference designation does not establish absence of later disturbance.,Watershed 8,21.26899412,https://andrewsforest.oregonstate.edu/sites/default/files/2026-02/HJA_HF004_GAGE_WS_DESCRIPTIONS_INSTRUMENTATION.pdf#page=13,8-dem-2008-1m.tif
9,8.5,426,731,,9–10,Reference,1968,44.20119,-122.258801,14,"Unharvested experimental reference for WS10; drains directly toward Blue River Reservoir, outside Lookout Creek.","Holiday Farm Fire, 2020: watershed burned at mixed severity.",Use 8.5 ha from the HF004 detailed gauge history. Some older catalog prose gives 21.2 ha; that conflicts with the gauge history and current infrastructure table.,Watershed 9,7.9110403,https://andrewsforest.oregonstate.edu/sites/default/files/2026-02/HJA_HF004_GAGE_WS_DESCRIPTIONS_INSTRUMENTATION.pdf#page=14,9-dem-2008-1m.tif
10,10.2,461,679,9,9–10,Treatment,1968,44.217057,-122.261056,16,Complete clearcut in 1975 with skyline yarding. Slash removed to a landing; no burning within the watershed. Planted in 1976.,A February 1986 debris flow destroyed the gauge. Recent wildfire extent is not quantified here.,Use 10.2 ha from the HF004 detailed gauge history. Some older catalog prose gives 25.3 ha. Individual papers may use a different comparison basin; check each analysis.,Watershed 10,10.11836816,https://andrewsforest.oregonstate.edu/sites/default/files/2026-02/HJA_HF004_GAGE_WS_DESCRIPTIONS_INSTRUMENTATION.pdf#page=16,10-dem-2008-1m.tif
Mack,581,758,1626,,Larger basins,Context,1979,44.219325,-122.16735,17,Predominantly old growth; 12.9% harvested in 1962 in upper-basin clearcut/salvage units near the ridge road.,"Lookout Fire, 2023: whole watershed burned at mixed severity.","Not a wholly unharvested control. Detailed gauge history gives 581 ha; infrastructure table rounds to 580 ha. Navigation elsewhere labels 1,436 ha; that is inconsistent with this gauged-basin definition.",Mack Creek,574.70987493,https://andrewsforest.oregonstate.edu/sites/default/files/2026-02/HJA_HF004_GAGE_WS_DESCRIPTIONS_INSTRUMENTATION.pdf#page=17,
Lookout,6242,422,1627,,Larger basins,Context,1949,44.210126,-122.257146,18,Landscape basin with approximately 25% harvested and an extensive road network; web table lists harvest 1952–1985 and roads on 10% of area.,"Holiday Farm (2020) and Lookout (2023) fires together affected about 70% of the basin, at mixed severity.","USGS 14161500. Harvest dates vary among summaries (1950–1990 in the detailed treatment entry). This is a nested landscape integrator, not an independent treatment replicate.",Lookout Creek,6245.45949178,https://andrewsforest.oregonstate.edu/sites/default/files/2026-02/HJA_HF004_GAGE_WS_DESCRIPTIONS_INSTRUMENTATION.pdf#page=18,
